application_id,submitted_date,channel,broker_id,state,postcode,entity_type,abn,abn_age_months,industry,credit_score,asset_category,fuel_type,condition,asset_age_years,asset_price,term_months,asset_year,asset_description,loan_amount,balloon_amount,interest_rate
APP-020001,2026-06-21,Dealer,BRK-002,ACT,2900,Company,25435469577,247,Professional services,661,Ute / van,Diesel,New,0,70900.0,36,2026,2026 Toyota HiAce,65700.0,0.0,0.0731
APP-020002,2026-06-21,Broker,BRK-011,NSW,2141,Company,26744145527,23,Admin & support services,368,Car / SUV,Electric,New,0,71000.0,48,2026,2026 BYD Atto 3,69900.0,22800.0,0.1113
APP-020003,2026-06-21,Dealer,BRK-018,SA,5103,Sole trader,15710331077,94,Manufacturing,727,Ute / van,Diesel,New,0,71100.0,36,2026,2026 Toyota HiLux SR5,68200.0,0.0,0.0709
APP-020004,2026-06-21,Broker,BRK-053,SA,5390,Sole trader,51465162810,51,Retail trade,718,Ute / van,Diesel,Used,4,27800.0,48,2022,2022 Ford Transit Custom,28700.0,0.0,0.0945
APP-020005,2026-06-21,Broker,BRK-149,WA,6156,Sole trader,27549715254,27,Manufacturing,1064,Car / SUV,Electric,New,0,56700.0,36,2026,2026 BYD Atto 3,57500.0,0.0,0.069
APP-020006,2026-06-21,Broker,BRK-010,NSW,2374,Sole trader,61927523809,115,Manufacturing,925,Car / SUV,Petrol,Used,5,32000.0,36,2021,2021 Hyundai Tucson,32600.0,4100.0,0.069
APP-020007,2026-06-21,Broker,BRK-044,QLD,4323,Trust,93940437211,11,Retail trade,677,Other equipment,LPG,Used,2,12500.0,36,2024,2024 Toyota 8FG25 forklift,12100.0,800.0,0.1006
APP-020008,2026-06-21,Broker,BRK-043,VIC,3703,Company,73280841955,38,Transport & logistics,748,Truck,Diesel,Used,8,52700.0,84,2018,2018 Fuso Canter,50700.0,5900.0,0.0806
APP-020009,2026-06-21,Dealer,BRK-003,VIC,3988,Sole trader,81260841800,175,Transport & logistics,623,Truck,Diesel,Used,7,98700.0,60,2019,2019 Kenworth T610,95100.0,0.0,0.0846
APP-020010,2026-06-21,Broker,BRK-038,NSW,2561,Company,93844171448,87,Manufacturing,641,Other equipment,None,Used,5,19500.0,60,2021,2021 Commercial kitchen fit-out,18900.0,1600.0,0.102
APP-020011,2026-06-21,Dealer,BRK-098,TAS,7228,Company,98015099895,65,Manufacturing,389,Truck,Diesel,Used,2,270400.0,72,2024,2024 Volvo FH,272500.0,0.0,0.1025
APP-020012,2026-06-21,Broker,BRK-025,NSW,2755,Sole trader,27252032116,36,Other services,818,Car / SUV,Hybrid,Used,7,15700.0,36,2019,2019 Toyota RAV4 Hybrid,14500.0,6000.0,0.0791
APP-020013,2026-06-21,Broker,BRK-017,WA,6668,Trust,26491334483,305,Health care,649,Car / SUV,Hybrid,New,0,36900.0,48,2026,2026 Toyota RAV4 Hybrid,36200.0,11400.0,0.0744
APP-020014,2026-06-21,Broker,BRK-039,NSW,2168,Company,27782559274,19,Construction & trades,667,Ute / van,Diesel,New,0,56400.0,60,2026,2026 Ford Transit Custom,57900.0,14800.0,0.091
APP-020015,2026-06-21,Broker,BRK-075,WA,6387,Company,88796853078,112,Agriculture,825,Ute / van,Diesel,Used,7,19100.0,60,2019,2019 Toyota HiLux SR5,19400.0,0.0,0.0855
APP-020016,2026-06-21,Broker,BRK-004,WA,6595,Company,,39,Construction & trades,770,Ute / van,Diesel,New,0,40600.0,48,2026,2026 Toyota HiLux SR5,41500.0,12000.0,0.0735
APP-020017,2026-06-21,Broker,BRK-002,NSW,2870,Company,77982439494,111,Transport & logistics,738,Truck,Diesel,Used,6,76000.0,60,2020,2020 Hino 300 Series,73900.0,0.0,0.0765
APP-020018,2026-06-21,Broker,BRK-039,VIC,3030,Sole trader,49643803441,4,Construction & trades,490,Car / SUV,Electric,Used,5,31400.0,36,2021,2021 Tesla Model Y,28800.0,10800.0,0.1206
APP-020019,2026-06-21,Broker,BRK-001,NSW,2695,Company,24860373919,338,Mining,757,Earthmoving equipment,Diesel,Used,6,52300.0,60,2020,2020 Bobcat S650 skid steer,52900.0,0.0,0.0797
APP-020020,2026-06-21,Broker,BRK-080,NSW,2830,Company,39915720812,359,Other services,899,Ute / van,Diesel,Used,6,29300.0,60,2020,2020 Toyota HiLux SR5,30300.0,3800.0,0.069
APP-020021,2026-06-22,Broker,BRK-006,QLD,4827,Company,91140348587,319,Construction & trades,640,Ute / van,Diesel,Used,1,41300.0,60,2025,2025 Isuzu D-Max,42000.0,600.0,0.081
APP-020022,2026-06-22,Broker,BRK-002,QLD,4256,Sole trader,49856834802,299,Retail trade,777,Car / SUV,Electric,New,0,53000.0,36,2026,2026 BYD Atto 3,53800.0,0.0,0.0728
APP-020023,2026-06-22,Broker,BRK-063,QLD,4007,Company,24904409607,8,Manufacturing,823,Ute / van,Plug-in hybrid,Used,7,25300.0,48,2019,2019 BYD Shark 6,25500.0,1700.0,0.0922
APP-020024,2026-06-22,Broker,BRK-004,WA,6703,Company,30447096880,173,Hospitality,604,Other equipment,None,New,0,82800.0,24,2026,2026 CNC router,79800.0,5600.0,0.0831
APP-020025,2026-06-22,Broker,BRK-011,QLD,4385,Company,44803292364,197,Construction & trades,674,Ute / van,Diesel,New,0,73600.0,36,2026,2026 Isuzu D-Max,59400.0,1800.0,0.0829
APP-020026,2026-06-22,Dealer,BRK-012,VIC,3751,Company,75678577667,73,Retail trade,795,Other equipment,None,Used,8,25200.0,48,2018,2018 Rooftop solar PV system,25200.0,0.0,0.0862
APP-020027,2026-06-22,Dealer,BRK-079,TAS,7614,Company,45905589191,188,Mining,678,Truck,Diesel,Used,10,58700.0,48,2016,2016 Hino 300 Series,59900.0,0.0,0.0988
APP-020028,2026-06-22,Broker,BRK-005,SA,5515,Partnership,66991631174,167,Health care,614,Other equipment,LPG,Used,8,18300.0,60,2018,2018 Toyota 8FG25 forklift,18600.0,0.0,0.0994
APP-020029,2026-06-22,Broker,BRK-036,VIC,4609,Company,95411549689,163,Manufacturing,663,Truck,Diesel,Used,5,42800.0,60,2021,2021 Kenworth T610,43400.0,3800.0,0.0894
APP-020030,2026-06-22,Broker,BRK-150,TAS,7085,Company,21985606462,26,Transport & logistics,770,Ute / van,Plug-in hybrid,New,0,69300.0,48,2026,2026 BYD Shark 6,68100.0,14300.0,0.0695
APP-020031,2026-06-22,Dealer,BRK-031,ACT,2612,Sole trader,88160260086,64,Wholesale trade,717,Ute / van,Diesel,New,0,62400.0,36,2026,2026 Toyota HiAce,50400.0,0.0,0.0766
APP-020032,2026-06-22,Broker,BRK-002,QLD,4774,Sole trader,73028062964,56,Transport & logistics,911,Ute / van,Diesel,New,0,61400.0,36,2026,2026 Ford Ranger XLT,63100.0,24200.0,0.069
APP-020033,2026-06-22,Dealer,BRK-006,WA,6395,Sole trader,79046189425,338,Construction & trades,616,Earthmoving equipment,Diesel,Used,4,41100.0,48,2022,2022 CAT 305 mini excavator,37200.0,3400.0,0.0928
APP-020034,2026-06-22,Dealer,BRK-023,NSW,3528,Sole trader,28006203870,37,Professional services,821,Car / SUV,Petrol,New,0,39400.0,60,2026,2026 Mazda CX-5,39400.0,10400.0,0.0737
APP-020035,2026-06-22,Broker,BRK-007,NSW,2880,Company,48781267613,121,Wholesale trade,639,Truck,Diesel,New,0,334500.0,84,2026,2026 Kenworth T610,338900.0,18600.0,0.0853
APP-020036,2026-06-22,Broker,BRK-021,NSW,2536,Sole trader,24356929851,59,Construction & trades,689,Trailer,None,New,0,41500.0,48,2026,2026 Flat top trailer,42000.0,2900.0,0.0734
APP-020037,2026-06-22,Broker,BRK-024,NSW,2013,Trust,95360144034,15,Transport & logistics,806,Truck,Diesel,New,0,225400.0,84,2026,2026 Kenworth T610,219200.0,47100.0,0.0773
APP-020038,2026-06-22,Broker,BRK-056,QLD,4863,Company,90964815729,108,Agriculture,589,Agricultural machinery,Diesel,New,0,100200.0,48,2026,2026 New Holland T6 tractor,102500.0,0.0,0.0777
APP-020039,2026-06-23,Broker,BRK-035,NSW,2675,Company,59821353757,85,Health care,932,Other equipment,None,New,0,32800.0,60,2026,2026 Commercial kitchen fit-out,32400.0,0.0,0.069
APP-020040,2026-06-23,Broker,BRK-048,VIC,3033,Partnership,21094078087,100,Construction & trades,732,Truck,Diesel,Used,10,63900.0,72,2016,2016 Isuzu NPR 45-155,58900.0,72900.0,0.0803
APP-020041,2026-06-23,Broker,BRK-004,VIC,3634,Sole trader,40534506612,24,Construction & trades,780,Trailer,None,New,0,59100.0,36,2026,2026 Tandem box trailer,56400.0,0.0,0.0806
APP-020042,2026-06-23,Broker,BRK-013,NSW,2176,Sole trader,40548665833,139,Wholesale trade,625,Truck,Diesel,Used,3,103800.0,84,2023,2023 Hino 300 Series,107800.0,22300.0,0.0916
APP-020043,2026-06-23,Broker,BRK-080,WA,6790,Company,82067915923,292,Transport & logistics,859,Truck,Diesel,New,0,295700.0,72,2026,2026 Volvo FH,305700.0,0.0,0.069
APP-020044,2026-06-23,Broker,BRK-060,WA,6183,Company,32605399179,133,Manufacturing,758,Car / SUV,Petrol,New,0,40000.0,60,2018,2018 Hyundai Tucson,40200.0,0.0,0.069
APP-020045,2026-06-23,Dealer,BRK-003,NSW,2744,Sole trader,96337562626,138,Transport & logistics,562,Truck,Diesel,New,0,141200.0,84,2026,2026 Hino 300 Series,141800.0,300.0,0.0892
APP-020046,2026-06-23,Broker,BRK-001,QLD,4197,Company,87411706038,40,Construction & trades,626,Car / SUV,Electric,Used,5,30700.0,60,2021,2021 MG ZS EV,28000.0,0.0,0.1004
APP-020047,2026-06-23,Broker,BRK-040,QLD,4732,Company,42169215526,4,Construction & trades,590,Ute / van,Diesel,New,0,49300.0,60,2026,2026 Toyota HiLux SR5,50900.0,11900.0,0.0954
APP-020048,2026-06-23,Broker,BRK-014,QLD,4843,Sole trader,90808039883,43,Agriculture,627,Trailer,None,New,0,50700.0,24,2026,2026 Tandem box trailer,52700.0,0.0,0.0817
APP-020049,2026-06-23,Dealer,BRK-012,NSW,2344,Company,87305471746,40,Hospitality,769,Car / SUV,Electric,Used,10,8800.0,60,2016,2016 BYD Atto 3,16000.0,300.0,0.0881
APP-020050,2026-06-23,Broker,BRK-001,NSW,2391,Trust,84653926869,42,Other services,511,Other equipment,None,New,0,66800.0,24,2026,2026 Espresso machine,62600.0,0.0,0.09
APP-020051,2026-06-23,Broker,BRK-010,NSW,2504,Sole trader,33613818335,143,Retail trade,966,Other equipment,None,New,0,95500.0,48,2026,2026 CNC router,79000.0,9300.0,0.069
APP-020052,2026-06-23,Broker,BRK-003,QLD,4548,Company,26399858230,27,Health care,846,Car / SUV,Electric,New,0,35200.0,48,2026,2026 MG ZS EV,35700.0,5900.0,0.069
APP-020053,2026-06-23,Broker,BRK-001,VIC,3246,Sole trader,88567290762,50,Transport & logistics,782,Truck,Diesel,New,0,112500.0,84,2026,2026 Hino 300 Series,103600.0,16600.0,0.069
APP-020054,2026-06-24,Broker,BRK-011,QLD,4656,Company,27303652380,11,Construction & trades,753,Earthmoving equipment,Diesel,New,0,174700.0,60,2026,2026 Kubota KX040 excavator,177800.0,25700.0,0.0825
APP-020055,2026-06-24,Broker,BRK-080,VIC,3378,Trust,35476412952,65,Construction & trades,696,Ute / van,Diesel,Used,5,34900.0,36,2021,2021 Toyota HiAce,35900.0,12600.0,0.0809
APP-020056,2026-06-24,Broker,BRK-103,QLD,4450,Trust,26750612119,146,Transport & logistics,590,Truck,Diesel,New,0,233400.0,72,2026,2026 Fuso Canter,234100.0,41900.0,0.0914
APP-020057,2026-06-24,Broker,BRK-004,QLD,4607,Company,33682675852,185,Health care,889,Car / SUV,Electric,Used,9,14500.0,60,2017,2017 BYD Atto 3,14700.0,200.0,0.0819
APP-020058,2026-06-24,Dealer,BRK-005,NSW,2134,Company,50019104272,36,Construction & trades,690,Trailer,None,Used,9,15600.0,60,2017,2017 Flat top trailer,14300.0,1400.0,0.0936
APP-020059,2026-06-24,Broker,BRK-001,QLD,4152,Company,36607505527,20,Retail trade,687,Other equipment,None,Used,9,6700.0,36,2017,2017 Commercial kitchen fit-out,7000.0,0.0,0.1017
APP-020060,2026-06-24,Broker,BRK-110,NSW,2703,Sole trader,66358275833,65,Admin & support services,793,Car / SUV,Petrol,New,0,48500.0,60,2026,2026 Mazda CX-5,49300.0,3800.0,0.069
APP-020061,2026-06-24,Broker,BRK-001,NSW,2688,Sole trader,36614629876,53,Other services,661,Ute / van,Plug-in hybrid,New,0,61000.0,36,2026,2026 BYD Shark 6,58700.0,3100.0,0.0766
APP-020062,2026-06-24,Broker,BRK-121,WA,6573,Trust,67239035548,22,Wholesale trade,739,Truck,Diesel,Used,9,107600.0,48,2017,2017 Hino 300 Series,97400.0,6300.0,0.0882
APP-020063,2026-06-24,Broker,BRK-038,QLD,4132,Trust,93966024295,7,Mining,813,Ute / van,Diesel,Used,7,20600.0,48,2019,2019 Toyota HiLux SR5,20700.0,700.0,0.0927
APP-020064,2026-06-24,Broker,BRK-069,QLD,4248,Company,99243352015,43,Transport & logistics,515,Trailer,None,New,0,11000.0,48,2026,2026 Tipper trailer,11300.0,500.0,0.0984
APP-020065,2026-06-24,Broker,BRK-004,VIC,3954,Sole trader,53167266640,366,Transport & logistics,605,Trailer,None,Used,3,18200.0,100,2023,2023 Tipper trailer,18700.0,600.0,0.0972
APP-020066,2026-06-24,Broker,BRK-032,QLD,4911,Trust,54898429976,64,Health care,530,Other equipment,LPG,New,0,114200.0,24,2026,2026 Toyota 8FG25 forklift,104900.0,2200.0,0.0952
APP-020067,2026-06-24,Dealer,BRK-002,NSW,2299,Sole trader,59694139099,40,Manufacturing,924,Other equipment,LPG,Used,4,29200.0,48,2022,2022 Toyota 8FG25 forklift,23500.0,0.0,0.0702
APP-020068,2026-06-24,Dealer,BRK-041,NSW,2861,Company,45478268183,215,Professional services,614,Car / SUV,Petrol,New,0,58800.0,36,2026,2026 Mazda C-5,59500.0,0.0,0.0846
APP-020069,2026-06-24,Broker,BRK-031,VIC,3402,Sole trader,66948684380,88,Transport & logistics,567,Truck,Diesel,Used,1,179400.0,84,2025,2025 Kenworth T610,165800.0,36900.0,0.0972
APP-020070,2026-06-24,Broker,BRK-080,QLD,4883,Company,99385484588,130,Construction & trades,755,Ute / van,Diesel,New,0,65700.0,48,2026,2026 Ford Ranger XLT,53700.0,0.0,0.069
APP-020071,2026-06-25,Dealer,BRK-038,NSW,2702,Company,81655487311,21,Health care,643,Car / SUV,Petrol,New,0,36700.0,36,2026,2026 Kia Sportage,37500.0,0.0,0.095
APP-020072,2026-06-25,Broker,BRK-137,NSW,2642,Company,70028017472,52,Health care,950,Car / SUV,Petrol,Used,7,14800.0,48,2019,2019 Kia Sportage,12400.0,4500.0,0.0765
APP-020073,2026-06-25,Broker,BRK-018,NSW,2641,Partnership,75009312532,22,Hospitality,967,Other equipment,None,Used,6,29400.0,48,2020,2020 CNC router,29700.0,0.0,0.0821
APP-020074,2026-06-25,Broker,BRK-025,VIC,3329,Company,14574494073,170,Health care,655,Other equipment,None,New,0,117700.0,24,2026,2026 Dental chair,115600.0,0.0,0.0781
APP-020075,2026-06-25,Broker,BRK-001,VIC,3707,Company,13437210419,159,Agriculture,680,Agricultural machinery,Diesel,Used,3,76900.0,60,2023,2023 Kubota M7 tractor,72000.0,8400.0,0.086
APP-020076,2026-06-25,Broker,BRK-001,QLD,4340,Sole trader,73225261531,207,Transport & logistics,673,Truck,Diesel,Used,3,138700.0,84,2023,2023 Kenworth T610,125900.0,0.0,0.0808
APP-020077,2026-06-25,Broker,BRK-003,NSW,2666,Company,82795160259,30,Agriculture,634,Ute / van,Diesel,New,0,53100.0,60,2026,2026 Toyota HiAce,53400.0,0.0,0.0815
APP-020078,2026-06-25,Broker,BRK-002,QLD,4894,Company,99074948397,194,Agriculture,941,Truck,Diesel,New,0,322100.0,72,2026,2026 Fuso Canter,327700.0,81500.0,0.069
APP-020079,2026-06-25,Broker,BRK-002,VIC,3413,Company,59264078504,480,Health care,739,Other equipment,None,Used,8,29600.0,60,2018,2018 Commercial kitchen fit-out,30600.0,1900.0,0.0873
APP-020080,2026-06-25,Broker,BRK-005,NSW,2720,Sole trader,33184362815,59,Agriculture,1015,Truck,Diesel,New,0,230300.0,60,2026,2026 Fuso Canter,226900.0,0.0,0.069
APP-020081,2026-06-25,Broker,BRK-005,NSW,2595,Sole trader,98050667093,18,Transport & logistics,632,Trailer,None,Used,5,9000.0,24,2021,2021 Tipper trailer,7300.0,300.0,0.1087
APP-020082,2026-06-25,Broker,BRK-048,NSW,2056,Partnership,34973321191,141,Health care,574,Car / SUV,Petrol,Used,4,22500.0,36,2022,2022 Mazda CX-5,20600.0,1300.0,0.116
APP-020083,2026-06-25,Broker,BRK-018,WA,6440,Company,82747519088,33,Construction & trades,1015,Trailer,None,New,0,39400.0,48,2026,2026 Flat top trailer,39600.0,0.0,0.069
APP-020084,2026-06-25,Broker,BRK-117,NSW,2866,Trust,76824782369,480,Professional services,919,Car / SUV,Petrol,New,0,49100.0,60,2026,2026 Kia Sportage,48400.0,9000.0,0.069
APP-020085,2026-06-25,Broker,BRK-008,WA,6789,Company,83941321027,40,Retail trade,747,Other equipment,None,New,0,98500.0,48,2026,2026 Espresso machine,79700.0,1500.0,0.069
APP-020086,2026-06-25,Broker,BRK-001,NSW,2879,Company,70266252183,62,Hospitality,570,Other equipment,None,New,0,73200.0,60,2026,2026 CNC router,68600.0,5100.0,0.0961
APP-020087,2026-06-25,Broker,BRK-086,NSW,2416,Company,93418641064,327,Transport & logistics,672,Truck,Diesel,Used,4,98300.0,60,2022,2022 Volvo FH,100300.0,0.0,0.083
APP-020088,2026-06-26,Broker,BRK-086,NSW,2730,Trust,72521712799,45,Hospitality,693,Other equipment,None,New,0,17100.0,48,2026,2026 Espresso machine,15700.0,700.0,0.0861
APP-020089,2026-06-26,Broker,BRK-009,VIC,3851,Sole trader,47369307019,95,Construction & trades,691,Car / SUV,Petrol,New,0,68300.0,60,2026,2026 Hyundai Tucson,70100.0,26200.0,0.0809
APP-020090,2026-06-26,Broker,BRK-001,WA,6580,Company,50702058742,86,Construction & trades,563,Car / SUV,Petrol,Used,9,11500.0,48,2017,2017 Mazda CX-5,11600.0,0.0,0.1051
APP-020091,2026-06-26,Broker,BRK-099,QLD,4069,Company,55450333957,107,Construction & trades,682,Ute / van,Diesel,Used,7,19700.0,48,2019,2019 Toyota HiLux SR5,17700.0,6900.0,0.0967
APP-020092,2026-06-26,Broker,BRK-120,QLD,4936,Trust,62388682800,180,Agriculture,797,Agricultural machinery,Diesel,New,0,179300.0,72,2026,2026 New Holland T6 tractor,184900.0,29800.0,0.0743
APP-020093,2026-06-26,Broker,BRK-149,VIC,3496,Sole trader,76565197263,377,Construction & trades,740,Ute / van,Diesel,Used,5,21200.0,48,2021,2021 Ford Ranger XLT,17400.0,0.0,0.0897
APP-020094,2026-06-26,Broker,BRK-011,NSW,2668,Sole trader,31701201353,75,Construction & trades,848,Earthmoving equipment,Diesel,Used,3,129900.0,60,2023,2023 Komatsu PC55 excavator,120300.0,6000.0,0.069
APP-020095,2026-06-26,Dealer,BRK-002,QLD,4343,Sole trader,29064136257,61,Agriculture,779,Trailer,None,Used,8,16600.0,36,2018,2018 Tipper trailer,15600.0,500.0,0.0837
APP-020096,2026-06-26,Broker,BRK-010,QLD,4712,Trust,43470326464,13,Admin & support services,785,Car / SUV,Petrol,New,0,51000.0,48,2026,2026 Kia Sportage,46900.0,4100.0,0.0817
APP-020097,2026-06-26,Broker,BRK-029,NSW,2235,Company,10764675181,65,Construction & trades,846,Ute / van,Diesel,Used,6,36200.0,60,2020,2020 Ford Ranger XLT,37600.0,3300.0,0.0691
APP-020098,2026-06-26,Broker,BRK-001,VIC,3506,Company,69941261003,111,Admin & support services,623,Other equipment,None,New,0,62700.0,48,2026,2026 Dental chair,65000.0,4300.0,0.0855
APP-020099,2026-06-26,Broker,BRK-005,QLD,4914,Company,95286475727,26,Hospitality,1095,Other equipment,LPG,Used,8,30700.0,48,2018,2018 Toyota 8FG25 forklift,30900.0,700.0,0.069
APP-020100,2026-06-26,Broker,BRK-123,VIC,3093,Company,26549922453,216,Construction & trades,807,Ute / van,Diesel,Used,3,32900.0,48,2023,2023 Isuzu D-Max,34100.0,0.0,0.0735
APP-020101,2026-06-26,Dealer,BRK-001,VIC,3883,Partnership,88647732915,65,Professional services,702,Ute / van,Diesel,Used,10,18000.0,36,2016,2016 Ford Transit Custom,18300.0,0.0,0.0931
APP-020102,2026-06-26,Broker,BRK-002,WA,6254,Partnership,48041535058,65,Construction & trades,584,Earthmoving equipment,Diesel,New,0,93100.0,36,2026,2026 CAT 305 mini excavator,94300.0,0.0,0.0921
APP-020103,2026-06-26,Broker,BRK-029,VIC,3261,Sole trader,21957946350,20,Health care,721,Car / SUV,Petrol,New,0,45100.0,60,2026,2026 Mazda CX-5,46700.0,17900.0,0.0874
APP-020104,2026-06-26,Broker,BRK-130,NSW,2740,Trust,36991911116,51,Wholesale trade,760,Ute / van,Diesel,New,0,51100.0,60,2026,2026 Isuzu D-Max,41300.0,14900.0,0.0707
APP-020105,2026-06-26,Dealer,BRK-123,WA,6221,Sole trader,29237709186,64,Hospitality,693,Other equipment,None,Used,7,20300.0,48,2019,2019 Dental chair,20800.0,0.0,0.0995
APP-020106,2026-06-26,Broker,BRK-005,ACT,2604,Company,66863861239,47,Retail trade,903,Ute / van,Plug-in hybrid,Used,7,21400.0,48,2019,2019 BYD Shark 6,21100.0,0.0,0.0791
APP-020107,2026-06-26,Broker,BRK-033,NSW,2353,Company,78933212618,38,Agriculture,570,Agricultural machinery,Diesel,Used,10,101400.0,48,2016,2016 New Holland T6 tractor,102700.0,0.0,0.1065
APP-020108,2026-06-26,Broker,BRK-134,VIC,3458,Company,77823009403,34,Transport & logistics,686,Truck,Diesel,New,3,209600.0,84,2021,2021 Kenworth T610,205600.0,19200.0,0.0908
APP-020109,2026-06-27,Broker,BRK-036,NSW,2142,Company,72944750863,111,Professional services,865,Car / SUV,Electric,Used,8,15500.0,36,2018,2018 Tesla Model Y,16000.0,0.0,0.0822
APP-020110,2026-06-27,Broker,BRK-004,VIC,3928,Company,83064318285,28,Agriculture,702,Truck,Diesel,Used,3,120100.0,48,2023,2023 Volvo FH,100000.0,0.0,0.0839
APP-020111,2026-06-27,Broker,BRK-047,NSW,2895,Company,17921506159,18,Manufacturing,787,Other equipment,None,Used,9,13600.0,60,2017,2017 CNC router,13800.0,400.0,0.0986
APP-020112,2026-06-27,Broker,BRK-020,WA,6552,Sole trader,77303406612,20,Construction & trades,747,Ute / van,Plug-in hybrid,Used,4,31500.0,36,2022,2022 BYD Shark 6,32600.0,7500.0,0.0902
APP-020113,2026-06-27,Dealer,BRK-019,SA,5791,Company,12217950866,217,Wholesale trade,747,Ute / van,Diesel,Used,8,23300.0,36,2018,2018 Mitsubishi Triton,21300.0,5300.0,0.0941
APP-020114,2026-06-27,Broker,BRK-018,NSW,2620,Company,97669003377,103,Construction & trades,657,Earthmoving equipment,Diesel,New,0,95300.0,60,2026,2026 CAT 305 mini excavator,93100.0,0.0,0.0777
APP-020115,2026-06-27,Dealer,BRK-002,WA,6442,Company,54110999718,74,Professional services,901,Ute / van,Diesel,New,0,58600.0,48,2026,2026 Toyota HiAce,52800.0,7500.0,0.069
APP-020116,2026-06-27,Broker,BRK-070,NSW,2082,Company,14382092758,179,Admin & support services,727,Ute / van,Diesel,New,0,55600.0,48,2026,2026 Ford Ranger XLT,56100.0,0.0,0.0817
APP-020117,2026-06-27,Broker,BRK-008,NSW,2029,Sole trader,58889871259,50,Other services,575,Ute / van,Diesel,Used,3,31400.0,36,2023,2023 Ford Ranger XLT,31600.0,300.0,0.0887
APP-020118,2026-06-27,Broker,BRK-003,WA,6731,Sole trader,66565390290,158,Professional services,516,Car / SUV,Petrol,Used,7,15300.0,36,2019,2019 Mazda CX-5,14200.0,0.0,0.1066
APP-020119,2026-06-27,Broker,BRK-014,VIC,3162,Company,34075774176,87,Agriculture,641,Ute / van,Diesel,Used,7,22400.0,48,2019,2019 Toyota HiAce,21600.0,4800.0,0.096
APP-020120,2026-06-27,Broker,BRK-038,NSW,2706,Sole trader,29762524171,107,Transport & logistics,887,Trailer,None,New,0,49800.0,24,2026,2026 Tipper trailer,46200.0,4700.0,0.069
APP-020121,2026-06-27,Broker,BRK-025,NSW,2201,Trust,13250262197,18,Construction & trades,933,Ute / van,Diesel,New,0,43300.0,60,2026,2026 Isuzu D-Max,35200.0,1400.0,0.069
APP-020122,2026-06-27,Dealer,BRK-079,VIC,3071,Company,91727159773,31,Construction & trades,750,Ute / van,Plug-in hybrid,New,0,53000.0,48,2026,2026 BYD Shark 6,53000.0,0.0,0.0705
APP-020123,2026-06-27,Broker,BRK-086,WA,6249,Company,25591364057,159,Retail trade,727,Ute / van,Diesel,New,0,73300.0,60,2026,2026 Ford Ranger XLT,59200.0,0.0,0.078
APP-020124,2026-06-27,Broker,BRK-034,NSW,3397,Trust,78584024048,289,Professional services,736,Other equipment,LPG,Used,10,11500.0,24,2016,2016 Toyota 8FG25 forklift,11700.0,600.0,0.094
APP-020125,2026-06-27,Broker,BRK-025,NSW,2068,Trust,29823248029,29,Mining,754,Earthmoving equipment,Diesel,New,0,119000.0,48,2026,2026 CAT 305 mini excavator,111000.0,15500.0,0.0704
APP-020126,2026-06-27,Broker,BRK-027,TAS,7001,Sole trader,32878166405,90,Health care,760,Car / SUV,Electric,Used,10,8500.0,48,2016,2016 MG ZS EV,6800.0,0.0,0.0905
APP-020127,2026-06-27,Broker,BRK-011,VIC,3623,Company,62830557077,38,Professional services,854,Car / SUV,Electric,New,0,44500.0,48,2026,2026 MG ZS EV,36500.0,2600.0,0.069
APP-020128,2026-06-27,Dealer,BRK-016,WA,6064,Company,97163687550,60,Wholesale trade,601,Car / SUV,Electric,Used,7,19100.0,36,2019,2019 MG ZS EV,19700.0,0.0,0.1011
APP-020129,2026-06-27,Broker,BRK-022,VIC,3692,Company,43978398446,285,Other,704,Ute / van,Diesel,New,0,49500.0,48,2026,2026 Ford Transit Custom,50300.0,0.0,0.0764
APP-020130,2026-06-27,Broker,BRK-073,VIC,3678,Company,57154662593,53,Professional services,749,Car / SUV,Electric,Used,1,35400.0,36,2025,2025 Tesla Model Y,28400.0,0.0,0.0851
APP-020131,2026-06-27,Broker,BRK-059,SA,5675,Company,77624964165,89,Hospitality,681,Other equipment,None,Used,3,47200.0,36,2023,2023 Rooftop solar PV system,48700.0,0.0,0.0864
APP-020132,2026-06-27,Broker,BRK-003,SA,5472,Trust,89727526663,124,Wholesale trade,840,Truck,Diesel,New,0,177900.0,84,2026,2026 Isuzu NPR 45-155,183500.0,0.0,0.069
APP-020133,2026-06-27,Broker,BRK-140,NSW,2212,Company,14892791678,360,Admin & support services,664,Car / SUV,Petrol,New,0,68700.0,48,2026,2026 Kia Sportage,69000.0,0.0,0.0777
APP-020134,2026-06-27,Broker,BRK-134,QLD,4236,Sole trader,13071135363,31,Construction & trades,767,Ute / van,Diesel,New,0,63800.0,48,2026,2026 Toyota HiAce,66200.0,6200.0,0.0704
APP-020135,2026-06-28,Broker,BRK-005,VIC,3244,Company,93905165825,56,Other services,988,Car / SUV,Petrol,Used,10,9800.0,48,2016,2016 Hyundai Tucson,10100.0,0.0,0.0722
APP-020136,2026-06-28,Broker,BRK-150,NSW,2284,Sole trader,19282537954,138,Hospitality,735,Ute / van,Diesel,New,0,47600.0,60,2026,2026 Toyota HiAce,43200.0,0.0,0.0803
APP-020137,2026-06-28,Broker,BRK-022,NSW,2798,Sole trader,84408958861,38,Professional services,815,Car / SUV,Petrol,New,0,42200.0,48,2026,2026 Mazda CX-5,41200.0,14100.0,0.0719
APP-020138,2026-06-28,Dealer,BRK-004,VIC,3726,Trust,27372049800,49,Construction & trades,499,Ute / van,Plug-in hybrid,New,0,42100.0,48,2026,2026 BYD Shark 6,33700.0,0.0,0.0958
APP-020139,2026-06-28,Broker,BRK-053,NSW,2568,Company,41635231196,142,Construction & trades,593,Ute / van,Diesel,New,0,52300.0,36,2026,2026 Ford Ranger XLT,51300.0,5700.0,0.0935
APP-020140,2026-06-28,Broker,BRK-001,SA,5106,Company,51486354073,103,Construction & trades,894,Ute / van,Diesel,Used,8,18400.0,60,2018,2018 Mitsubishi Triton,15100.0,4900.0,0.0805
APP-020141,2026-06-28,Broker,BRK-046,NSW,2876,Sole trader,76936865542,34,Transport & logistics,795,Trailer,None,Used,9,26000.0,60,2017,2017 Tipper trailer,26500.0,0.0,0.0917
APP-020142,2026-06-28,Broker,BRK-083,VIC,3836,Sole trader,62339833492,47,Health care,915,Car / SUV,Hybrid,Used,4,21000.0,36,2022,2022 Toyota RAV4 Hybrid,21100.0,2000.0,0.0788
APP-020143,2026-06-28,Broker,BRK-008,QLD,4115,Sole trader,59345430519,258,Wholesale trade,791,Other equipment,None,Used,1,91000.0,60,2025,2025 Rooftop solar PV system,87000.0,0.0,0.0751
APP-020144,2026-06-28,Broker,BRK-008,VIC,3680,Company,75024873771,15,Construction & trades,891,Earthmoving equipment,Diesel,New,0,207700.0,36,2026,2026 Kubota KX040 excavator,215400.0,0.0,0.0693
APP-020145,2026-06-28,Broker,BRK-005,VIC,3838,Sole trader,96978110374,132,Agriculture,743,Agricultural machinery,Diesel,Used,8,41600.0,48,2018,2018 Case IH Farmall tractor,43000.0,5700.0,0.0758
APP-020146,2026-06-28,Broker,BRK-012,QLD,4348,Company,35347193042,17,Admin & support services,875,Ute / van,Diesel,Used,2,33400.0,60,2024,2024 Toyota HiAce,33700.0,0.0,0.081
APP-020147,2026-06-28,Broker,BRK-028,NSW,2755,Company,53514267583,93,Manufacturing,771,Other equipment,None,Used,6,33900.0,48,2020,2020 Dental chair,28200.0,3000.0,0.086
APP-020148,2026-06-28,Broker,BRK-063,VIC,3469,Sole trader,87455994478,144,Manufacturing,794,Truck,Diesel,Used,2,121200.0,48,2024,2024 Hino 300 Series,98700.0,2700.0,0.0773
APP-020149,2026-06-28,Broker,BRK-101,TAS,3715,Company,23456968367,16,Manufacturing,886,Other equipment,None,Used,4,28800.0,24,2022,2022 Espresso machine,29600.0,0.0,0.0843
APP-020150,2026-06-28,Broker,BRK-024,WA,6204,Company,24720358269,65,Agriculture,720,Agricultural machinery,Diesel,Used,9,50600.0,48,2017,2017 Kubota M7 tractor,45700.0,4000.0,0.0804
APP-020151,2026-06-28,Broker,BRK-017,VIC,3312,Company,91867995700,87,Other services,858,Ute / van,Diesel,New,0,60000.0,48,2026,2026 Ford Transit Custom,60400.0,0.0,0.069
APP-020152,2026-06-28,Broker,BRK-010,SA,5559,Sole trader,78295234840,41,Transport & logistics,556,Truck,Diesel,Used,8,101600.0,60,2018,2018 Isuzu NPR 45-155,98200.0,300.0,0.0912
APP-020153,2026-06-28,Broker,BRK-031,WA,6081,Sole trader,94686369337,78,Mining,733,Truck,Diesel,New,0,270100.0,84,2026,2026 Fuso Canter,273600.0,0.0,0.0776
APP-020154,2026-06-28,Broker,BRK-002,NSW,2449,Sole trader,32486884403,107,Construction & trades,495,Ute / van,Diesel,Used,4,27100.0,48,2022,2022 Toyota HiAce,26200.0,0.0,0.1103
APP-020155,2026-06-28,Broker,BRK-016,SA,5082,Sole trader,75752782621,480,Construction & trades,855,Earthmoving equipment,Diesel,Used,7,52500.0,48,2019,2019 Kubota KX040 excavator,50000.0,0.0,0.0696
APP-020156,2026-06-29,Broker,BRK-020,VIC,3255,Company,19965815755,36,Health care,428,Car / SUV,Petrol,Used,7,12600.0,60,2019,2019 Mazda CX-5,12700.0,0.0,0.1191
APP-020157,2026-06-29,Broker,BRK-036,SA,5656,Company,62620995783,63,Other services,721,Ute / van,Diesel,New,0,69700.0,36,2026,2026 Ford Transit Custom,67100.0,3700.0,0.0705
APP-020158,2026-06-29,Broker,BRK-001,VIC,3509,Sole trader,36808786088,7,Admin & support services,799,Ute / van,Diesel,Used,3,49600.0,36,2023,2023 Toyota HiAce,49800.0,10400.0,0.083
APP-020159,2026-06-29,Broker,BRK-013,NSW,2857,Company,34622616441,34,Transport & logistics,600,Truck,Diesel,New,0,240300.0,60,2026,2026 Kenworth T610,242200.0,0.0,0.078
APP-020160,2026-06-29,Broker,BRK-063,NSW,2718,Company,24244595546,81,Construction & trades,902,Ute / van,Diesel,Used,1,43000.0,48,2025,2025 Toyota HiAce,39500.0,0.0,0.069
APP-020161,2026-06-29,Broker,BRK-069,VIC,3228,Sole trader,26407977313,36,Construction & trades,548,Car / SUV,Electric,New,0,68100.0,100,2026,2026 MG ZS EV,55600.0,0.0,0.0903
APP-020162,2026-06-29,Broker,BRK-024,NSW,2709,Company,42680951403,282,Professional services,765,Other equipment,None,Used,3,39900.0,24,2023,2023 Dental chair,39000.0,0.0,0.0737
APP-020163,2026-06-29,Dealer,BRK-096,QLD,4277,Company,17121782910,24,Construction & trades,559,Ute / van,Diesel,New,0,57600.0,48,2026,2026 Ford Ranger XLT,56700.0,0.0,0.0887
APP-020164,2026-06-29,Broker,BRK-061,NSW,2291,Sole trader,55057796989,109,Hospitality,689,Ute / van,Plug-in hybrid,Used,2,44300.0,36,2024,2024 BYD Shark 6,43800.0,0.0,0.0866
APP-020165,2026-06-29,Broker,BRK-072,NSW,2139,Company,61397105698,4,Transport & logistics,763,Truck,Diesel,Used,7,61100.0,72,2019,2019 Isuzu NPR 45-155,63100.0,16100.0,0.0846
APP-020166,2026-06-29,Broker,BRK-071,QLD,4882,Company,91463813777,31,Construction & trades,691,Truck,Diesel,Used,2,222200.0,84,2024,2024 Kenworth T610,206400.0,15600.0,0.0871
APP-020167,2026-06-29,Broker,BRK-055,QLD,4893,Partnership,68295337017,26,Agriculture,673,Agricultural machinery,Diesel,Used,1,119300.0,72,2025,2025 New Holland T6 tractor,122800.0,0.0,0.0816
APP-020168,2026-06-29,Broker,BRK-090,NSW,2039,Trust,88199480422,128,Health care,845,Car / SUV,Petrol,New,0,63600.0,36,2026,2026 Mazda CX-5,66100.0,3400.0,0.0724
APP-020169,2026-06-30,Dealer,BRK-001,NSW,2252,Trust,97778549025,205,Construction & trades,799,Ute / van,Plug-in hybrid,New,0,56000.0,60,2026,2026 BYD Shark 6,45200.0,0.0,0.069
APP-020170,2026-06-30,Broker,BRK-020,QLD,4475,Company,88095836083,4,Health care,661,Other equipment,LPG,Used,2,74800.0,48,2024,2024 Toyota 8FG25 forklift,76600.0,5500.0,0.0935
APP-020171,2026-06-30,Broker,BRK-080,NSW,2573,Sole trader,31450881011,28,Construction & trades,1001,Ute / van,Plug-in hybrid,New,0,56700.0,60,2026,2026 BYD Shark 6,58900.0,18700.0,0.069
APP-020172,2026-06-30,Broker,BRK-002,NSW,2721,Company,95608003753,34,Transport & logistics,851,Ute / van,Diesel,New,0,44400.0,36,2026,2026 Ford Ranger XLT,43700.0,17200.0,0.0744
APP-020173,2026-06-30,Broker,BRK-002,NT,0898,Sole trader,81550159333,70,Admin & support services,749,Ute / van,Plug-in hybrid,New,0,63400.0,60,2026,2026 BYD Shark 6,61600.0,4700.0,0.069
APP-020174,2026-06-30,Broker,BRK-011,NSW,2712,Company,97469451658,49,Retail trade,513,Ute / van,Diesel,New,0,45600.0,60,2026,2026 Ford Transit Custom,47100.0,0.0,0.0877
APP-020175,2026-06-30,Broker,BRK-026,SA,5746,Company,86271278742,82,Construction & trades,953,Car / SUV,Electric,New,0,68700.0,48,2026,2026 BYD Atto 3,63700.0,0.0,0.069
APP-020176,2026-06-30,Broker,BRK-054,VIC,3929,Trust,37403914974,364,Agriculture,584,Agricultural machinery,Diesel,New,0,184200.0,72,2026,2026 Kubota M7 tractor,190500.0,23000.0,0.0886
APP-020177,2026-06-30,Broker,BRK-026,TAS,3967,Company,94063565445,77,Construction & trades,425,Car / SUV,Petrol,Used,1,59900.0,36,2025,2025 Mazda CX-5,59900.0,100.0,0.1036
APP-020178,2026-06-30,Dealer,BRK-004,VIC,3303,Company,26257386811,71,Transport & logistics,678,Trailer,None,New,0,40200.0,24,2026,2026 Tandem box trailer,39800.0,2200.0,0.0759
APP-020179,2026-06-30,Dealer,BRK-088,QLD,4593,Company,59217081003,17,Transport & logistics,489,Truck,Diesel,New,0,201200.0,48,2026,2026 Isuzu NPR 45-155,168500.0,0.0,0.1074
APP-020180,2026-06-30,Broker,BRK-005,TAS,7654,Sole trader,94560681216,31,Construction & trades,835,Ute / van,Diesel,Used,5,38000.0,36,2021,2021 Toyota HiAce,31400.0,10900.0,0.069
APP-020181,2026-06-30,Broker,BRK-091,NSW,2790,Sole trader,20720891129,67,Other services,670,Ute / van,Diesel,Used,10,17800.0,60,2016,2016 Toyota HiAce,18300.0,1100.0,0.0941
APP-020182,2026-06-30,Broker,BRK-019,NSW,2425,Company,19271120777,50,Transport & logistics,539,Other equipment,None,Used,1,58500.0,48,2025,2025 Rooftop solar PV system,60300.0,0.0,0.0888
APP-020183,2026-06-30,Broker,BRK-001,VIC,3992,Company,78263717405,385,Retail trade,606,Other equipment,None,Used,5,45000.0,60,2021,2021 Rooftop solar PV system,45500.0,0.0,0.0906
APP-020184,2026-06-30,Dealer,BRK-017,QLD,4817,Company,97115665512,14,Construction & trades,779,Ute / van,Diesel,New,0,45100.0,36,2026,2026 Toyota HiAce,36900.0,13000.0,0.0788
APP-020185,2026-06-30,Broker,BRK-040,VIC,3596,Company,90482233751,62,Transport & logistics,851,Trailer,None,New,0,33900.0,60,2026,2026 Tipper trailer,34800.0,0.0,0.07
APP-020186,2026-06-30,Broker,BRK-099,WA,6065,Sole trader,56450403827,376,Agriculture,766,Ute / van,Diesel,New,0,60800.0,60,2026,2026 Toyota HiLux SR5,62600.0,7100.0,0.069
APP-020187,2026-07-01,Broker,BRK-029,NSW,2776,Sole trader,84702119137,105,Manufacturing,830,Truck,Diesel,Used,7,111800.0,84,2019,2019 Kenworth T610,115700.0,0.0,0.069
APP-020188,2026-07-01,Broker,BRK-146,NSW,2809,Company,44594346519,189,Professional services,783,Car / SUV,Electric,New,0,51000.0,60,2026,2026 BYD Atto 3,47900.0,6700.0,0.0717
APP-020189,2026-07-01,Broker,BRK-010,NSW,2336,Trust,21436049476,62,Construction & trades,796,Trailer,None,Used,9,6600.0,48,2017,2017 Tandem box trailer,6700.0,500.0,0.0931
APP-020190,2026-07-01,Broker,BRK-004,NSW,2763,Company,24039978249,96,Health care,603,Other equipment,None,Used,8,16700.0,48,2018,2018 Espresso machine,17400.0,300.0,0.1087
APP-020191,2026-07-01,Broker,BRK-014,VIC,3864,Sole trader,86069011126,166,Construction & trades,716,Ute / van,Diesel,New,0,77400.0,60,2026,2026 Mitsubishi Triton,72200.0,15200.0,0.0734
APP-020192,2026-07-01,Broker,BRK-041,VIC,3619,Company,93155810309,77,Construction & trades,925,Earthmoving equipment,Diesel,New,0,163100.0,60,2026,2026 Kubota KX040 excavator,167400.0,28700.0,0.069
APP-020193,2026-07-01,Broker,BRK-001,NSW,2807,Company,86985712027,174,Professional services,948,Other equipment,LPG,Used,6,29800.0,60,2020,2020 Toyota 8FG25 forklift,27200.0,0.0,0.0706
APP-020194,2026-07-01,Dealer,BRK-001,NSW,2399,Company,74368562707,88,Agriculture,726,Agricultural machinery,Diesel,Used,9,114900.0,72,2017,2017 John Deere 6120M tractor,117600.0,6000.0,0.0817
APP-020195,2026-07-01,Broker,BRK-035,VIC,3542,Trust,91951541940,20,Wholesale trade,624,Other equipment,None,New,0,45200.0,60,2026,2026 Commercial kitchen fit-out,45300.0,0.0,0.0979
APP-020196,2026-07-01,Broker,BRK-010,QLD,4592,Sole trader,28047708367,39,Construction & trades,797,Ute / van,Diesel,Used,7,22800.0,48,2019,2019 Ford Ranger XLT,23500.0,0.0,0.0853
APP-020197,2026-07-01,Broker,BRK-068,SA,5513,Trust,29488186928,159,Professional services,700,Ute / van,Diesel,Used,3,45600.0,60,2023,2023 Ford Ranger XLT,41200.0,0.0,0.0791
APP-020198,2026-07-01,Broker,BRK-005,NSW,2723,Sole trader,17690615730,24,Construction & trades,703,Ute / van,Diesel,New,0,43100.0,36,2026,2026 Ford Transit Custom,42200.0,3000.0,0.0842
APP-020199,2026-07-01,Broker,BRK-014,QLD,4685,Trust,84798443544,17,Manufacturing,587,Ute / van,Diesel,Used,5,24700.0,48,2021,2021 Toyota HiAce,25600.0,0.0,0.11
APP-020200,2026-07-01,Broker,BRK-021,VIC,3332,Company,96268807439,77,Construction & trades,496,Trailer,None,Used,8,28100.0,24,2018,2018 Tipper trailer,29100.0,1400.0,0.1134
APP-020201,2026-07-01,Broker,BRK-123,WA,6448,Company,11987545195,43,Construction & trades,785,Ute / van,Diesel,Used,8,18500.0,60,2018,2018 Ford Transit Custom,19200.0,0.0,0.0834
APP-020202,2026-07-01,Broker,BRK-001,QLD,4449,Company,44670713956,232,Construction & trades,787,Ute / van,Diesel,New,0,49800.0,36,2026,2026 Isuzu D-Max,51700.0,18900.0,0.0693
APP-020203,2026-07-01,Dealer,BRK-004,NSW,2899,Company,33417146549,235,Health care,612,Car / SUV,Hybrid,New,0,63300.0,36,2026,2026 Toyota Camry Hybrid,64200.0,0.0,0.084
APP-020204,2026-07-01,Broker,BRK-001,NSW,2815,Company,30984935504,271,Admin & support services,498,Other equipment,None,Used,10,11300.0,60,2016,2016 Dental chair,11300.0,600.0,0.11
APP-020205,2026-07-01,Broker,BRK-146,QLD,4368,Sole trader,25358896217,11,Mining,568,Ute / van,Plug-in hybrid,New,0,72700.0,36,2026,2026 BYD Shark 6,73800.0,29000.0,0.0941
APP-020206,2026-07-01,Broker,BRK-002,QLD,4133,Sole trader,46832172324,107,Construction & trades,818,Earthmoving equipment,Diesel,Used,8,73700.0,48,2018,2018 Bobcat S650 skid steer,74000.0,0.0,0.0799
APP-020207,2026-07-01,Broker,BRK-080,NSW,2654,Company,36488686249,172,Health care,987,Car / SUV,Petrol,Used,9,17200.0,48,2017,2017 Kia Sportage,17800.0,6400.0,0.069
APP-020208,2026-07-01,Broker,BRK-021,QLD,4640,Trust,39942963920,30,Transport & logistics,752,Truck,Diesel,New,0,168600.0,84,2026,2026 Isuzu NPR 45-155,156500.0,33100.0,0.0699
APP-020209,2026-07-01,Broker,BRK-068,NSW,2432,Company,56647193149,31,Other services,535,Ute / van,Diesel,New,0,67500.0,48,2026,2026 Toyota HiLux SR5,54400.0,0.0,0.0914
APP-020210,2026-07-01,Broker,BRK-006,SA,5705,Sole trader,48780439906,55,Transport & logistics,1070,Truck,Diesel,New,0,317800.0,72,2026,2026 Volvo FH,305600.0,800.0,0.069
APP-020211,2026-07-01,Dealer,BRK-017,TAS,7022,Sole trader,32007976201,316,Hospitality,833,Other equipment,None,New,0,110700.0,24,2026,2026 CNC router,102600.0,0.0,0.069
APP-020212,2026-07-01,Broker,BRK-140,WA,6115,Trust,38822982406,94,Professional services,687,Car / SUV,Electric,New,0,62800.0,48,2026,2026 MG ZS EV,60700.0,1700.0,0.0809
APP-020213,2026-07-01,Broker,BRK-001,WA,6378,Sole trader,63607615123,480,Professional services,591,Ute / van,Plug-in hybrid,Used,5,26600.0,36,2021,2021 BYD Shark 6,26600.0,9900.0,0.0964
APP-020214,2026-07-01,Broker,BRK-034,TAS,7360,Company,76445007616,30,Admin & support services,784,Car / SUV,Electric,New,0,40600.0,48,2026,2026 MG ZS EV,41800.0,0.0,0.0701
APP-020215,2026-07-01,Broker,BRK-131,NSW,2386,Sole trader,41823844141,74,Agriculture,571,Ute / van,Plug-in hybrid,New,0,75800.0,36,2026,2026 BYD Shark 6,76000.0,8600.0,0.0852
APP-020216,2026-07-01,Dealer,BRK-002,VIC,3265,Company,26897967460,210,Construction & trades,675,Ute / van,Diesel,New,0,75600.0,48,2026,2026 Toyota HiAce,78400.0,20900.0,0.0763
APP-020217,2026-07-01,Broker,BRK-085,NSW,2701,Partnership,32259973599,47,Health care,645,Car / SUV,Hybrid,Used,1,48000.0,36,2025,2025 Toyota RAV4 Hybrid,44200.0,8400.0,0.0792
APP-020218,2026-07-01,Broker,BRK-005,VIC,3322,Sole trader,27548428731,171,Construction & trades,743,Ute / van,Plug-in hybrid,New,0,52600.0,60,2026,2026 BYD Shark 6,49300.0,0.0,0.0702
APP-020219,2026-07-02,Dealer,BRK-003,NSW,2683,Company,46661433121,203,Manufacturing,642,Other equipment,None,New,0,100300.0,60,2026,2026 Dental chair,100700.0,8000.0,0.0819
APP-020220,2026-07-02,Dealer,BRK-002,QLD,4273,Trust,82883946389,107,Transport & logistics,752,Ute / van,Diesel,Used,3,40600.0,48,2023,2023 Toyota HiLux SR5,42000.0,0.0,0.0749
APP-020221,2026-07-02,Broker,BRK-056,NSW,2127,Sole trader,62212960341,146,Transport & logistics,529,Truck,Diesel,New,0,264400.0,72,2026,2026 Isuzu NPR 45-155,272600.0,77100.0,0.0952
APP-020222,2026-07-02,Dealer,BRK-001,WA,6063,Company,23514378348,13,Professional services,761,Car / SUV,Petrol,New,0,70300.0,48,2026,2026 Kia Sportage,70900.0,4000.0,0.0894
APP-020223,2026-07-02,Broker,BRK-013,WA,6096,Company,87478794369,216,Transport & logistics,789,Ute / van,Diesel,Used,8,18400.0,36,2018,2018 Mitsubishi Triton,18500.0,4000.0,0.0874
APP-020224,2026-07-02,Broker,BRK-048,TAS,7121,Company,55802292576,55,Hospitality,850,Other equipment,LPG,Used,9,25500.0,24,2017,2017 Toyota 8FG25 forklift,24600.0,100.0,0.0813
APP-020225,2026-07-02,Broker,BRK-002,NSW,2811,Sole trader,65564818576,15,Transport & logistics,515,Truck,Diesel,Used,3,204700.0,48,2023,2023 Hino 300 Series,211500.0,33100.0,0.1044
APP-020226,2026-07-02,Broker,BRK-004,WA,6420,Trust,29868672176,125,Admin & support services,707,Other equipment,None,Used,2,52800.0,36,2024,2024 Commercial kitchen fit-out,53100.0,0.0,0.0871
APP-020227,2026-07-02,Broker,BRK-002,NSW,2596,Partnership,34549769474,42,Manufacturing,897,Ute / van,Diesel,New,0,45600.0,36,2026,2026 Toyota HiAce,46900.0,13900.0,0.069
APP-020228,2026-07-02,Broker,BRK-001,NSW,2860,Company,17823346789,37,Admin & support services,513,Car / SUV,Hybrid,New,0,47300.0,36,2026,2026 Toyota RAV4 Hybrid,47800.0,7100.0,0.0959
APP-020229,2026-07-02,Broker,BRK-015,QLD,4858,Company,41815737158,216,Transport & logistics,1161,Truck,Diesel,New,0,331900.0,72,2026,2026 Isuzu NPR 45-155,335700.0,0.0,0.069
APP-020230,2026-07-02,Broker,BRK-019,NSW,2310,Trust,83368752892,19,Professional services,871,Other equipment,None,New,0,76200.0,48,2026,2026 Dental chair,76200.0,6600.0,0.0733
APP-020231,2026-07-02,Dealer,BRK-125,WA,6059,Sole trader,56868914806,81,Agriculture,690,Agricultural machinery,Diesel,Used,1,187300.0,72,2025,2025 New Holland T6 tractor,191300.0,0.0,0.0829
APP-020232,2026-07-02,Dealer,BRK-055,WA,6751,Company,69415683090,42,Wholesale trade,663,Car / SUV,Petrol,New,0,69400.0,60,2026,2026 Hyundai Tucson,71600.0,0.0,0.0854
APP-020233,2026-07-02,Broker,BRK-136,VIC,3984,Trust,18825749238,278,Other services,651,Ute / van,Diesel,Used,3,36800.0,60,2023,2023 Ford Transit Custom,37800.0,8600.0,0.09
APP-020234,2026-07-02,Dealer,BRK-061,VIC,3464,Trust,23493528565,351,Agriculture,803,Truck,Diesel,Used,8,93300.0,72,2018,2018 Volvo FH,91200.0,24400.0,0.069
APP-020235,2026-07-03,Broker,BRK-140,WA,6560,Company,47174141515,19,Construction & trades,780,Ute / van,Plug-in hybrid,Used,7,20200.0,48,2019,2019 BYD Shark 6,20700.0,5300.0,0.0989
APP-020236,2026-07-03,Broker,BRK-004,QLD,4470,Company,98519060426,144,Construction & trades,839,Earthmoving equipment,Diesel,New,0,72000.0,48,2026,2026 CAT 305 mini excavator,72700.0,2700.0,0.069
APP-020237,2026-07-03,Broker,BRK-002,NSW,2095,Company,46211739226,53,Construction & trades,654,Ute / van,Diesel,Used,7,29500.0,60,2019,2019 Ford Ranger XLT,28500.0,9200.0,0.0906
APP-020238,2026-07-03,Broker,BRK-011,VIC,3900,Trust,84953097259,143,Agriculture,747,Ute / van,Diesel,Used,3,40200.0,36,2023,2023 Toyota HiLux SR5,41700.0,0.0,0.0826
APP-020239,2026-07-03,Broker,BRK-018,VIC,3634,Company,96133038565,114,Transport & logistics,810,Ute / van,Diesel,Used,5,34000.0,36,2021,2021 Toyota HiLux SR5,34000.0,0.0,0.0776
APP-020240,2026-07-03,Broker,BRK-080,WA,6164,Trust,92347869345,67,Construction & trades,657,Ute / van,Diesel,New,0,43700.0,48,2021,2021 Mitsubishi Triton,45000.0,0.0,0.0816
APP-020241,2026-07-03,Dealer,BRK-024,WA,6607,Company,26144177047,380,Retail trade,1059,Ute / van,Diesel,New,0,40600.0,36,2026,2026 Ford Ranger XLT,34000.0,11500.0,0.069
APP-020242,2026-07-03,Broker,BRK-128,VIC,3940,Company,65046905127,49,Transport & logistics,910,Truck,Diesel,New,0,126100.0,48,2026,2026 Isuzu NPR 45-155,118300.0,10800.0,0.069
APP-020243,2026-07-03,Broker,BRK-006,NSW,2156,Trust,85472816107,100,Construction & trades,624,Car / SUV,Electric,New,0,45300.0,36,2026,2026 Tesla Model Y,37100.0,0.0,0.0919
APP-020244,2026-07-03,Broker,BRK-028,QLD,4613,Sole trader,41012516447,27,Construction & trades,855,Ute / van,Diesel,New,0,61900.0,36,2016,2016 Ford Ranger XLT,63500.0,15600.0,0.0694
APP-020245,2026-07-03,Broker,BRK-039,VIC,3172,Company,65398675691,31,Construction & trades,891,Ute / van,Diesel,Used,7,26600.0,36,2019,2019 Ford Transit Custom,25600.0,300.0,0.0732
APP-020246,2026-07-03,Dealer,BRK-002,VIC,3415,Trust,36888964619,35,Other services,822,Car / SUV,Electric,New,0,38500.0,36,2026,2026 MG ZS EV,35800.0,14100.0,0.069
APP-020247,2026-07-03,Broker,BRK-069,ACT,2920,Trust,97481295467,81,Health care,785,Car / SUV,Petrol,Used,7,23500.0,60,2019,2019 Mazda CX-5,21200.0,1900.0,0.0834
APP-020248,2026-07-03,Broker,BRK-037,NT,0890,Company,26824602520,36,Retail trade,866,Other equipment,LPG,Used,4,9200.0,36,2022,2022 Toyota 8FG25 forklift,13600.0,800.0,0.0838
APP-020249,2026-07-03,Broker,BRK-003,VIC,3074,Company,95750380218,387,Professional services,813,Car / SUV,Hybrid,Used,8,11900.0,60,2018,2018 Toyota Camry Hybrid,11000.0,1400.0,0.0928
APP-020250,2026-07-03,Broker,BRK-012,SA,5468,Partnership,11196979627,238,Retail trade,873,Ute / van,Plug-in hybrid,New,0,62200.0,48,2026,2026 BYD Shark 6,114700.0,13700.0,0.069
APP-020251,2026-07-03,Broker,BRK-038,NSW,2142,Sole trader,12870152995,126,Construction & trades,791,Trailer,None,New,0,19400.0,24,2026,2026 Flat top trailer,17500.0,0.0,0.0805
APP-020252,2026-07-03,Broker,BRK-056,NSW,2586,Company,73769224073,98,Manufacturing,688,Truck,Diesel,New,0,138900.0,48,2026,2026 Fuso Canter,144000.0,0.0,0.0792
APP-020253,2026-07-03,Broker,BRK-012,QLD,2048,Company,47627473632,111,Transport & logistics,516,Truck,Diesel,Used,6,114100.0,84,2020,2020 Volvo FH,118200.0,0.0,0.0974
APP-020254,2026-07-03,Broker,BRK-053,VIC,3596,Company,20259233703,77,Retail trade,793,Other equipment,LPG,New,0,50500.0,60,2026,2026 Toyota 8FG25 forklift,46300.0,3400.0,0.0695
APP-020255,2026-07-04,Broker,BRK-005,QLD,4302,Company,28147622807,33,Construction & trades,787,Ute / van,Diesel,New,0,60100.0,48,2026,2026 Isuzu D-Max,55500.0,20200.0,0.0725
APP-020256,2026-07-04,Broker,BRK-006,NSW,2698,Sole trader,59313698213,17,Manufacturing,559,Other equipment,None,Used,6,13400.0,36,2020,2020 CNC router,12100.0,700.0,0.1203
APP-020257,2026-07-04,Broker,BRK-001,VIC,3230,Sole trader,22840256577,104,Construction & trades,773,Ute / van,Diesel,Used,8,26900.0,36,2018,2018 Ford Transit Custom,28000.0,0.0,0.0866
APP-020258,2026-07-04,Broker,BRK-018,QLD,4352,Company,57445915244,38,Transport & logistics,688,Truck,Diesel,New,8,86200.0,84,2022,2022 Hino 300 Series,89600.0,8500.0,0.0819
APP-020259,2026-07-04,Broker,BRK-003,VIC,3275,Company,91980131365,104,Agriculture,543,Agricultural machinery,Diesel,New,0,237600.0,48,2026,2026 Kubota M7 tractor,190300.0,300.0,0.0873
APP-020260,2026-07-04,Broker,BRK-032,NSW,2418,Company,37792191747,33,Retail trade,604,Car / SUV,Petrol,New,0,71800.0,48,2026,2026 Mazda CX-5,74200.0,8100.0,0.0887
APP-020261,2026-07-04,Broker,BRK-134,VIC,3130,Sole trader,52112085590,20,Construction & trades,530,Earthmoving equipment,Diesel,Used,7,76700.0,48,2019,2019 Bobcat S650 skid stere,70700.0,0.0,0.1039
APP-020262,2026-07-04,Broker,BRK-150,QLD,4170,Company,89612630527,42,Professional services,569,Car / SUV,Petrol,Used,9,14500.0,60,2017,2017 Mazda CX-5,14600.0,3300.0,0.1062
APP-020263,2026-07-04,Broker,BRK-010,VIC,3892,Company,20498431504,167,Wholesale trade,756,Truck,Diesel,New,0,136800.0,48,2026,2026 Hino 300 Series,139400.0,10800.0,0.0731
APP-020264,2026-07-04,Broker,BRK-056,VIC,3117,Sole trader,69562851498,28,Construction & trades,781,Ute / van,Diesel,New,0,66200.0,60,2026,2026 Ford Ranger XLT,66300.0,3100.0,0.0715
APP-020265,2026-07-04,Broker,BRK-132,VIC,3505,Company,12616844304,20,Agriculture,553,Truck,Diesel,New,0,114500.0,84,2026,2026 Isuzu NPR 45-155,115000.0,0.0,0.0962
APP-020266,2026-07-04,Broker,BRK-022,VIC,3930,Sole trader,66567201650,67,Hospitality,823,Car / SUV,Electric,Used,3,44400.0,48,2023,2023 BYD Atto 3,45200.0,6000.0,0.0782
APP-020267,2026-07-04,Broker,BRK-008,NSW,2864,Trust,65406425959,319,Transport & logistics,525,Truck,Diesel,New,0,249900.0,48,2026,2026 Fuso Canter,256100.0,28000.0,0.0949
APP-020268,2026-07-04,Dealer,BRK-002,NSW,2590,Sole trader,32969790888,39,Admin & support services,825,Ute / van,Diesel,Used,1,45000.0,36,2025,2025 Ford Transit Custom,46100.0,0.0,0.0756
APP-020269,2026-07-04,Broker,BRK-003,VIC,3929,Sole trader,30962113467,8,Wholesale trade,804,Truck,Diesel,New,0,99900.0,72,2026,2026 Hino 300 Series,90800.0,0.0,0.0745
APP-020270,2026-07-04,Broker,BRK-090,WA,6313,Company,78289241196,260,Construction & trades,686,Ute / van,Plug-in hybrid,Used,2,43900.0,60,2024,2024 BYD Shark 6,45300.0,0.0,0.0883
APP-020271,2026-07-04,Broker,BRK-005,WA,6648,Company,12089605260,424,Construction & trades,584,Ute / van,Plug-in hybrid,New,0,56200.0,48,2026,2026 BYD Shark 6,46800.0,0.0,0.0855
APP-020272,2026-07-04,Broker,BRK-005,VIC,3069,Sole trader,40940136225,75,Health care,887,Car / SUV,Electric,New,0,73100.0,36,2026,2026 Tesla Model Y,76000.0,0.0,0.069
APP-020273,2026-07-04,Dealer,BRK-059,QLD,4961,Sole trader,83899082756,79,Retail trade,659,Other equipment,None,New,0,89800.0,24,2026,2026 Rooftop solar PV system,83500.0,3600.0,0.0802
APP-020274,2026-07-04,Broker,BRK-084,TAS,7260,Sole trader,74661708289,241,Agriculture,690,Agricultural machinery,Diesel,New,0,218800.0,48,2026,2026 John Deere 6120M tractor,223700.0,39300.0,0.0809
APP-020275,2026-07-04,Broker,BRK-003,TAS,7616,Company,75719994026,401,Other services,762,Other equipment,None,Used,1,71100.0,48,2025,2025 Rooftop solar PV syste,71200.0,5100.0,0.0803
APP-020276,2026-07-05,Broker,BRK-046,ACT,2613,Company,65815260446,106,Agriculture,851,Agricultural machinery,Diesel,New,0,249500.0,72,2026,2026 New Holland T6 tractor,249800.0,0.0,0.069
APP-020277,2026-07-05,Broker,BRK-015,NSW,2785,Company,49129631581,38,Transport & logistics,542,Truck,Diesel,New,0,83000.0,48,2026,2026 Isuzu NPR 45-155,141500.0,14700.0,0.0927
APP-020278,2026-07-05,Broker,BRK-005,QLD,4017,Partnership,54976806699,81,Transport & logistics,507,Truck,Diesel,New,0,156900.0,48,2026,2026 Fuso Canter,159200.0,25900.0,0.0958
APP-020279,2026-07-05,Broker,BRK-021,QLD,4796,Company,65821910433,18,Construction & trades,906,Car / SUV,Hybrid,Used,1,36100.0,48,2025,2025 Toyota RAV4 Hybrid,35300.0,5400.0,0.0755
APP-020280,2026-07-05,Broker,BRK-067,NSW,2707,Company,12792515171,125,Transport & logistics,940,Ute / van,Plug-in hybrid,New,0,72600.0,60,2026,2026 BYD Shark 6,72600.0,21800.0,0.069
APP-020281,2026-07-05,Broker,BRK-001,VIC,3977,Sole trader,76555205260,38,Professional services,915,Car / SUV,Electric,Used,6,21800.0,36,2020,2020 MG ZS EV,20000.0,4000.0,0.0714
APP-020282,2026-07-05,Broker,BRK-001,NSW,2236,Trust,13306009718,106,Transport & logistics,715,Truck,Diesel,New,1,205000.0,60,2017,2017 Isuzu NPR 45-155,188900.0,0.0,0.0813
APP-020283,2026-07-05,Broker,BRK-111,VIC,3359,Company,60101592481,89,Transport & logistics,480,Other equipment,None,New,0,75900.0,36,2026,2026 Rooftop solar PV system,76300.0,4300.0,0.0905
APP-020284,2026-07-05,Broker,BRK-133,VIC,3633,Company,59592042158,119,Professional services,772,Other equipment,None,Used,5,22900.0,24,2021,2021 Dental chair,23400.0,700.0,0.0918
APP-020285,2026-07-05,Dealer,BRK-022,NSW,2851,Trust,94347050897,39,Hospitality,707,Other equipment,None,New,0,12400.0,60,2026,2026 Commercial kitchen fit-out,12000.0,0.0,0.0895
APP-020286,2026-07-05,Broker,BRK-002,VIC,3106,Sole trader,18193624536,103,Construction & trades,808,Ute / van,Diesel,Used,5,25900.0,36,2021,2021 Ford Range rXLT,20900.0,0.0,0.0892
APP-020287,2026-07-05,Broker,BRK-001,NSW,2869,Company,86668986610,64,Professional services,645,Car / SUV,Petrol,Used,5,29000.0,36,2021,2021 Mazda CX-5,27200.0,0.0,0.1041
APP-020288,2026-07-05,Broker,BRK-002,SA,5291,Sole trader,74058176274,103,Construction & trades,683,Truck,Diesel,Used,2,212800.0,84,2024,2024 Kenworth T610,216800.0,0.0,0.0897
APP-020289,2026-07-05,Broker,BRK-006,NSW,2784,Company,59884901223,480,Construction & trades,475,Earthmoving equipment,Diesel,New,0,120000.0,48,2026,2026 CAT 305 mini excavator,124300.0,8900.0,0.0968
APP-020290,2026-07-05,Dealer,BRK-045,VIC,3799,Trust,81151292917,57,Agriculture,623,Agricultural machinery,Diesel,Used,4,133000.0,72,2022,2022 Kubota M7 tractor,137200.0,18700.0,0.0846
APP-020291,2026-07-05,Broker,BRK-002,VIC,3360,Sole trader,68971382560,90,Professional services,716,Car / SUV,Electric,Used,8,17100.0,36,2018,2018 BYD Atto 3,16300.0,0.0,0.0856
APP-020292,2026-07-05,Dealer,BRK-002,VIC,3508,Sole trader,40699345090,197,Professional services,805,Car / SUV,Electric,New,0,64700.0,36,2026,2026 MG ZS EV,67100.0,0.0,0.0699
APP-020293,2026-07-05,Broker,BRK-051,VIC,3691,Trust,45426548397,124,Admin & support services,570,Car / SUV,Petrol,New,0,69600.0,60,2026,2026 Hyundai Tucson,71300.0,0.0,0.082
APP-020294,2026-07-05,Broker,BRK-005,TAS,7673,Company,23449114041,22,Hospitality,672,Ute / van,Diesel,New,0,41500.0,60,2026,2026 Ford Ranger XLT,42300.0,6500.0,0.0911
APP-020295,2026-07-05,Broker,BRK-003,QLD,4328,Sole trader,75524603612,480,Admin & support services,1006,Car / SUV,Electric,Used,9,10900.0,60,2017,2017 BYD Atto 3,10900.0,0.0,0.069
APP-020296,2026-07-05,Broker,BRK-029,NSW,2858,Company,33391447976,108,Transport & logistics,796,Ute / van,Diesel,New,0,65200.0,48,2026,2026 Isuzu D-Max,62600.0,18400.0,0.0756
APP-020297,2026-07-05,Broker,BRK-001,WA,6645,Company,19179440668,127,Professional services,976,Car / SUV,Hybrid,New,0,53500.0,36,2026,2026 Toyota RAV4 Hybrid,48900.0,17700.0,0.069
APP-020298,2026-07-06,Broker,BRK-036,VIC,3601,Company,38693591041,65,Other,938,Car / SUV,Electric,New,0,43700.0,60,2026,2026 Tesla Model Y,39400.0,11300.0,0.069
APP-020299,2026-07-06,Broker,BRK-001,NSW,2838,Partnership,24778268982,480,Construction & trades,1063,Ute / van,Diesel,Used,10,16600.0,36,2016,2016 Ford Ranger XLT,13300.0,0.0,0.069
APP-020300,2026-07-06,Broker,BRK-004,VIC,3822,Company,78342790447,177,Other services,466,Ute / van,Diesel,Used,8,23900.0,60,2018,2018 Isuzu D-Max,24100.0,7900.0,0.1178
APP-020301,2026-07-06,Broker,BRK-015,NSW,2270,Sole trader,12441427636,41,Agriculture,843,Trailer,None,New,0,20300.0,60,2026,2026 Tipper trailer,20600.0,1400.0,0.0825
APP-020302,2026-07-06,Broker,BRK-036,VIC,3850,Sole trader,75034607660,166,Manufacturing,616,Other equipment,None,New,0,36600.0,60,2026,2026 CNC router,37600.0,0.0,0.0859
APP-020303,2026-07-06,Broker,BRK-003,VIC,3353,Sole trader,13252910066,250,Health care,879,Car / SUV,Electric,New,0,39800.0,60,2026,2026 Tesla Model Y,40500.0,0.0,0.069
APP-020304,2026-07-06,Broker,BRK-098,NSW,2339,Company,21237292599,57,Construction & trades,652,Car / SUV,Electric,New,0,74700.0,36,2026,2026 Tesla Model Y,74900.0,5200.0,0.0757
APP-020305,2026-07-06,Dealer,BRK-114,QLD,4759,Company,61310974618,40,Agriculture,649,Ute / van,Diesel,Used,9,18300.0,60,2017,2017 Toyota HiAce,18700.0,1500.0,0.1003
APP-020306,2026-07-06,Broker,BRK-017,NSW,2389,Company,33461921401,29,Transport & logistics,722,Truck,Diesel,Used,6,91300.0,48,2020,2020 Volvo FH,74900.0,0.0,0.0778
APP-020307,2026-07-06,Broker,BRK-005,QLD,4440,Company,77685712605,47,Agriculture,813,Ute / van,Diesel,New,0,65800.0,48,2026,2026 Toyota HiAce,63300.0,15000.0,0.0699
APP-020308,2026-07-06,Broker,BRK-002,SA,5760,Company,76036980252,155,Construction & trades,1031,Earthmoving equipment,Diesel,New,0,107700.0,60,2026,2026 CAT 305 mini excavator,111900.0,0.0,0.069
APP-020309,2026-07-06,Broker,BRK-122,NSW,2034,Company,50089428305,31,Mining,812,Earthmoving equipment,Diesel,Used,3,120400.0,48,2023,2023 Kubota KX040 excavator,120900.0,0.0,0.0704
APP-020310,2026-07-06,Dealer,BRK-002,NSW,2570,Sole trader,65378425108,82,Construction & trades,584,Ute / van,Diesel,Used,8,27800.0,60,2018,2018 Ford Ranger XLT,25600.0,0.0,0.1029
APP-020311,2026-07-06,Broker,BRK-006,NSW,2737,Company,29132895834,44,Wholesale trade,673,Truck,Diesel,New,0,222600.0,60,2026,2026 Fuso Canter,216300.0,16100.0,0.0805
APP-020312,2026-07-06,Broker,BRK-007,VIC,3074,Sole trader,19803863269,56,Transport & logistics,903,Truck,Diesel,Used,5,156000.0,84,2021,2021 Volvo FH,161000.0,6000.0,0.073
APP-020313,2026-07-06,Broker,BRK-005,WA,6482,Company,77211257805,83,Agriculture,714,Ute / van,Diesel,New,0,69300.0,60,2026,2026 Ford Ranger XLT,68300.0,0.0,0.0764
APP-020314,2026-07-06,Broker,BRK-001,NSW,2830,Company,27469681271,208,Transport & logistics,656,Trailer,None,Used,4,17500.0,24,2022,2022 Flat top trailer,18200.0,1000.0,0.0979
APP-020315,2026-07-07,Broker,BRK-003,NSW,2515,Company,63002254807,41,Construction & trades,666,Truck,Diesel,New,0,117500.0,48,2026,2026 Hino 300 Series,116100.0,0.0,0.0788
APP-020316,2026-07-07,Broker,BRK-059,QLD,4253,Sole trader,14069107338,77,Construction & trades,806,Truck,Diesel,New,0,253100.0,72,2026,2026 Kenworth T610,235700.0,65800.0,0.069
APP-020317,2026-07-07,Broker,BRK-003,QLD,4791,Sole trader,98327817412,67,Hospitality,659,Ute / van,Diesel,New,0,64700.0,60,2026,2026 Mitsubishi Triton,54300.0,4900.0,0.077
APP-020318,2026-07-07,Broker,BRK-063,NSW,2713,Company,24205305783,65,Health care,824,Other equipment,None,New,0,73300.0,24,2026,2026 CNC router,67800.0,0.0,0.069
APP-020319,2026-07-07,Broker,BRK-012,NSW,2792,Company,86308245560,26,Construction & trades,557,Earthmoving equipment,Diesel,New,0,182700.0,36,2026,2026 Kubota KX040 excavator,177100.0,0.0,0.0863
APP-020320,2026-07-07,Broker,BRK-001,NSW,2228,Company,19087038368,73,Transport & logistics,705,Trailer,None,Used,6,32000.0,36,2020,2020 Flat top trailer,29600.0,0.0,0.103
APP-020321,2026-07-07,Broker,BRK-081,NSW,2731,Company,95326095851,156,Health care,782,Car / SUV,Petrol,New,0,49500.0,60,2026,2026 Kia Sportage,51200.0,3600.0,0.077
APP-020322,2026-07-07,Broker,BRK-037,VIC,3847,Sole trader,49531301487,13,Other services,748,Ute / van,Diesel,Used,5,28100.0,48,2021,2021 Ford Transit Custom,28200.0,6600.0,0.0979
APP-020323,2026-07-07,Broker,BRK-033,NSW,2288,Trust,53701179894,38,Health care,718,Car / SUV,Hybrid,New,0,70700.0,48,2026,2026 Toyota RAV4 Hybrid,72100.0,20800.0,0.0734
APP-020324,2026-07-07,Dealer,BRK-002,NSW,2863,Trust,83215015167,91,Wholesale trade,583,Truck,Diesel,New,0,151600.0,60,2026,2026 Volvo FH,157300.0,0.0,0.0804
APP-020325,2026-07-07,Broker,BRK-035,WA,6684,Sole trader,69358402644,42,Hospitality,964,Other equipment,None,New,0,63800.0,24,2026,2026 Dental chair,64800.0,0.0,0.069
APP-020326,2026-07-07,Dealer,BRK-072,NSW,2377,Sole trader,24209384204,33,Transport & logistics,822,Truck,Diesel,Used,6,119600.0,48,2020,2020 Kenworth T610,118000.0,0.0,0.069
APP-020327,2026-07-07,Broker,BRK-149,WA,6116,Company,86039839834,42,Transport & logistics,923,Other equipment,LPG,Used,5,32500.0,36,2021,2021 Toyota 8FG25 forklift,33400.0,0.0,0.069
APP-020328,2026-07-07,Dealer,BRK-043,VIC,3883,Sole trader,81939738753,55,Transport & logistics,753,Trailer,None,New,0,25000.0,60,2026,2026 Flat top trailer,22700.0,0.0,0.0799
APP-020329,2026-07-07,Broker,BRK-013,VIC,3225,Partnership,76054606764,53,Manufacturing,752,Ute / van,Diesel,New,0,51500.0,36,2026,2026 Ford Ranger XLT,53500.0,2500.0,0.0746
APP-020330,2026-07-07,Broker,BRK-078,TAS,7020,Company,35251377466,67,Mining,643,Truck,Diesel,New,0,152300.0,48,2026,2026 Hino 300 Series,154800.0,6700.0,0.0737
APP-020331,2026-07-07,Broker,BRK-001,VIC,3332,Company,88550290255,259,Hospitality,590,Other equipment,None,Used,9,9800.0,60,2017,2017 Espresso machine,10000.0,0.0,0.1076
APP-020332,2026-07-07,Broker,BRK-013,NSW,2204,Sole trader,20722899399,53,Construction & trades,762,Ute / van,Diesel,Used,3,34000.0,48,2023,2023 Ford Ranger XLT,34400.0,9000.0,0.0801
APP-020333,2026-07-07,Broker,BRK-056,WA,6146,Company,23823590044,185,Hospitality,618,Car / SUV,Electric,Used,1,57800.0,36,2025,2025 BYD Atto 3,59800.0,0.0,0.0879
APP-020334,2026-07-07,Broker,BRK-009,VIC,3739,Partnership,47498517139,24,Construction & trades,832,Truck,Diesel,Used,7,84500.0,48,2019,2019 Isuzu NPR 45-155,77400.0,0.0,0.0704
APP-020335,2026-07-07,Broker,BRK-001,QLD,4157,Sole trader,15497170176,480,Manufacturing,667,Other equipment,LPG,New,0,103400.0,48,2026,2026 Toyota 8FG25 forklift,103600.0,0.0,0.0831
APP-020336,2026-07-07,Broker,BRK-002,NSW,2466,Sole trader,53564735271,159,Construction & trades,796,Ute / van,Plug-in hybrid,Used,2,42300.0,36,2024,2024 BYD Shark 6,38400.0,0.0,0.074
APP-020337,2026-07-07,Broker,BRK-002,NSW,2892,Sole trader,28370739181,116,Construction & trades,706,Earthmoving equipment,Diesel,New,0,111400.0,60,2026,2026 CAT 305 mini excavator,114800.0,0.0,0.0884
APP-020338,2026-07-07,Broker,BRK-082,SA,5441,Company,85703636077,49,Wholesale trade,638,Car / SUV,Hybrid,Used,8,15100.0,48,2018,2018 Toyota Camry Hybrid,14100.0,4700.0,0.1049
APP-020339,2026-07-07,Broker,BRK-053,VIC,3256,Sole trader,50249442061,89,Admin & support services,623,Car / SUV,Electric,Used,6,22400.0,48,2020,2020 BYD Atto 3,22800.0,5800.0,0.0967
APP-020340,2026-07-07,Broker,BRK-063,VIC,3595,Company,41683166046,146,Admin & support services,651,Ute / van,Diesel,Used,10,20000.0,48,2016,2016 Ford Transit Custom,32500.0,2800.0,0.0905
APP-020341,2026-07-07,Broker,BRK-110,QLD,4097,Trust,85798466153,52,Wholesale trade,447,Car / SUV,Petrol,New,0,71600.0,36,2026,2026 Kia Sportage,57500.0,0.0,0.0911
APP-020342,2026-07-07,Broker,BRK-006,VIC,4398,Company,49650113675,408,Hospitality,743,Other equipment,None,New,0,54900.0,36,2026,2026 Dental chair,49400.0,0.0,0.0738
APP-020343,2026-07-07,Broker,BRK-058,QLD,4420,Sole trader,40874959758,144,Construction & trades,650,Ute / van,Diesel,New,0,72800.0,36,2026,2026 Toyota HiLux SR5,74600.0,0.0,0.0768
APP-020344,2026-07-07,Broker,BRK-009,NSW,2699,Sole trader,41985982273,10,Mining,805,Earthmoving equipment,Diesel,Used,9,24800.0,60,2017,2017 Komatsu PC55 excavator,24800.0,0.0,0.0888
APP-020345,2026-07-08,Broker,BRK-069,SA,5307,Company,28529131042,147,Hospitality,732,Other equipment,None,Used,7,4800.0,60,2019,2019 CNC router,4900.0,400.0,0.0877
APP-020346,2026-07-08,Broker,BRK-048,NSW,2409,Company,12534924662,21,Hospitality,1008,Car / SUV,Hybrid,New,0,66300.0,48,2026,2026 Toyota Camry Hybrid,64800.0,0.0,0.069
APP-020347,2026-07-08,Broker,BRK-145,VIC,3660,Sole trader,30494894241,107,Professional services,868,Car / SUV,Hybrid,Used,5,21500.0,60,2021,2021 Toyota RAV4 Hybrid,21700.0,7600.0,0.0796
APP-020348,2026-07-08,Broker,BRK-062,NT,0804,Company,27271758866,480,Professional services,718,Car / SUV,Electric,Used,9,9600.0,48,2017,2017 Tesla Model Y,9600.0,0.0,0.0906
APP-020349,2026-07-08,Dealer,BRK-001,QLD,4895,Company,89300573674,96,Hospitality,772,Ute / van,Diesel,New,0,77700.0,60,2026,2026 Mitsubishi Triton,80600.0,18100.0,0.0756
APP-020350,2026-07-08,Broker,BRK-049,VIC,3770,Company,75865094418,60,Agriculture,1026,Ute / van,Diesel,Used,9,21300.0,48,2017,2017 Mitsubishi Triton,19500.0,7500.0,0.0706
APP-020351,2026-07-08,Broker,BRK-001,SA,5645,Company,56362853087,55,Other,858,Car / SUV,Electric,New,0,42900.0,60,2026,2026 MG ZS EV,44400.0,7900.0,0.069
APP-020352,2026-07-08,Broker,BRK-024,NSW,2722,Company,96686277654,268,Manufacturing,520,Car / SUV,Electric,New,0,68700.0,48,2026,2026 Tesla Model Y,67300.0,4900.0,0.0884
APP-020353,2026-07-08,Broker,BRK-002,VIC,3971,Company,80168995657,248,Admin & support services,665,Other equipment,None,New,0,67400.0,60,2026,2026 CNC router,62100.0,0.0,0.0805
APP-020354,2026-07-08,Broker,BRK-019,SA,5601,Trust,77173714439,12,Transport & logistics,734,Truck,Diesel,Used,4,111500.0,60,2022,2022 Hino 300 Series,109800.0,12500.0,0.0992
APP-020355,2026-07-08,Dealer,BRK-071,QLD,4179,Company,16520455018,67,Manufacturing,757,Other equipment,None,New,0,80700.0,60,2026,2026 CNC router,83500.0,2000.0,0.0707
APP-020356,2026-07-08,Broker,BRK-006,VIC,3281,Trust,71714587236,45,Professional services,550,Car / SUV,Electric,Used,7,19800.0,60,2019,2019 BYD Atto 3,19300.0,0.0,0.1041
APP-020357,2026-07-08,Broker,BRK-002,TAS,7105,Sole trader,85899584166,33,Construction & trades,584,Car / SUV,Electric,New,0,38100.0,60,2026,2026 BYD Atto 3,39200.0,7600.0,0.0852
APP-020358,2026-07-08,Broker,BRK-007,QLD,4752,Partnership,91493062732,12,Hospitality,648,Ute / van,Diesel,New,0,69100.0,48,2026,2026 Mitsubishi Triton,64600.0,0.0,0.0847
APP-020359,2026-07-08,Broker,BRK-003,TAS,7737,Trust,41728112967,49,Professional services,478,Car / SUV,Petrol,Used,6,17300.0,48,2020,2020 Kia Sportage,16700.0,3600.0,0.1126
APP-020360,2026-07-08,Broker,BRK-003,QLD,4759,Sole trader,86068254802,28,Hospitality,611,Other equipment,None,New,0,73200.0,60,2026,2026 CNC router,67000.0,0.0,0.0874
APP-020361,2026-07-08,Broker,BRK-048,NSW,2529,Sole trader,99041816384,162,Transport & logistics,703,Trailer,None,Used,5,13100.0,36,2021,2021 Flat top trailer,10700.0,200.0,0.0869
APP-020362,2026-07-09,Broker,BRK-049,TAS,7485,Sole trader,91660480822,25,Retail trade,556,Car / SUV,Electric,New,0,55000.0,48,2026,2026 Tesla Model Y,49800.0,0.0,0.086
APP-020363,2026-07-09,Broker,BRK-022,WA,6307,Company,56675642498,71,Transport & logistics,734,Trailer,None,Used,8,23500.0,60,2018,2018 Flat top trailer,23700.0,0.0,0.0901
APP-020364,2026-07-09,Broker,BRK-004,VIC,3954,Partnership,78726745454,41,Construction & trades,758,Truck,Diesel,Used,7,113100.0,60,2019,2019 Kenworth T610,103300.0,15100.0,0.0778
APP-020365,2026-07-09,Dealer,BRK-022,NSW,2808,Company,30078640392,169,Construction & trades,806,Car / SUV,Electric,Used,3,21700.0,48,2023,2023 Tesla Model Y,22000.0,0.0,0.0802
APP-020366,2026-07-09,Broker,BRK-126,WA,6462,Sole trader,55863574180,56,Health care,758,Other equipment,None,Used,7,31500.0,36,2019,2019 CNC router,32000.0,0.0,0.0793
APP-020367,2026-07-09,Broker,BRK-010,QLD,4264,Company,73583604818,225,Professional services,821,Other equipment,None,New,0,93500.0,36,2026,2026 Espresso machine,96100.0,0.0,0.069
APP-020368,2026-07-09,Broker,BRK-013,NSW,2654,Company,41043046767,63,Construction & trades,757,Ute / van,Diesel,New,0,56000.0,36,2026,2026 Toyota HiLux SR5,44900.0,0.0,0.073
APP-020369,2026-07-09,Broker,BRK-019,VIC,3440,Sole trader,95509655097,105,Transport & logistics,618,Trailer,None,Used,7,23900.0,48,2019,2019 Tandem box trailer,24400.0,0.0,0.1047
APP-020370,2026-07-09,Broker,BRK-003,ACT,2616,Sole trader,40282609971,59,Construction & trades,613,Earthmoving equipment,Diesel,New,0,63900.0,60,2026,2026 Kubota KX040 excavator,65100.0,8600.0,0.0818
APP-020371,2026-07-09,Broker,BRK-004,QLD,4666,Sole trader,70190432220,39,Health care,690,Other equipment,None,Used,9,8300.0,60,2017,2017 Rooftop solar PV system,8400.0,600.0,0.0964
APP-020372,2026-07-09,Broker,BRK-047,QLD,4379,Trust,16582364242,35,Construction & trades,553,Truck,Diesel,Used,4,102100.0,84,2022,2022 Volvo FH,104600.0,21800.0,0.0921
APP-020373,2026-07-09,Broker,BRK-002,QLD,4949,Company,43881628103,224,Transport & logistics,772,Truck,Diesel,New,0,309400.0,48,2026,2026 Fuso Canter,284200.0,44400.0,0.069
APP-020374,2026-07-09,Broker,BRK-032,VIC,3872,Trust,91725973782,65,Agriculture,771,Ute / van,Diesel,New,0,48800.0,60,2026,2026 Toyota HiAce,49800.0,17900.0,0.0707
APP-020375,2026-07-09,Broker,BRK-010,QLD,4063,Company,18424597942,58,Retail trade,770,Ute / van,Diesel,Used,6,22900.0,60,2020,2020 Ford Transit Custom,23800.0,7700.0,0.0875
APP-020376,2026-07-09,Dealer,BRK-006,NSW,2740,Trust,35845274732,45,Hospitality,706,Ute / van,Diesel,Used,5,26000.0,60,2021,2021 Toyota HiAce,26400.0,5100.0,0.0927
APP-020377,2026-07-09,Dealer,BRK-025,VIC,3054,Sole trader,25206685876,239,Wholesale trade,692,Ute / van,Diesel,Used,10,13500.0,60,2016,2016 Toyota HiAce,13900.0,2400.0,0.0996
APP-020378,2026-07-09,Broker,BRK-004,WA,5678,Sole trader,20149993431,184,Transport & logistics,567,Truck,Diesel,Used,2,177300.0,72,2024,2024 Hino 300 Series,160000.0,0.0,0.0962
APP-020379,2026-07-09,Broker,BRK-007,NSW,2524,Sole trader,97859450275,364,Wholesale trade,707,Truck,Diesel,Used,6,86200.0,48,2020,2020 Hino 300 Series,87000.0,20700.0,0.0846
APP-020380,2026-07-09,Broker,BRK-022,VIC,3426,Company,93252406940,12,Other services,982,Car / SUV,Hybrid,Used,9,16200.0,60,2017,2017 Toyota Camry Hybrid,16700.0,4100.0,0.0846
APP-020381,2026-07-09,Broker,BRK-040,NSW,2806,Company,40361920560,24,Construction & trades,488,Ute / van,Diesel,New,0,66600.0,48,2026,2026 Ford Transit Custom,62200.0,16900.0,0.099
APP-020382,2026-07-09,Dealer,BRK-084,SA,5621,Company,17276913851,53,Retail trade,503,Car / SUV,Electric,New,0,50800.0,36,2026,2026 MG ZS EV,52700.0,0.0,0.0886
APP-020383,2026-07-10,Broker,BRK-080,NSW,2670,Sole trader,90088341605,28,Transport & logistics,528,Trailer,None,Used,7,25500.0,36,2019,2019 Tipper trailer,20900.0,0.0,0.1123
APP-020384,2026-07-10,Broker,BRK-019,QLD,4488,Sole trader,51020502838,38,Transport & logistics,1046,Truck,Diesel,New,0,173700.0,84,2026,2026 Fuso Canter,140100.0,0.0,0.069
APP-020385,2026-07-10,Broker,BRK-001,VIC,3350,Trust,31699095558,72,Other services,822,Ute / van,Diesel,Used,5,28700.0,60,2021,2021 Ford Transit Custom,23500.0,10500.0,0.0885
APP-020386,2026-07-10,Broker,BRK-003,VIC,3187,Sole trader,33965892860,32,Manufacturing,772,Other equipment,None,Used,1,16400.0,36,2025,2025 Dental chair,15800.0,0.0,0.082
APP-020387,2026-07-10,Broker,BRK-001,NSW,2806,Partnership,38302103384,36,Transport & logistics,629,Truck,Diesel,Used,6,130600.0,84,2020,2020 Hino 300 Series,122600.0,16900.0,0.0902
APP-020388,2026-07-10,Broker,BRK-003,NT,0813,Company,63439794835,130,Transport & logistics,686,Ute / van,Diesel,New,0,42500.0,48,2026,2026 Mitsubishi Triton,43500.0,0.0,0.0777
APP-020389,2026-07-10,Broker,BRK-001,NSW,2729,Sole trader,33855256515,46,Other services,732,Ute / van,Diesel,Used,6,19900.0,48,2020,2020 Ford Ranger XLT,20600.0,4500.0,0.0795
APP-020390,2026-07-10,Broker,BRK-052,VIC,3476,Company,36852670274,20,Construction & trades,972,Ute / van,Diesel,New,0,45300.0,65,2026,2026 Ford Transit Custom,46600.0,0.0,0.069
APP-020391,2026-07-10,Broker,BRK-024,NSW,2122,Company,,17,Construction & trades,713,Ute / van,Plug-in hybrid,New,0,52500.0,60,2026,2026 BYD Shark 6,54100.0,0.0,0.0778
APP-020392,2026-07-10,Broker,BRK-001,QLD,4296,Sole trader,71351247750,259,Health care,816,Other equipment,None,New,0,43600.0,6,2026,2026 Rooftop solar PV system,44500.0,0.0,0.069
APP-020393,2026-07-10,Broker,BRK-034,NSW,2476,Sole trader,19879701432,29,Professional services,598,Other equipment,LPG,Used,1,80200.0,48,2025,2025 Toyota 8FG25 forklift,73200.0,3600.0,0.0903
APP-020394,2026-07-10,Broker,BRK-077,QLD,4225,Trust,10371562433,238,Manufacturing,750,Car / SUV,Electric,New,0,64300.0,60,2026,2026 Tesla Model Y,65400.0,0.0,0.0691
APP-020395,2026-07-10,Broker,BRK-001,VIC,3684,Sole trader,17148061222,75,Agriculture,684,Agricultural machinery,Diesel,Used,2,202400.0,72,2024,2024 Case IH Farmall tractor,164700.0,12900.0,0.086
APP-020396,2026-07-10,Broker,BRK-002,QLD,4234,Company,45261574196,13,Construction & trades,610,Car / SUV,Electric,New,0,67300.0,36,2026,2026 MG ZS EV,69100.0,1700.0,0.09
APP-020397,2026-07-10,Broker,BRK-017,NSW,2269,Sole trader,35529504229,55,Construction & trades,518,Earthmoving equipment,Diesel,Used,2,147000.0,60,2024,2024 Bobcat S650 skid steer,142900.0,15700.0,0.0969
APP-020398,2026-07-10,Broker,BRK-001,QLD,4935,Company,54111588496,101,Health care,790,Other equipment,None,New,0,55400.0,24,2026,2026 Espresso machine,56700.0,0.0,0.069
APP-020399,2026-07-10,Broker,BRK-001,NSW,2315,Trust,13577442960,55,Transport & logistics,533,Truck,Diesel,Used,6,123900.0,60,2020,2020 Kenworth T610,124400.0,0.0,0.0973
APP-020400,2026-07-10,Broker,BRK-029,SA,5402,Company,54540207546,33,Wholesale trade,799,Ute / van,Diesel,New,0,48400.0,48,2026,2026 Isuzu D-Max,49700.0,0.0,0.069
APP-020401,2026-07-10,Broker,BRK-026,WA,6522,Company,53367814600,40,Agriculture,812,Agricultural machinery,Diesel,New,0,103600.0,72,2026,2026 Case IH Farmall tractor,94900.0,0.0,0.0811
APP-020402,2026-07-10,Broker,BRK-075,NSW,2372,Sole trader,90988208783,32,Professional services,845,Ute / van,Plug-in hybrid,New,0,50800.0,60,2026,2026 BYD Shark 6,50200.0,5000.0,0.069
APP-020403,2026-07-10,Broker,BRK-001,VIC,3151,Sole trader,46086294802,210,Professional services,573,Other equipment,None,New,0,87000.0,60,2026,2026 CNC router,87000.0,0.0,0.0865
APP-020404,2026-07-11,Broker,BRK-105,SA,5057,Sole trader,87693615884,30,Health care,641,Car / SUV,Hybrid,New,0,67000.0,36,2026,2026 Toyota RAV4 Hybrid,67400.0,0.0,0.0834
APP-020405,2026-07-11,Dealer,BRK-001,NSW,2533,Sole trader,71101841794,27,Professional services,840,Car / SUV,Petrol,Used,4,20500.0,48,2022,2022 Mazda CX-5,16400.0,1500.0,0.0872
APP-020406,2026-07-11,Broker,BRK-006,NSW,2410,Company,60786874055,71,Professional services,901,Car / SUV,Hybrid,New,0,46700.0,60,2026,2026 Toyota Camry Hybrid,47900.0,14500.0,0.069
APP-020407,2026-07-11,Broker,BRK-001,VIC,3926,Sole trader,10176853056,81,Professional services,801,Car / SUV,Electric,New,0,35500.0,60,2026,2026 BYD Atto 3,36600.0,0.0,0.069
APP-020408,2026-07-11,Broker,BRK-004,NSW,2091,Company,77695911925,38,Health care,580,Other equipment,LPG,New,0,82000.0,24,2026,2026 Toyota 8FG25 forklift,82100.0,6900.0,0.082
APP-020409,2026-07-11,Broker,BRK-077,QLD,4085,Sole trader,21715225696,7,Professional services,744,Car / SUV,Petrol,New,0,44900.0,48,2026,2026 Kia Sportage,36000.0,12900.0,0.0871
APP-020410,2026-07-11,Broker,BRK-002,SA,5561,Sole trader,93618500351,23,Construction & trades,1046,Trailer,None,Used,1,19100.0,24,2025,2025 Tipper trailer,19800.0,0.0,0.0762
APP-020411,2026-07-11,Broker,BRK-003,VIC,3993,Company,33595569840,105,Hospitality,696,Ute / van,Diesel,New,0,43800.0,36,2026,2026 Toyota HiLux SR5,42000.0,2600.0,0.0801
APP-020412,2026-07-11,Broker,BRK-033,NT,0848,Company,10768738508,103,Other services,731,Ute / van,Diesel,New,0,53300.0,60,2026,2026 Ford Ranger XLT,54400.0,0.0,0.0801
APP-020413,2026-07-11,Broker,BRK-001,NSW,2760,Trust,97487690407,40,Professional services,642,Car / SUV,Petrol,New,0,50200.0,36,2026,2026 Mazda CX-5,51900.0,14800.0,0.0874
APP-020414,2026-07-11,Broker,BRK-032,SA,5578,Partnership,67533671277,181,Wholesale trade,566,Ute / van,Diesel,Used,4,24100.0,36,2022,2022 Ford Transit Custom,24200.0,4800.0,0.1029
APP-020415,2026-07-11,Broker,BRK-104,VIC,3242,Trust,28310563438,124,Transport & logistics,916,Truck,Diesel,Used,3,123000.0,60,2023,2023 Fuso Canter,126700.0,0.0,0.069
APP-020416,2026-07-11,Broker,BRK-001,SA,5427,Sole trader,56098223431,146,Construction & trades,881,Ute / van,Diesel,New,0,46600.0,36,2026,2026 Mitsubishi Triton,44900.0,0.0,0.069
APP-020417,2026-07-11,Dealer,BRK-001,SA,5105,Company,98772052322,70,Wholesale trade,637,Other equipment,None,Used,2,65700.0,24,2024,2024 Espresso machine,66000.0,3500.0,0.0925
APP-020418,2026-07-11,Broker,BRK-012,VIC,3592,Company,15016214477,94,Health care,652,Other equipment,None,New,0,21800.0,48,2026,2026 Espresso machine,22600.0,500.0,0.0887
APP-020419,2026-07-11,Broker,BRK-088,NSW,2295,Sole trader,17651685380,480,Retail trade,829,Other equipment,None,Used,9,21300.0,36,2017,2017 Espresso machine,22000.0,700.0,0.0851
APP-020420,2026-07-11,Broker,BRK-120,NSW,2516,Sole trader,60611670806,98,Health care,662,Car / SUV,Petrol,Used,6,27000.0,48,2020,2020 Mazda CX-5,27200.0,2800.0,0.09
APP-020421,2026-07-11,Broker,BRK-073,VIC,3770,Trust,83994861110,129,Transport & logistics,884,Truck,Diesel,Used,3,154800.0,72,2023,2023 Fuso Canter,157100.0,44300.0,0.07
APP-020422,2026-07-11,Broker,BRK-039,ACT,2132,Company,79394388564,103,Retail trade,634,Ute / van,Diesel,Used,6,21900.0,36,2020,2020 Ford Ranger XLT,22700.0,6000.0,0.0908
APP-020423,2026-07-11,Broker,BRK-013,QLD,4069,Company,65315424134,117,Wholesale trade,708,Ute / van,Diesel,Used,9,22600.0,48,2017,2017 Toyota HiLux SR5,23100.0,0.0,0.088
APP-020424,2026-07-11,Broker,BRK-070,QLD,4371,Company,76952499017,31,Transport & logistics,881,Ute / van,Diesel,Used,9,20700.0,60,2017,2017 Isuzu D-Max,21100.0,0.0,0.0811
APP-020425,2026-07-11,Broker,BRK-061,QLD,4327,Sole trader,13332424882,23,Agriculture,732,Agricultural machinery,Diesel,Used,8,78800.0,48,2018,2018 Kubota M7 tractor,80100.0,500.0,0.092
APP-020426,2026-07-12,Broker,BRK-003,VIC,3152,Company,11497066958,241,Professional services,700,Car / SUV,Electric,Used,9,9000.0,36,2017,2017 MG ZS EV,7300.0,1700.0,0.0968
APP-020427,2026-07-12,Dealer,BRK-052,QLD,4724,Sole trader,68758768743,16,Professional services,634,Car / SUV,Electric,New,0,41200.0,60,2026,2026 MG ZS EV,41200.0,12000.0,0.0934
APP-020428,2026-07-12,Broker,BRK-071,NSW,2896,Company,55626184687,11,Transport & logistics,771,Trailer,None,Used,8,18100.0,24,2018,2018 Flat top trailer,18400.0,500.0,0.0956
APP-020429,2026-07-12,Dealer,BRK-106,QLD,4961,Trust,13631193749,30,Hospitality,524,Other equipment,LPG,Used,10,14000.0,24,2016,2016 Toyota 8FG25 forklift,12900.0,100.0,0.1046
APP-020430,2026-07-12,Broker,BRK-055,QLD,4758,Company,88262085726,49,Construction & trades,761,Car / SUV,Electric,New,0,52000.0,36,2026,2026 Tesla Model Y,52000.0,2200.0,0.0774
APP-020431,2026-07-12,Broker,BRK-056,QLD,4839,Sole trader,53269960988,68,Retail trade,608,Ute / van,Diesel,Used,8,17800.0,48,2018,2018 Ford Ranger XLT,18200.0,2500.0,0.1094
APP-020432,2026-07-12,Broker,BRK-107,NSW,2113,Company,74762023280,140,Manufacturing,883,Ute / van,Diesel,New,0,47500.0,36,2026,2026 Isuzu D-Max,46700.0,3400.0,0.069
APP-020433,2026-07-12,Dealer,BRK-003,VIC,3768,Company,85193418951,134,Health care,826,Other equipment,LPG,Used,5,23200.0,60,2021,2021 Toyota 8FG25 forklift,22200.0,0.0,0.0836
APP-020434,2026-07-12,Broker,BRK-025,NSW,2434,Partnership,19643107921,4,Wholesale trade,698,Truck,Diesel,New,0,208900.0,72,2026,2026 Hino 300 Series,191700.0,12800.0,0.089
APP-020435,2026-07-12,Broker,BRK-104,VIC,3712,Sole trader,91051694309,31,Wholesale trade,833,Ute / van,Diesel,New,0,61200.0,36,2026,2026 Isuzu D-Max,56200.0,21000.0,0.0714
APP-020436,2026-07-12,Broker,BRK-036,WA,6568,Sole trader,53100663536,236,Other services,796,Ute / van,Diesel,New,0,56500.0,60,2026,2026 Mitsubishi Triton,45500.0,9000.0,0.069
APP-020437,2026-07-12,Broker,BRK-119,VIC,3323,Company,78681447743,85,Health care,730,Car / SUV,Electric,Used,3,22500.0,48,2023,2023 MG ZS EV,20900.0,0.0,0.0911
APP-020438,2026-07-12,Broker,BRK-001,NSW,2874,Trust,77116323180,77,Agriculture,815,Agricultural machinery,Diesel,New,0,202800.0,72,2026,2026 New Holland T6 tractor,203000.0,6900.0,0.0764
APP-020439,2026-07-12,Broker,BRK-003,SA,5493,Company,42080110650,172,Manufacturing,898,Other equipment,None,New,0,60100.0,48,2026,2026 Dental chair,61200.0,4000.0,0.069
APP-020440,2026-07-12,Dealer,BRK-004,NSW,2764,Company,61593629670,102,Professional services,449,Car / SUV,Petrol,New,0,40700.0,36,2026,2026 Mazda CX-5,41400.0,15200.0,0.0982
APP-020441,2026-07-12,Broker,BRK-001,VIC,3973,Company,54315801096,11,Other services,551,Car / SUV,Electric,New,0,49600.0,36,2026,2026 Tesla Model Y,51300.0,0.0,0.0952
APP-020442,2026-07-12,Dealer,BRK-035,VIC,3742,Trust,36459878081,74,Construction & trades,818,Ute / van,Diesel,Used,3,45500.0,36,2023,2023 Ford Transit Custom,47300.0,6600.0,0.0746
APP-020443,2026-07-12,Broker,BRK-011,VIC,3410,Sole trader,85708141297,50,Agriculture,843,Trailer,None,Used,10,4500.0,60,2016,2016 Tandem box trailer,4100.0,200.0,0.0767
APP-020444,2026-07-12,Broker,BRK-004,NSW,2884,Sole trader,64098006052,54,Agriculture,968,Ute / van,Diesel,Used,6,25200.0,36,2020,2020 Isuzu D-Max,22800.0,2800.0,0.074
APP-020445,2026-07-12,Broker,BRK-055,NSW,2701,Company,26752905300,136,Retail trade,589,Other equipment,None,New,0,61400.0,24,2026,2026 Espresso machine,50000.0,6000.0,0.0848
APP-020446,2026-07-12,Broker,BRK-044,NSW,2111,Partnership,19475463878,58,Transport & logistics,1017,Trailer,None,Used,10,14000.0,60,2016,2016 Tandem box trailer,14200.0,0.0,0.0714
APP-020447,2026-07-12,Broker,BRK-001,NSW,2510,Company,75678439195,200,Construction & trades,718,Ute / van,Diesel,Used,9,17400.0,36,2017,2017 Ford Ranger XLT,17900.0,3100.0,0.0937
APP-020448,2026-07-13,Broker,BRK-014,NSW,2759,Trust,45805969073,44,Transport & logistics,649,Truck,Diesel,New,0,325000.0,84,2026,2026 Isuzu NPR 45-155,337800.0,0.0,0.0803
APP-020449,2026-07-13,Broker,BRK-053,WA,6402,Sole trader,74577113558,62,Other services,862,Other equipment,None,Used,10,8900.0,36,2016,2016 CNC router,8600.0,500.0,0.0791
APP-020450,2026-07-13,Broker,BRK-001,NSW,2896,Trust,41369936913,132,Professional services,508,Car / SUV,Petrol,New,0,56600.0,36,2026,2026 Hyundai Tucson,55900.0,0.0,0.0902
APP-020451,2026-07-13,Broker,BRK-072,VIC,3590,Company,45833999328,73,Wholesale trade,711,Truck,Diesel,Used,6,134400.0,48,2020,2020 Hin 300 Series,124500.0,11700.0,0.0916
APP-020452,2026-07-13,Broker,BRK-034,QLD,4217,Company,16686369089,121,Retail trade,907,Other equipment,None,New,0,66500.0,48,2026,2026 Rooftop solar PV system,67300.0,800.0,0.069
APP-020453,2026-07-13,Broker,BRK-052,NSW,2817,Sole trader,23905026817,126,Construction & trades,721,Earthmoving equipment,Diesel,Used,1,124000.0,60,2025,2025 CAT 305 mini excavator,103900.0,0.0,0.0812
APP-020454,2026-07-13,Dealer,BRK-004,VIC,3701,Sole trader,18764217270,27,Manufacturing,871,Ute / van,Diesel,New,0,69700.0,60,2026,2026 Mitsubishi Triton,62800.0,27500.0,0.069
APP-020455,2026-07-13,Broker,BRK-059,VIC,3418,Company,66896676947,50,Manufacturing,639,Other equipment,LPG,New,0,58300.0,24,2026,2026 Toyota 8FG25 forklift,58700.0,0.0,0.0768
APP-020456,2026-07-13,Dealer,BRK-003,WA,6117,Trust,33860909424,56,Agriculture,662,Ute / van,Diesel,Used,5,33500.0,36,2021,2021 Toyota HiLux SR5,26800.0,0.0,0.0966
APP-020457,2026-07-13,Dealer,BRK-092,NSW,2403,Trust,62830051001,52,Construction & trades,928,Ute / van,Diesel,Used,7,21300.0,48,2019,2019 Toyota HiAce,21900.0,0.0,0.0767
APP-020458,2026-07-13,Dealer,BRK-003,NSW,2580,Trust,98825440200,29,Agriculture,610,Ute / van,Diesel,New,0,46100.0,36,2026,2026 Toyota HiLux SR5,43300.0,0.0,0.0904
APP-020459,2026-07-13,Broker,BRK-005,NSW,2298,Company,54980363598,43,Other,698,Ute / van,Diesel,New,0,79800.0,60,2026,2026 Mitsubishi Triton,81800.0,0.0,0.0817
APP-020460,2026-07-13,Broker,BRK-043,VIC,3543,Company,73721565190,29,Agriculture,700,Ute / van,Diesel,New,0,46300.0,36,2026,2026 Toyota HiAce,47300.0,3200.0,0.0732
APP-020461,2026-07-13,Broker,BRK-008,NSW,2520,Sole trader,47234744511,11,Construction & trades,671,Ute / van,Diesel,New,0,68300.0,48,2026,2026 Toyota HiAce,65100.0,15200.0,0.0899
APP-020462,2026-07-13,Broker,BRK-007,QLD,4305,Company,31819477634,480,Construction & trades,530,Ute / van,Diesel,Used,5,41800.0,48,2021,2021 Toyota HiLux SR5,42900.0,0.0,0.0935
APP-020463,2026-07-13,Broker,BRK-001,WA,6791,Company,83181405341,34,Transport & logistics,265,Trailer,None,Used,10,15300.0,36,2016,2016 Flat top trailer,12600.0,0.0,0.1293
APP-020464,2026-07-13,Broker,BRK-079,VIC,3225,Company,49930306424,292,Construction & trades,775,Earthmoving equipment,Diesel,Used,2,88100.0,60,2024,2024 Komatsu PC55 excavator,79800.0,0.0,0.0754
APP-020465,2026-07-13,Broker,BRK-016,VIC,3550,Sole trader,84280587944,480,Admin & support services,717,Ute / van,Plug-in hybrid,New,0,53500.0,48,2026,2026 BYD Shark 6,54100.0,700.0,0.0718
APP-020466,2026-07-13,Broker,BRK-011,VIC,3809,Sole trader,75241459914,61,Transport & logistics,443,Truck,Diesel,Used,10,27000.0,84,2016,2016 Volvo FH,43100.0,7800.0,0.1103
APP-020467,2026-07-13,Broker,BRK-004,NSW,2660,Partnership,72602713383,9,Retail trade,779,Ute / van,Diesel,Used,8,26900.0,48,2018,2018 Toyota HiAce,24500.0,0.0,0.0938
APP-020468,2026-07-13,Dealer,BRK-025,WA,6695,Sole trader,48097592491,119,Transport & logistics,694,Truck,Diesel,New,0,317200.0,60,2026,2026 Isuzu NPR 45-155,327500.0,14800.0,0.0789
APP-020469,2026-07-14,Broker,BRK-026,VIC,3645,Company,68247426186,55,Retail trade,470,Car / SUV,Electric,New,0,61700.0,48,2026,2026 Tesla Model Y,87500.0,0.0,0.0984
APP-020470,2026-07-14,Broker,BRK-001,WA,6156,Company,84766961760,75,Construction & trades,663,Ute / van,Diesel,Used,7,29300.0,60,2019,2019 Ford Ranger XLT,27100.0,0.0,0.0929
APP-020471,2026-07-14,Broker,BRK-001,TAS,7324,Trust,41497776600,28,Construction & trades,520,Earthmoving equipment,Diesel,Used,9,28400.0,60,2017,2017 Kubota KX040 excavator,26400.0,4100.0,0.108
APP-020472,2026-07-14,Dealer,BRK-033,NSW,2579,Company,46817955689,82,Admin & support services,769,Other equipment,None,Used,2,60200.0,24,2024,2024 Rooftop solar PV system,57900.0,900.0,0.08
APP-020473,2026-07-14,Broker,BRK-006,WA,6685,Trust,54150455602,416,Manufacturing,646,Truck,Diesel,Used,9,99600.0,72,2017,2017 Hino 300 Series,96300.0,0.0,0.088
APP-020474,2026-07-14,Broker,BRK-142,WA,6190,Company,54287068242,239,Manufacturing,777,Other equipment,None,Used,1,41400.0,24,2025,2025 Dental chair,34600.0,3400.0,0.0766
APP-020475,2026-07-14,Broker,BRK-004,QLD,4573,Sole trader,76317065411,185,Construction & trades,691,Car / SUV,Hybrid,New,0,59400.0,36,2026,2026 Toyota RAV4 Hybrid,60100.0,4800.0,0.0745
APP-020476,2026-07-14,Broker,BRK-002,WA,6483,Sole trader,59482037241,255,Manufacturing,802,Other equipment,None,Used,7,33500.0,36,2019,2019 Rooftop solar PV system,33900.0,0.0,0.0751
APP-020477,2026-07-14,Broker,BRK-001,VIC,3776,Company,64992084117,480,Construction & trades,735,Ute / van,Diesel,New,0,61500.0,36,2026,2026 Isuzu D-Max,61600.0,17800.0,0.0711
APP-020478,2026-07-14,Broker,BRK-046,QLD,4458,Company,57770589687,41,Hospitality,568,Car / SUV,Hybrid,New,0,45200.0,60,2026,2026 Toyota Camry Hybrid,46200.0,0.0,0.0843
APP-020479,2026-07-14,Dealer,BRK-006,VIC,3645,Company,96685031982,37,Construction & trades,771,Ute / van,Diesel,New,0,41100.0,36,2026,2026 Ford Transit Custom,39600.0,12100.0,0.0734
APP-020480,2026-07-14,Broker,BRK-005,NT,0857,Partnership,84333303943,36,Admin & support services,686,Other equipment,None,Used,5,14700.0,48,2021,2021 Rooftop solar PV system,13700.0,200.0,0.095
APP-020481,2026-07-14,Broker,BRK-002,VIC,3226,Company,39231855561,10,Professional services,1089,Ute / van,Diesel,New,0,60500.0,48,2026,2026 Ford Ranger XLT,62900.0,18500.0,0.069
APP-020482,2026-07-14,Broker,BRK-001,NSW,2745,Company,89467518638,56,Health care,858,Other equipment,None,Used,6,10300.0,24,2020,2020 Dental chair,9400.0,0.0,0.0809
APP-020483,2026-07-14,Dealer,BRK-004,QLD,4244,Company,15347429272,123,Retail trade,868,Car / SUV,Electric,New,0,57100.0,60,2026,2026 Tesla Model Y,57600.0,0.0,0.069
APP-020484,2026-07-14,Broker,BRK-011,QLD,4351,Partnership,19701062152,15,Professional services,652,Car / SUV,Petrol,Used,3,27200.0,48,2023,2023 Hyundai Tucson,27600.0,0.0,0.1074
APP-020485,2026-07-14,Dealer,BRK-041,WA,6635,Company,70838782728,98,Manufacturing,717,Other equipment,LPG,Used,5,19100.0,60,2021,2021 Toyota 8FG25 forklift,18500.0,0.0,0.086
APP-020486,2026-07-14,Broker,BRK-001,NSW,2886,Company,67730483231,69,Construction & trades,627,Earthmoving equipment,Diesel,Used,8,24700.0,36,2018,2018 CAT 305 mini excavator,24200.0,1300.0,0.0982
APP-020487,2026-07-14,Broker,BRK-009,QLD,4056,Sole trader,56041502359,129,Transport & logistics,831,Truck,Diesel,Used,7,94300.0,72,2019,2019 Kenworth T610,96500.0,1500.0,0.0695
APP-020488,2026-07-14,Broker,BRK-147,VIC,3444,Sole trader,51982467512,38,Wholesale trade,919,Ute / van,Diesel,Used,10,18000.0,48,2016,2016 Mitsubishi Triton,18300.0,3700.0,0.0699
APP-020489,2026-07-14,Broker,BRK-045,QLD,4446,Company,55535041425,91,Other,866,Ute / van,Plug-in hybrid,New,0,72100.0,36,2026,2026 BYD Shark 6,72700.0,17100.0,0.069
APP-020490,2026-07-14,Dealer,BRK-150,VIC,3550,Company,54714775085,16,Transport & logistics,687,Ute / van,Diesel,New,0,62800.0,60,2026,2026 Ford Transit Custom,58700.0,0.0,0.0884
APP-020491,2026-07-14,Broker,BRK-001,VIC,3244,Sole trader,36205862124,73,Professional services,773,Car / SUV,Hybrid,Used,9,17300.0,60,2017,2017 Toyota Camry Hybrid,17400.0,4400.0,0.0854
APP-020492,2026-07-15,Dealer,BRK-012,NSW,2817,Trust,76169421165,50,Agriculture,725,Agricultural machinery,Diesel,New,0,120000.0,72,2026,2026 New Holland T6 tractor,118400.0,20800.0,0.0772
APP-020493,2026-07-15,Dealer,BRK-004,VIC,3065,Company,98963817651,134,Transport & logistics,736,Truck,Diesel,Used,10,25200.0,60,2016,2016 Kenworth T610,25400.0,500.0,0.0868
APP-020494,2026-07-15,Broker,BRK-123,QLD,4464,Company,23262896973,73,Manufacturing,1038,Car / SUV,Hybrid,New,0,56700.0,48,2026,2026 Toyota RAV4 Hybrid,45900.0,19200.0,0.069
APP-020495,2026-07-15,Broker,BRK-108,NSW,2815,Company,22646966472,80,Other services,461,Ute / van,Diesel,Used,1,50700.0,48,2025,2025 Mitsubishi Triton,52700.0,13800.0,0.104
APP-020496,2026-07-15,Broker,BRK-027,SA,5362,Trust,98577422244,24,Transport & logistics,748,Ute / van,Diesel,New,0,40100.0,36,2026,2026 Ford Ranger XLT,41200.0,0.0,0.0704
APP-020497,2026-07-15,Broker,BRK-006,VIC,3793,Company,66389705626,9,Transport & logistics,612,Ute / van,Diesel,New,0,55300.0,60,2026,2026 Toyota HiLux SR5,51100.0,3400.0,0.0947
APP-020498,2026-07-15,Broker,BRK-024,NSW,2834,Company,29590136509,480,Health care,776,Car / SUV,Electric,New,0,61300.0,48,2026,2026 Tesla Model Y,62700.0,22900.0,0.0727
APP-020499,2026-07-15,Broker,BRK-096,WA,6795,Company,29972278536,83,Transport & logistics,718,Ute / van,Diesel,Used,2,32300.0,36,2024,2024 Toyota HiLux SR5,32300.0,700.0,0.0818
APP-020500,2026-07-15,Broker,BRK-028,NSW,2669,Company,78680156673,35,Construction & trades,946,Ute / van,Diesel,Used,4,44800.0,60,2022,2022 Toyota HiAce,45900.0,0.0,0.069
APP-020501,2026-07-15,Broker,BRK-064,NSW,2123,Trust,96811998828,75,Wholesale trade,675,Other equipment,LPG,Used,4,22800.0,48,2022,2022 Toyota 8FG25 forklift,21800.0,1000.0,0.0926
APP-020502,2026-07-15,Broker,BRK-046,NSW,2367,Sole trader,30780799406,45,Wholesale trade,635,Other equipment,None,New,0,111000.0,60,2026,2026 Rooftop solar PV system,115000.0,0.0,0.0791
APP-020503,2026-07-15,Broker,BRK-001,VIC,3232,Company,16218999451,121,Wholesale trade,665,Truck,Diesel,New,0,290500.0,60,2026,2026 Volvo FH,240900.0,0.0,0.0807
APP-020504,2026-07-15,Broker,BRK-062,NSW,2746,Trust,54903651279,35,Health care,801,Other equipment,None,Used,4,21200.0,60,2022,2022 Rooftop solar PV system,21400.0,500.0,0.0864
APP-020505,2026-07-15,Broker,BRK-003,WA,6209,Sole trader,10858238669,65,Professional services,456,Car / SUV,Petrol,Used,3,44000.0,60,2023,2023 Kia Sportage,45600.0,0.0,0.1031
APP-020506,2026-07-15,Broker,BRK-095,VIC,3499,Sole trader,29860666082,9,Manufacturing,1022,Ute / van,Plug-in hybrid,New,0,43500.0,36,2026,2026 BYD Shark 6,45200.0,0.0,0.069
APP-020507,2026-07-15,Broker,BRK-007,NSW,2870,Company,98629567171,83,Construction & trades,867,Ute / van,Diesel,Used,10,11500.0,60,2016,2016 Ford Transit Custom,11600.0,0.0,0.0772
APP-020508,2026-07-15,Broker,BRK-026,QLD,4794,Company,82074752442,27,Other services,676,Car / SUV,Petrol,New,0,67700.0,36,2026,2026 Hyundai Tucson,69100.0,0.0,0.0778
APP-020509,2026-07-15,Broker,BRK-006,SA,5790,Trust,87234329397,38,Construction & trades,867,Earthmoving equipment,Diesel,New,0,159100.0,60,2026,2026 Komatsu PC55 excavator,163700.0,0.0,0.069
APP-020510,2026-07-15,Broker,BRK-001,WA,6338,Trust,21848869384,98,Construction & trades,739,Earthmoving equipment,Diesel,New,0,123600.0,36,2026,2026 CAT 305 mini excavator,121700.0,0.0,0.0726
APP-020511,2026-07-15,Broker,BRK-067,NSW,2438,Company,33910529354,65,Transport & logistics,711,Truck,Diesel,Used,5,182900.0,60,2021,2021 Kenworth T610,186500.0,41100.0,0.0801
APP-020512,2026-07-15,Broker,BRK-052,WA,6758,Company,55258110589,48,Transport & logistics,646,Other equipment,None,New,0,63400.0,24,2026,2026 Espresso machine,64000.0,0.0,0.0806
APP-020513,2026-07-15,Broker,BRK-116,VIC,3120,Sole trader,29053465927,59,Retail trade,733,Other equipment,None,New,0,107700.0,36,2026,2026 Rooftop solar PV system,105700.0,0.0,0.0702
APP-020514,2026-07-15,Broker,BRK-027,VIC,3254,Trust,10994590015,13,Construction & trades,642,Earthmoving equipment,Diesel,New,0,182000.0,60,2026,2026 Bobcat S650 skid steer,148200.0,1900.0,0.091
APP-020515,2026-07-15,Broker,BRK-003,VIC,3045,Company,47839228929,21,Other services,833,Ute / van,Diesel,Used,7,26900.0,36,2019,2019 Mitsubishi Triton,27000.0,2200.0,0.0962
APP-020516,2026-07-15,Broker,BRK-002,QLD,4184,Sole trader,45281506563,125,Wholesale trade,653,Ute / van,Diesel,Used,4,42400.0,48,2022,2022 Toyota HiAce,43100.0,0.0,0.0943
APP-020517,2026-07-15,Broker,BRK-011,VIC,3364,Company,61232220662,120,Construction & trades,555,Earthmoving equipment,Diesel,New,0,71800.0,60,2026,2026 Bobcat S650 skid steer,74500.0,12100.0,0.0933
APP-020518,2026-07-15,Broker,BRK-007,QLD,4691,Trust,59929272844,480,Health care,622,Car / SUV,Electric,New,0,44800.0,48,2026,2026 Tesla Model Y,45100.0,0.0,0.083
APP-020519,2026-07-15,Broker,BRK-012,NSW,2725,Sole trader,37961609678,187,Health care,822,Other equipment,LPG,New,0,59700.0,60,2026,2026 Toyota 8FG25 forklift,61700.0,4800.0,0.0704
APP-020520,2026-07-15,Broker,BRK-004,NSW,2479,Sole trader,84822613576,85,Wholesale trade,645,Ute / van,Diesel,New,0,72400.0,60,2026,2026 Ford Ranger XLT,132700.0,0.0,0.0799
APP-020521,2026-07-15,Broker,BRK-145,SA,5652,Sole trader,16423840416,50,Construction & trades,725,Ute / van,Plug-in hybrid,New,0,48500.0,48,2026,2026 BYD Shark 6,49900.0,3800.0,0.0727
APP-020522,2026-07-16,Broker,BRK-001,VIC,3906,Sole trader,72362713779,89,Mining,833,Earthmoving equipment,Diesel,New,0,93000.0,48,2026,2026 Komatsu PC55 excavator,94300.0,0.0,0.069
APP-020523,2026-07-16,Dealer,BRK-057,QLD,4559,Company,68636464640,480,Construction & trades,952,Ute / van,Plug-in hybrid,New,0,41100.0,48,2026,2026 BYD Shark 6,41900.0,0.0,0.069
APP-020524,2026-07-16,Broker,BRK-027,NSW,2680,Trust,20719946734,60,Agriculture,598,Agricultural machinery,Diesel,Used,10,63800.0,48,2016,2016 Kubota M7 tractor,65700.0,0.0,0.0945
APP-020525,2026-07-16,Broker,BRK-025,NSW,2879,Sole trader,80768184313,132,Manufacturing,488,Truck,Diesel,Used,1,217400.0,60,2025,2025 Isuzu NPR 45-155,218500.0,30800.0,0.096
APP-020526,2026-07-16,Broker,BRK-033,NSW,2172,Sole trader,17506550999,42,Professional services,728,Car / SUV,Hybrid,New,0,40500.0,36,2026,2026 Toyota Camry Hybrid,37700.0,5600.0,0.0749
APP-020527,2026-07-16,Broker,BRK-108,QLD,4065,Partnership,42614429321,46,Construction & trades,716,Truck,Diesel,New,0,270000.0,84,2026,2026 Kenworth T610,248000.0,0.0,0.075
APP-020528,2026-07-16,Broker,BRK-044,NSW,2773,Sole trader,95616945845,62,Admin & support services,904,Ute / van,Plug-in hybrid,New,0,44800.0,60,2026,2026 BYD Shark 6,41400.0,0.0,0.069
APP-020529,2026-07-16,Broker,BRK-005,QLD,4332,Trust,93033403703,75,Other services,486,Ute / van,Diesel,New,0,50400.0,36,2026,2026 Isuzu D-Max,48200.0,11400.0,0.0941
APP-020530,2026-07-16,Dealer,BRK-005,NSW,2676,Company,84360820577,78,Construction & trades,581,Car / SUV,Hybrid,New,0,73900.0,60,2026,2026 Toyota RAV4 Hybrid,74400.0,0.0,0.0859
APP-020531,2026-07-16,Broker,BRK-081,NSW,2648,Company,11049235762,153,Agriculture,1038,Truck,Diesel,Used,1,240100.0,84,2025,2025 Kenworth T610,241000.0,40700.0,0.069
APP-020532,2026-07-16,Broker,BRK-017,QLD,4727,Company,44485669154,123,Retail trade,936,Ute / van,Diesel,Used,8,19900.0,48,2018,2018 Ford Ranger XLT,20300.0,6800.0,0.0782
APP-020533,2026-07-16,Broker,BRK-050,VIC,3022,Trust,54284815777,24,Construction & trades,795,Ute / van,Diesel,New,0,63400.0,36,2026,2026 Toyota HiAce,51800.0,20600.0,0.0778
APP-020534,2026-07-16,Broker,BRK-010,SA,5729,Sole trader,31469488249,27,Manufacturing,613,Ute / van,Diesel,New,8,26500.0,48,2019,2019 Toyota HiAce,27300.0,0.0,0.1133
APP-020535,2026-07-16,Broker,BRK-057,QLD,4465,Partnership,97783948323,134,Professional services,650,Car / SUV,Electric,New,0,68900.0,60,2026,2026 MG ZS EV,66800.0,9800.0,0.081
APP-020536,2026-07-16,Broker,BRK-013,VIC,3778,Company,72836339269,36,Agriculture,733,Ute / van,Plug-in hybrid,New,0,46500.0,36,2026,2026 BYD Shark 6,43000.0,18100.0,0.0701
APP-020537,2026-07-16,Dealer,BRK-019,NSW,2361,Sole trader,47010812963,26,Hospitality,698,Car / SUV,Petrol,Used,1,59700.0,36,2025,2025 Hyundai Tucson,60900.0,0.0,0.0851
APP-020538,2026-07-17,Broker,BRK-118,QLD,4109,Company,67394671686,410,Professional services,897,Ute / van,Plug-in hybrid,New,0,74500.0,48,2026,2026 BYD Shark 6,68400.0,0.0,0.069
APP-020539,2026-07-17,Broker,BRK-019,VIC,3812,Trust,44552245969,118,Transport & logistics,549,Truck,Diesel,New,0,94700.0,48,2026,2026 Isuzu NPR 45-155,96500.0,0.0,0.0889
APP-020540,2026-07-17,Broker,BRK-004,NSW,2200,Trust,44890620948,150,Professional services,622,Ute / van,Diesel,Used,10,21700.0,60,2016,2016 Toyota HiLux SR5,22400.0,3200.0,0.1032
APP-020541,2026-07-17,Broker,BRK-023,QLD,4956,Sole trader,45084467464,29,Professional services,489,Car / SUV,Petrol,New,0,58700.0,36,2026,2026 Kia Sportage,61000.0,20800.0,0.0885
APP-020542,2026-07-17,Broker,BRK-001,QLD,4582,Company,28537892504,85,Admin & support services,667,Other equipment,None,Used,6,13900.0,60,2020,2020 Rooftop solar PV system,14000.0,1100.0,0.1003
APP-020543,2026-07-17,Broker,BRK-005,NSW,2531,Company,95504255858,120,Retail trade,662,Car / SUV,Electric,Used,10,11600.0,36,2016,2016 BYD Atto 3,11800.0,0.0,0.1001
APP-020544,2026-07-17,Dealer,BRK-032,QLD,4130,Trust,91296936352,207,Construction & trades,453,Earthmoving equipment,Diesel,New,0,53700.0,36,2026,2026 Komatsu PC55 excavator,49300.0,4800.0,0.0989
APP-020545,2026-07-17,Broker,BRK-001,NSW,2455,Sole trader,32027018825,8,Transport & logistics,1046,Truck,Diesel,Used,7,81400.0,84,2019,2019 Volvo FH,74300.0,21600.0,0.069
APP-020546,2026-07-17,Broker,BRK-015,QLD,4822,Company,47567475355,163,Admin & support services,838,Ute / van,Diesel,Used,7,19800.0,48,2019,2019 Ford Ranger XLT,19900.0,6700.0,0.0816
APP-020547,2026-07-17,Broker,BRK-031,NSW,2824,Trust,49789938559,56,Other services,839,Other equipment,None,Used,5,23300.0,60,2021,2021 Espresso machine,23900.0,0.0,0.0828
APP-020548,2026-07-17,Broker,BRK-004,QLD,4129,Company,19277830780,51,Retail trade,740,Ute / van,Diesel,Used,1,68200.0,48,2025,2025 Isuzu D-Max,55300.0,0.0,0.0747
APP-020549,2026-07-17,Broker,BRK-004,VIC,3331,Company,50934171473,115,Manufacturing,941,Ute / van,Diesel,New,0,59200.0,36,2026,2026 Toyota HiLux SR5,60300.0,9400.0,0.069
APP-020550,2026-07-17,Broker,BRK-043,NSW,2801,Sole trader,25785629969,23,Health care,693,Other equipment,None,New,0,76600.0,36,2026,2026 Espresso machine,71700.0,5900.0,0.0863
APP-020551,2026-07-17,Broker,BRK-138,NSW,2742,Company,55568383482,183,Construction & trades,656,Ute / van,Diesel,New,0,49500.0,36,2026,2026 Toyota HiAce,50100.0,14500.0,0.083
APP-020552,2026-07-17,Broker,BRK-006,WA,6772,Company,93531870348,235,Transport & logistics,531,Truck,Diesel,New,0,273900.0,72,2026,2026 Isuzu NPR 45-155,270500.0,0.0,0.0864
APP-020553,2026-07-17,Dealer,BRK-003,WA,6279,Company,75477413633,121,Construction & trades,744,Earthmoving equipment,Diesel,New,0,136700.0,36,2026,2026 Bobcat S650 skid steer,135200.0,0.0,0.0774
APP-020554,2026-07-17,Dealer,BRK-143,VIC,3177,Trust,87600907339,88,Wholesale trade,586,Truck,Diesel,New,0,329100.0,72,2026,2026 Isuzu NPR 45-155,340000.0,38900.0,0.0864
APP-020555,2026-07-17,Broker,BRK-083,QLD,4697,Company,14111991319,65,Other services,872,Car / SUV,Electric,New,0,62000.0,36,2026,2026 BYD Atto 3,56600.0,0.0,0.069
APP-020556,2026-07-17,Dealer,BRK-121,WA,6695,Company,77517200615,68,Hospitality,666,Other equipment,None,Used,2,72400.0,60,2024,2024 Commercial kitchen fit-out,70500.0,2800.0,0.0946
APP-020557,2026-07-18,Broker,BRK-001,NSW,2536,Sole trader,98846146337,69,Transport & logistics,677,Truck,Diesel,New,0,127300.0,48,2026,2026 Volvo FH,124600.0,35100.0,0.0786
APP-020558,2026-07-18,Broker,BRK-120,VIC,3658,Trust,79409949026,27,Admin & support services,664,Car / SUV,Electric,Used,3,43400.0,36,2023,2023 MG ZS EV,34900.0,0.0,0.0794
APP-020559,2026-07-18,Broker,BRK-084,VIC,3463,Sole trader,69256166906,43,Transport & logistics,982,Truck,Diesel,New,0,161700.0,72,2026,2026 Volvo FH,148000.0,28100.0,0.069
APP-020560,2026-07-18,Broker,BRK-006,NSW,2123,Sole trader,80453870708,155,Transport & logistics,766,Truck,Diesel,New,0,99600.0,60,2026,2026 Isuzu NPR 45-155,97100.0,20700.0,0.0692
APP-020561,2026-07-18,Broker,BRK-035,NSW,2217,Sole trader,26286715453,58,Construction & trades,892,Ute / van,Diesel,New,0,60700.0,36,2026,2026 Toyota HiLux SR5,60800.0,0.0,0.069
APP-020562,2026-07-18,Broker,BRK-003,SA,5608,Sole trader,25366169121,101,Agriculture,587,Truck,Diesel,New,0,73800.0,84,2026,2026 Kenworth T610,76200.0,5800.0,0.081
APP-020563,2026-07-18,Broker,BRK-012,QLD,4333,Sole trader,68774663125,128,Admin & support services,815,Ute / van,Plug-in hybrid,New,0,77700.0,36,2026,2026 BYD Shark 6,78300.0,3800.0,0.069
APP-020564,2026-07-18,Broker,BRK-032,QLD,4664,Partnership,10075928320,52,Transport & logistics,651,Trailer,None,Used,10,8400.0,48,2016,2016 Tandem box trailer,8600.0,0.0,0.0944
APP-020565,2026-07-18,Broker,BRK-002,QLD,4473,Sole trader,18374452063,32,Professional services,987,Car / SUV,Hybrid,New,0,39000.0,36,2026,2026 Toyota RAV4 Hybrid,40000.0,0.0,0.069
APP-020566,2026-07-18,Dealer,BRK-134,VIC,3380,Company,35555994566,42,Manufacturing,517,Truck,Diesel,New,0,204800.0,60,2026,2026 Hino 300 Series,208000.0,0.0,0.085
APP-020567,2026-07-18,Broker,BRK-118,WA,6661,Company,90308240270,83,Manufacturing,973,Car / SUV,Petrol,Used,4,28100.0,48,2022,2022 Hyundai Tucson,28800.0,0.0,0.0712
APP-020568,2026-07-18,Broker,BRK-094,QLD,4450,Sole trader,59120390708,98,Construction & trades,745,Truck,Diesel,New,0,278500.0,84,2026,2026 Isuzu NPR 45-155,279100.0,0.0,0.0695
APP-020569,2026-07-18,Broker,BRK-002,VIC,3463,Company,21548305816,101,Retail trade,640,Car / SUV,Petrol,Used,2,45000.0,48,2024,2024 Kia Sportage,45300.0,9100.0,0.0918
APP-020570,2026-07-18,Dealer,BRK-043,NSW,2390,Sole trader,27823084189,134,Construction & trades,850,Ute / van,Diesel,New,0,50600.0,48,2026,2026 Ford Transit Custom,41100.0,15400.0,0.0715
APP-020571,2026-07-18,Broker,BRK-103,NSW,2012,Trust,59606797302,140,Transport & logistics,814,Truck,Diesel,Used,6,103100.0,72,2020,2020 Volvo FH,86000.0,14200.0,0.0792
APP-020572,2026-07-18,Broker,BRK-002,WA,6721,Sole trader,53310281104,156,Retail trade,583,Car / SUV,Hybrid,New,0,38900.0,48,2026,2026 Toyota Camry Hybrid,39700.0,0.0,0.0833
APP-020573,2026-07-19,Broker,BRK-039,QLD,4459,Trust,12671219026,46,Professional services,825,Car / SUV,Electric,New,0,41200.0,60,2026,2026 Tesla Model Y,38300.0,15700.0,0.0694
APP-020574,2026-07-19,Broker,BRK-003,VIC,3842,Company,54743016022,18,Admin & support services,636,Ute / van,Diesel,Used,4,43800.0,60,2022,2022 Toyota HiAce,44800.0,10700.0,0.093
APP-020575,2026-07-19,Broker,BRK-047,NSW,2058,Company,66562950764,43,Agriculture,792,Ute / van,Diesel,New,0,47700.0,36,2026,2026 Ford Ranger XLT,43500.0,0.0,0.0722
APP-020576,2026-07-19,Dealer,BRK-039,QLD,4375,Company,73923692919,38,Other,1047,Car / SUV,Electric,New,0,40400.0,48,2026,2026 Tesla Model Y,39700.0,5600.0,0.069
APP-020577,2026-07-19,Broker,BRK-096,VIC,3182,Sole trader,47908043365,30,Wholesale trade,544,Ute / van,Diesel,New,0,56900.0,48,2026,2026 Ford Ranger XLT,57200.0,7600.0,0.0937
APP-020578,2026-07-19,Broker,BRK-018,QLD,4030,Sole trader,69222597336,108,Transport & logistics,611,Truck,Diesel,Used,10,81500.0,60,2016,2016 Volvo FH,82700.0,0.0,0.0898
APP-020579,2026-07-19,Dealer,BRK-062,QLD,4036,Company,64726037732,125,Construction & trades,706,Ute / van,Diesel,New,0,64100.0,60,2026,2026 Toyota HiAce,65200.0,12900.0,0.0723
APP-020580,2026-07-19,Broker,BRK-003,SA,5540,Company,17433521341,64,Retail trade,649,Car / SUV,Hybrid,New,0,49500.0,36,2026,2026 Toyota RAV4 Hybrid,39800.0,0.0,0.0849
APP-020581,2026-07-19,Broker,BRK-038,NSW,2094,Partnership,24776753299,153,Manufacturing,608,Other equipment,None,Used,1,37400.0,60,2025,2025 CNC router,38800.0,0.0,0.0867
APP-020582,2026-07-19,Broker,BRK-098,QLD,4828,Trust,74245660769,85,Admin & support services,483,Ute / van,Plug-in hybrid,Used,8,23000.0,48,2018,2018 BYD Shark 6,23100.0,0.0,0.104
APP-020583,2026-07-19,Broker,BRK-054,WA,6317,Company,40173252578,63,Professional services,798,Other equipment,None,Used,3,11200.0,24,2023,2023 Espresso machine,10400.0,0.0,0.0801
APP-020584,2026-07-19,Broker,BRK-098,NSW,2698,Company,33218233203,55,Wholesale trade,826,Other equipment,None,Used,2,84200.0,48,2024,2024 Espresso machine,87400.0,0.0,0.069
APP-020585,2026-07-19,Broker,BRK-036,QLD,4235,Company,82723523530,12,Professional services,919,Other equipment,LPG,New,0,89300.0,60,2026,2026 Toyota 8FG25 forklift,89700.0,700.0,0.069
APP-020586,2026-07-19,Broker,BRK-025,NSW,2729,Company,42644227228,66,Health care,622,Other equipment,None,New,0,74100.0,24,2026,2026 Rooftop solar PV system,75000.0,87400.0,0.0901
APP-020587,2026-07-19,Dealer,BRK-112,QLD,4837,Company,56965471704,313,Agriculture,670,Ute / van,Diesel,New,0,74400.0,60,2026,2026 Toyota HiAce,75600.0,20100.0,0.0775
APP-020588,2026-07-19,Broker,BRK-007,QLD,4093,Sole trader,35784777489,450,Manufacturing,607,Ute / van,Diesel,New,0,62000.0,120,2026,2026 Mitsubishi Triton,49800.0,0.0,0.0863
APP-020589,2026-07-19,Broker,BRK-059,SA,5198,Company,30248743001,442,Wholesale trade,727,Truck,Diesel,New,0,305800.0,60,2026,2026 Volvo FH,283700.0,57100.0,0.0707
APP-020590,2026-07-19,Broker,BRK-047,SA,5307,Partnership,16316730778,288,Admin & support services,761,Car / SUV,Electric,New,0,64100.0,48,2026,2026 MG ZS EV,53300.0,25300.0,0.0717
APP-020591,2026-07-19,Broker,BRK-077,NT,0838,Company,89142493356,117,Wholesale trade,644,Car / SUV,Hybrid,Used,3,24400.0,36,2023,2023 Toyota RAV4 Hybrid,25200.0,3700.0,0.1009
APP-020592,2026-07-19,Broker,BRK-019,QLD,4374,Sole trader,76054343066,120,Professional services,591,Ute / van,Diesel,Used,1,62500.0,48,2025,2025 Toyota HiAce,56300.0,18600.0,0.0921
APP-020593,2026-07-20,Broker,BRK-019,QLD,4449,Company,49770751431,82,Construction & trades,963,Truck,Diesel,New,0,317800.0,84,2026,2026 Fuso Canter,262000.0,24600.0,0.069
APP-020594,2026-07-20,Dealer,BRK-001,QLD,4267,Trust,54594163024,24,Health care,650,Other equipment,None,Used,7,16700.0,24,2019,2019 Rooftop solar PV system,15600.0,1000.0,0.1
APP-020595,2026-07-20,Broker,BRK-119,QLD,4697,Company,76047041839,480,Transport & logistics,588,Truck,Diesel,Used,2,90700.0,60,2024,2024 Volvo FH,91200.0,5400.0,0.0913
APP-020596,2026-07-20,Dealer,BRK-010,WA,6167,Trust,35159093335,258,Hospitality,760,Ute / van,Plug-in hybrid,New,0,63800.0,48,2026,2026 BYD Shark 6,57700.0,0.0,0.0805
APP-020597,2026-07-20,Broker,BRK-025,NSW,2679,Company,33874112818,480,Admin & support services,380,Ute / van,Diesel,New,0,42700.0,48,2026,2026 Mitsubishi Triton,41900.0,7300.0,0.1021
APP-020598,2026-07-20,Broker,BRK-003,QLD,4570,Trust,79645048405,38,Construction & trades,661,Ute / van,Plug-in hybrid,New,0,49200.0,48,2026,2026 BYD Shark 6,49300.0,0.0,0.078
APP-020599,2026-07-20,Broker,BRK-034,NSW,2360,Sole trader,15453027055,152,Professional services,927,Ute / van,Plug-in hybrid,New,0,78600.0,48,2026,2026 BYD Shark 6,70900.0,27200.0,0.069
APP-020600,2026-07-20,Dealer,BRK-008,NSW,2196,Company,93214311759,23,Manufacturing,620,Ute / van,Diesel,Used,5,35700.0,36,2021,2021 Toyota HiAce,29700.0,0.0,0.1121
APP-020601,2026-07-20,Broker,BRK-029,WA,6781,Company,31907809257,56,Construction & trades,851,Trailer,None,New,0,53900.0,36,2026,2026 Tipper trailer,91600.0,4500.0,0.069
APP-020602,2026-07-20,Broker,BRK-056,QLD,4172,Sole trader,57012810873,106,Wholesale trade,567,Truck,Diesel,New,0,222800.0,84,2026,2026 Kenworth T610,226000.0,28300.0,0.0856
APP-020603,2026-07-20,Broker,BRK-033,VIC,3652,Sole trader,18611270283,207,Transport & logistics,738,Truck,Diesel,New,0,87900.0,84,2026,2026 Volvo FH,84300.0,0.0,0.08
APP-020604,2026-07-20,Broker,BRK-001,VIC,3981,Trust,62638185409,14,Construction & trades,756,Ute / van,Diesel,New,0,73200.0,48,2026,2026 Isuzu D-Max,69800.0,0.0,0.0793
APP-020605,2026-07-20,Broker,BRK-075,NSW,2744,Company,72754879729,176,Transport & logistics,745,Ute / van,Diesel,New,0,60800.0,36,2026,2026 Toyota HiLux SR5,62200.0,0.0,0.0789
APP-020606,2026-07-20,Broker,BRK-026,QLD,4393,Trust,55699100041,41,Construction & trades,661,Truck,Diesel,New,0,176800.0,48,2026,2026 Hino 300 Series,163500.0,38600.0,0.0846
APP-020607,2026-07-20,Broker,BRK-004,NSW,2100,Company,31959997228,62,Health care,691,Car / SUV,Petrol,Used,5,30500.0,48,2021,2021 Mazda CX-5,28500.0,0.0,0.0915
APP-020608,2026-07-20,Broker,BRK-007,QLD,4417,Company,72241179603,27,Retail trade,871,Car / SUV,Petrol,New,0,64300.0,48,2026,2026 Mazda CX-5,59400.0,0.0,0.069
APP-020609,2026-07-20,Broker,BRK-076,VIC,3487,Sole trader,37673933416,242,Other services,880,Ute / van,Diesel,New,0,40500.0,36,2026,2026 Ford Ranger XLT,40000.0,0.0,0.069
APP-020610,2026-07-20,Broker,BRK-121,QLD,4432,Company,32038962470,50,Retail trade,643,Car / SUV,Electric,New,0,67000.0,6,2026,2026 Tesla Model Y,68700.0,17900.0,0.0746
APP-020611,2026-07-20,Broker,BRK-077,NSW,2581,Company,61222053574,191,Construction & trades,636,Car / SUV,Petrol,New,0,38800.0,36,2026,2026 Hyundai Tucson,40100.0,0.0,0.0783
APP-020612,2026-07-20,Broker,BRK-101,VIC,3242,Company,91044464573,65,Manufacturing,561,Ute / van,Diesel,New,0,57800.0,60,2026,2026 Isuzu D-Max,96500.0,13600.0,0.0914
APP-020613,2026-07-20,Broker,BRK-018,VIC,3826,Partnership,16943393241,53,Wholesale trade,961,Truck,Diesel,Used,7,121400.0,84,2019,2019 Kenworth T610,124500.0,33200.0,0.069
APP-020614,2026-07-20,Broker,BRK-012,QLD,4759,Sole trader,27629129344,41,Wholesale trade,712,Ute / van,Diesel,Used,6,29600.0,60,2020,2020 Toyota HiLux SR5,29600.0,0.0,0.0936
APP-020615,2026-07-20,Broker,BRK-078,SA,5600,Company,29093969605,34,Other services,508,Ute / van,Plug-in hybrid,New,0,45700.0,48,2026,2026 BYD Shark 6,41300.0,0.0,0.0996
APP-020616,2026-07-20,Broker,BRK-011,QLD,4233,Company,82766344347,205,Professional services,935,Car / SUV,Hybrid,New,0,49800.0,48,2026,2026 Toyota RAV4 Hybrid,47900.0,5900.0,0.069
APP-020617,2026-07-20,Broker,BRK-050,WA,6760,Trust,28333211848,135,Health care,699,Other equipment,None,Used,8,27800.0,48,2018,2018 Commercial kitchen fit-out,28100.0,0.0,0.0983
APP-020618,2026-07-20,Broker,BRK-033,QLD,4719,Sole trader,47205712113,127,Construction & trades,715,Ute / van,Plug-in hybrid,Used,4,34200.0,36,2022,2022 BYD Shark 6,35200.0,1500.0,0.0867
APP-020619,2026-07-21,Broker,BRK-002,NSW,2075,Company,46694129424,110,Construction & trades,984,Ute / van,Diesel,New,0,57600.0,36,2026,2026 Toyota HiLux SR5,47100.0,19100.0,0.069
APP-020620,2026-07-21,Broker,BRK-007,VIC,3643,Sole trader,66388816214,105,Professional services,935,Car / SUV,Petrol,New,0,51700.0,48,2026,2026 Kia Sportage,48400.0,0.0,0.069
APP-020621,2026-07-21,Broker,BRK-003,QLD,4498,Partnership,57534857693,150,Construction & trades,804,Ute / van,Diesel,New,0,49300.0,36,2026,2026 Ford Ranger XLT,44500.0,18800.0,0.0723
APP-020622,2026-07-21,Broker,BRK-002,VIC,3548,Sole trader,97266055582,466,Professional services,756,Car / SUV,Electric,Used,3,41600.0,48,2023,2023 MG ZS EV,33700.0,0.0,0.0794
APP-020623,2026-07-21,Broker,BRK-013,SA,5542,Sole trader,70928950794,38,Retail trade,936,Other equipment,None,Used,4,40800.0,60,2022,2022 Commercial kitchen fit-out,37000.0,0.0,0.069
APP-020624,2026-07-21,Broker,BRK-003,VIC,3534,Sole trader,46125519019,20,Construction & trades,735,Ute / van,Diesel,Used,2,60200.0,36,2024,2024 Ford Transit Custom,60300.0,0.0,0.0896
APP-020625,2026-07-21,Broker,BRK-001,VIC,3688,Trust,13390620607,23,Wholesale trade,663,Ute / van,Diesel,Used,2,48400.0,48,2024,2024 Toyota HiAce,49400.0,14100.0,0.1076
APP-020626,2026-07-21,Broker,BRK-003,NSW,2587,Sole trader,19111552516,322,Admin & support services,968,Ute / van,Diesel,Used,7,27700.0,36,2019,2019 Ford Transit Custom,28100.0,0.0,0.0728
APP-020627,2026-07-21,Dealer,BRK-034,NSW,2271,Sole trader,66608067640,38,Professional services,701,Car / SUV,Hybrid,Used,10,7800.0,60,2016,2016 Toyota RAV4 Hybrid,7600.0,200.0,0.0888
APP-020628,2026-07-21,Broker,BRK-075,NSW,3297,Sole trader,39749627644,124,Wholesale trade,785,Ute / van,Diesel,New,0,51900.0,48,2026,2026 Mitsubishi Triton,52400.0,0.0,0.0697
APP-020629,2026-07-21,Broker,BRK-016,NSW,2828,Sole trader,14744236852,117,Transport & logistics,703,Ute / van,Diesel,Used,7,28100.0,60,2019,2019 Ford Transit Custom,26000.0,0.0,0.0954
APP-020630,2026-07-21,Dealer,BRK-033,QLD,4558,Sole trader,85066873169,15,Agriculture,801,Agricultural machinery,Diesel,Used,7,128200.0,60,2019,2019 Case IH Farmall tractor,119200.0,0.0,0.0877
APP-020631,2026-07-21,Broker,BRK-039,NSW,2140,Company,77271412546,18,Construction & trades,639,Car / SUV,Electric,New,0,39300.0,60,2026,2026 MG ZS EV,39800.0,0.0,0.0909
APP-020632,2026-07-21,Broker,BRK-039,NSW,2407,Partnership,37125363496,216,Transport & logistics,634,Truck,Diesel,Used,5,169900.0,72,2021,2021 Isuzu NPR 45-155,136000.0,21000.0,0.0976
APP-020633,2026-07-21,Broker,BRK-144,QLD,4871,Company,22242772233,58,Construction & trades,648,Trailer,None,New,0,52400.0,24,2026,2026 Tipper trailer,47900.0,700.0,0.0829
APP-020634,2026-07-21,Broker,BRK-033,WA,6121,Trust,38240060360,37,Construction & trades,685,Ute / van,Diesel,Used,8,18800.0,36,2018,2018 Ford Transit Custom,18300.0,4500.0,0.0909
APP-020635,2026-07-21,Broker,BRK-024,NSW,2333,Company,86698271198,44,Other services,647,Other equipment,None,New,0,85500.0,60,2026,2026 Rooftop solar PV system,71200.0,0.0,0.0874
APP-020636,2026-07-21,Broker,BRK-094,VIC,3502,Trust,61811176845,59,Construction & trades,856,Earthmoving equipment,Diesel,Used,10,53900.0,60,2016,2016 Bobcat S650 skid steer,54700.0,0.0,0.069
APP-020637,2026-07-21,Broker,BRK-034,NSW,2097,Sole trader,66808697901,26,Hospitality,742,Ute / van,Diesel,New,0,49700.0,36,2026,2026 Toyota HiLux SR5,50400.0,10700.0,0.0792
APP-020638,2026-07-21,Dealer,BRK-015,SA,5377,Sole trader,38451081501,55,Construction & trades,935,Ute / van,Diesel,New,0,53300.0,60,2026,2026 Ford Ranger XLT,51300.0,0.0,0.069
APP-020639,2026-07-21,Broker,BRK-058,VIC,3944,Company,91905980973,185,Hospitality,657,Ute / van,Diesel,Used,4,29900.0,36,2022,2022 Ford Ranger XLT,28800.0,0.0,0.1034
APP-020640,2026-07-21,Broker,BRK-004,QLD,4076,Sole trader,41383862087,377,Professional services,576,Car / SUV,Hybrid,Used,9,14800.0,60,2017,2017 Toyota Camry Hybrid,14200.0,0.0,0.1001
APP-020641,2026-07-22,Broker,BRK-043,VIC,3848,Company,19422170404,272,Hospitality,794,Other equipment,LPG,Used,6,8600.0,36,2020,2020 Toyota 8FG25 forklift,8000.0,0.0,0.0859
APP-020642,2026-07-22,Broker,BRK-064,WA,6657,Trust,31039292940,65,Wholesale trade,786,Truck,Diesel,Used,6,142800.0,72,2020,2020 Fuso Canter,145400.0,13000.0,0.0766
APP-020643,2026-07-22,Dealer,BRK-037,VIC,3766,Sole trader,27488733637,156,Professional services,689,Ute / van,Diesel,New,0,59100.0,60,2026,2026 Ford Transit Custom,61100.0,0.0,0.0737
APP-020644,2026-07-22,Broker,BRK-003,SA,5124,Sole trader,85522288287,10,Professional services,751,Car / SUV,Petrol,Used,4,33500.0,48,2022,2022 Hyundai Tucson,30400.0,900.0,0.0831
APP-020645,2026-07-22,Broker,BRK-021,VIC,3146,Trust,71116713648,77,Wholesale trade,827,Truck,Diesel,New,0,72000.0,84,2026,2026 Hino 300 Series,69600.0,7100.0,0.069
APP-020646,2026-07-22,Broker,BRK-076,QLD,4347,Sole trader,77004691037,214,Hospitality,668,Other equipment,None,Used,8,28200.0,60,2018,2018 Commercial kitchen fit-out,28600.0,0.0,0.0957
APP-020647,2026-07-22,Broker,BRK-011,NSW,2807,Partnership,55104987520,153,Other services,856,Car / SUV,Hybrid,New,0,41000.0,36,2026,2026 Toyota Camry Hybrid,34200.0,10200.0,0.069
APP-020648,2026-07-22,Broker,BRK-117,NSW,2499,Company,80251033235,35,Retail trade,772,Ute / van,Diesel,New,0,75100.0,48,2026,2026 Toyota HiLux SR5,75300.0,10100.0,0.069
APP-020649,2026-07-22,Broker,BRK-001,VIC,3917,Company,75985842387,18,Professional services,785,Car / SUV,Electric,Used,7,15700.0,36,2019,2019 Tesla Model Y,16200.0,3900.0,0.0921
APP-020650,2026-07-22,Broker,BRK-042,NSW,2880,Sole trader,15684974238,95,Hospitality,1093,Car / SUV,Petrol,New,0,38300.0,36,2026,2026 Kia Sportage,34500.0,0.0,0.069
APP-020651,2026-07-22,Broker,BRK-004,NSW,2824,Trust,78238346504,33,Wholesale trade,887,Ute / van,Diesel,New,0,55400.0,48,2026,2026 Mitsubishi Triton,55600.0,700.0,0.069
APP-020652,2026-07-22,Broker,BRK-039,NSW,2394,Sole trader,41453323858,51,Construction & trades,640,Ute / van,Diesel,New,0,40500.0,48,2026,2026 Isuzu D-Max,41700.0,8300.0,0.069
APP-020653,2026-07-22,Broker,BRK-126,NSW,2687,Sole trader,47410615398,26,Manufacturing,830,Other equipment,LPG,New,0,107700.0,24,2026,2026 Toyota 8FG25 forklift,89000.0,9900.0,0.077
APP-020654,2026-07-22,Broker,BRK-028,QLD,4015,Company,20234334605,41,Health care,751,Car / SUV,Petrol,New,0,38400.0,36,2026,2026 Mazda CX-5,37000.0,0.0,0.0744
APP-020655,2026-07-22,Dealer,BRK-014,NSW,2472,Sole trader,98724719674,340,Retail trade,618,Ute / van,Diesel,Used,2,61200.0,60,2024,2024 Toyota HiLux SR5,59300.0,20800.0,0.0935
APP-020656,2026-07-22,Broker,BRK-091,SA,5670,Sole trader,17205123464,34,Construction & trades,537,Ute / van,Diesel,Used,3,31700.0,48,2023,2023 Mitsubishi Triton,32100.0,5200.0,0.0955
APP-020657,2026-07-22,Broker,BRK-016,NSW,2142,Trust,36648668863,38,Professional services,659,Car / SUV,Electric,Used,3,31500.0,36,2023,2023 BYD Atto 3,32800.0,0.0,0.0822
APP-020658,2026-07-22,Broker,BRK-026,TAS,7471,Company,,16,Construction & trades,943,Ute / van,Plug-in hybrid,New,0,80000.0,48,2026,2026 BYD Shark 6,73200.0,21800.0,0.0705
APP-020659,2026-07-22,Broker,BRK-006,VIC,3267,Company,34061702548,7,Hospitality,711,Other equipment,LPG,New,0,74200.0,36,2026,2026 Toyota 8FG25 forklift,66900.0,0.0,0.0808
APP-020660,2026-07-22,Broker,BRK-025,QLD,4559,Company,82411169298,201,Construction & trades,569,Truck,Diesel,Used,7,32600.0,84,2019,2019 Kenworth T610,33300.0,8800.0,0.0909
APP-020661,2026-07-22,Broker,BRK-052,QLD,4256,Trust,67985196457,35,Health care,919,Other equipment,None,Used,4,38900.0,36,2022,2022 CNC router,40300.0,58400.0,0.069
APP-020662,2026-07-22,Dealer,BRK-020,NSW,2716,Company,36654487860,21,Construction & trades,716,Ute / van,Diesel,Used,5,39100.0,60,2021,2021 Toyota HiLux SR5,40000.0,11100.0,0.0902
APP-020663,2026-07-22,Broker,BRK-003,VIC,3065,Sole trader,13571257599,96,Construction & trades,772,Ute / van,Diesel,Used,4,32800.0,60,2022,2022 Isuzu D-Max,32100.0,0.0,0.079
APP-020664,2026-07-22,Broker,BRK-001,NSW,2423,Company,76800979952,72,Agriculture,626,Trailer,None,Used,7,17200.0,24,2019,2019 Tipper traier,14400.0,0.0,0.0912
APP-020665,2026-07-22,Broker,BRK-004,WA,6204,Company,24893604229,68,Transport & logistics,595,Ute / van,Diesel,New,0,56300.0,36,2026,2026 Toyota HiAce,57500.0,900.0,0.0857
APP-020666,2026-07-22,Broker,BRK-088,WA,6221,Trust,10738374065,86,Professional services,853,Car / SUV,Electric,New,0,52300.0,36,2026,2026 Tesla Model Y,53300.0,0.0,0.0705
APP-020667,2026-07-22,Broker,BRK-131,VIC,3128,Company,36171213779,15,Construction & trades,642,Ute / van,Diesel,Used,10,14000.0,36,2016,2016 Toyota HiAce,13500.0,0.0,0.1023
APP-020668,2026-07-23,Dealer,BRK-026,VIC,3124,Sole trader,56848601815,28,Construction & trades,764,Ute / van,Plug-in hybrid,Used,3,32500.0,60,2023,2023 BYD Shark 6,32900.0,0.0,0.0781
APP-020669,2026-07-23,Broker,BRK-082,NSW,2622,Company,67135993029,138,Transport & logistics,670,Trailer,None,Used,6,26800.0,36,2020,2020 Tandem box trailer,27000.0,400.0,0.0928
APP-020670,2026-07-23,Dealer,BRK-001,NSW,2898,Company,60103416266,140,Retail trade,773,Ute / van,Diesel,New,0,67900.0,36,2026,2026 Ford Ranger XLT,69500.0,0.0,0.0733
APP-020671,2026-07-23,Broker,BRK-089,NSW,2448,Sole trader,69756682625,65,Admin & support services,1042,Ute / van,Diesel,Used,6,27800.0,48,2020,2020 Ford Transit Custom,28600.0,1300.0,0.071
APP-020672,2026-07-23,Broker,BRK-006,QLD,4576,Company,43814907501,59,Agriculture,615,Agricultural machinery,Diesel,New,0,256100.0,72,2026,2026 New Holland T6 tractor,236600.0,0.0,0.08
APP-020673,2026-07-23,Broker,BRK-003,QLD,4862,Company,38435679805,49,Retail trade,931,Ute / van,Diesel,Used,6,34900.0,60,2020,2020 Ford Transit Custom,33600.0,12900.0,0.069
APP-020674,2026-07-23,Broker,BRK-005,VIC,3439,Sole trader,91517356996,61,Transport & logistics,667,Trailer,None,Used,8,11600.0,60,2018,2018 Flat top trailer,11700.0,1000.0,0.089
APP-020675,2026-07-23,Broker,BRK-019,VIC,3078,Company,60055797895,53,Mining,927,Earthmoving equipment,Diesel,Used,5,46900.0,48,2021,2021 CAT 305 mini excavator,47100.0,2400.0,0.069
APP-020676,2026-07-23,Broker,BRK-029,NSW,2037,Trust,96445054669,27,Retail trade,512,Other equipment,None,Used,6,39300.0,48,2020,2020 Espresso machine,39800.0,3000.0,0.1013
APP-020677,2026-07-23,Broker,BRK-001,QLD,4755,Company,30857246709,80,Construction & trades,711,Earthmoving equipment,Diesel,Used,2,137700.0,48,2024,2024 Kubota KX040 excavator,140000.0,0.0,0.0865
APP-020678,2026-07-23,Broker,BRK-008,VIC,3337,Sole trader,16200446994,53,Manufacturing,647,Truck,Diesel,Used,6,54800.0,60,2020,2020 Kenworth T610,49400.0,5700.0,0.0868
APP-020679,2026-07-23,Broker,BRK-050,NSW,2821,Company,29963084070,181,Retail trade,805,Car / SUV,Hybrid,Used,8,18200.0,60,2018,2018 Toyota RAV4 Hybrid,17300.0,0.0,0.0836
APP-020680,2026-07-23,Broker,BRK-060,NSW,2351,Sole trader,89060813043,15,Construction & trades,751,Ute / van,Diesel,New,0,62000.0,36,2026,2026 Ford Transit Custom,61100.0,500.0,0.0853
APP-020681,2026-07-23,Dealer,BRK-004,VIC,3891,Trust,24285094024,54,Manufacturing,1081,Other equipment,None,New,0,54500.0,36,2026,2026 Dental chair,55100.0,0.0,0.069
APP-020682,2026-07-23,Broker,BRK-004,QLD,4724,Company,51314765384,51,Transport & logistics,836,Truck,Diesel,Used,3,163400.0,60,2023,2023 Isuzu NPR 45-155,169000.0,0.0,0.069
APP-020683,2026-07-23,Broker,BRK-045,NSW,2284,Company,95757738997,45,Construction & trades,821,Ute / van,Diesel,Used,2,57000.0,48,2024,2024 Toyota HiLux SR5,58300.0,0.0,0.0717
APP-020684,2026-07-23,Broker,BRK-033,NSW,2026,Sole trader,26755262658,35,Transport & logistics,883,Truck,Diesel,Used,1,263200.0,84,2025,2025 Fuso Canter,272600.0,0.0,0.0726
APP-020685,2026-07-23,Broker,BRK-019,QLD,4093,Company,13984061583,24,Health care,737,Other equipment,None,Used,2,14900.0,60,2024,2024 CNC router,13500.0,300.0,0.0937
APP-020686,2026-07-23,Broker,BRK-024,QLD,4666,Company,28447265259,93,Professional services,459,Car / SUV,Hybrid,Used,6,20100.0,60,2020,2020 Toyota Camry Hybrid,16900.0,400.0,0.1173
APP-020687,2026-07-23,Dealer,BRK-019,NSW,2770,Sole trader,81365616347,66,Construction & trades,991,Ute / van,Diesel,Used,3,51000.0,60,2023,2023 Ford Transit Custom,46800.0,0.0,0.069
APP-020688,2026-07-23,Dealer,BRK-012,WA,6332,Sole trader,50622969921,80,Construction & trades,588,Earthmoving equipment,Diesel,Used,8,70400.0,48,2018,2018 CAT 305 mini excavator,64200.0,2700.0,0.0922
APP-020689,2026-07-23,Broker,BRK-070,QLD,4241,Sole trader,63388085639,96,Construction & trades,773,Car / SUV,Electric,New,0,37900.0,48,2026,2026 Tesla Model Y,37200.0,12500.0,0.0718
APP-020690,2026-07-24,Broker,BRK-102,WA,6111,Sole trader,54551447484,20,Construction & trades,698,Ute / van,Diesel,New,0,49700.0,48,2026,2026 Isuzu D-Max,40600.0,7500.0,0.0813
APP-020691,2026-07-24,Broker,BRK-037,SA,5610,Trust,48247260095,48,Construction & trades,859,Earthmoving equipment,Diesel,Used,1,137000.0,48,2025,2025 Bobcat S650 skid steer,112400.0,11800.0,0.069
APP-020692,2026-07-24,Dealer,BRK-005,QLD,4338,Sole trader,77689766946,11,Other services,486,Ute / van,Diesel,New,0,72500.0,36,2026,2026 Ford Transit Custom,75400.0,23600.0,0.1107
APP-020693,2026-07-24,Broker,BRK-138,NSW,2691,Sole trader,92224604765,139,Professional services,652,Car / SUV,Electric,New,0,65900.0,60,2026,2026 BYD Atto 3,60700.0,15500.0,0.0787
APP-020694,2026-07-24,Broker,BRK-001,QLD,4446,Trust,10344619403,236,Health care,749,Car / SUV,Hybrid,Used,9,10900.0,48,2017,2017 Toyota Camry Hybrid,11300.0,0.0,0.0931
APP-020695,2026-07-24,Dealer,BRK-128,VIC,3653,Trust,89532005465,48,Transport & logistics,739,Trailer,None,Used,9,20700.0,100,2017,2017 Tandem box trailer,21000.0,0.0,0.0857
APP-020696,2026-07-24,Broker,BRK-025,NSW,2807,Trust,77472535276,38,Retail trade,802,Car / SUV,Hybrid,Used,2,26900.0,36,2024,2024 Toyota Camry Hybrid,24900.0,0.0,0.0895
APP-020697,2026-07-24,Broker,BRK-051,NSW,2773,Sole trader,34776051717,69,Transport & logistics,919,Trailer,None,Used,8,9600.0,24,2018,2018 Tandem box trailer,9700.0,100.0,0.0718
APP-020698,2026-07-24,Broker,BRK-013,NSW,2837,Company,95219110786,203,Admin & support services,727,Ute / van,Diesel,Used,7,21800.0,60,2019,2019 Mitsubishi Triton,20100.0,1900.0,0.0959
APP-020699,2026-07-24,Broker,BRK-009,VIC,3013,Company,72522120851,118,Professional services,739,Other equipment,None,New,0,31500.0,36,2026,2026 Commercial kitchen fit-out,30600.0,0.0,0.0783
APP-020700,2026-07-24,Broker,BRK-004,QLD,4022,Sole trader,13591093139,78,Transport & logistics,852,Truck,Diesel,Used,3,66700.0,72,2023,2023 Hino 300 Series,64100.0,0.0,0.069
APP-020701,2026-07-24,Broker,BRK-002,TAS,7628,Sole trader,36715241700,162,Transport & logistics,880,Ute / van,Diesel,New,0,64600.0,48,2026,2026 Isuzu D-Max,66400.0,0.0,0.069
APP-020702,2026-07-24,Broker,BRK-007,QLD,4655,Sole trader,85770030660,174,Wholesale trade,568,Other equipment,None,Used,1,84200.0,24,2025,2025 Dental chair,75900.0,0.0,0.0938
APP-020703,2026-07-24,Broker,BRK-005,NSW,2391,Sole trader,86943996486,87,Transport & logistics,974,Ute / van,Diesel,New,0,46500.0,36,2026,2026 Toyota HiLux SR5,42600.0,16800.0,0.069
APP-020704,2026-07-24,Broker,BRK-023,WA,6164,Company,85540571381,228,Hospitality,804,Other equipment,None,Used,6,4100.0,36,2020,2020 Dental chair,4200.0,0.0,0.09
APP-020705,2026-07-24,Broker,BRK-091,ACT,2602,Company,53940385989,29,Hospitality,712,Car / SUV,Petrol,New,0,55200.0,60,2026,2026 Mazda CX-5,45700.0,4800.0,0.0826
APP-020706,2026-07-24,Broker,BRK-001,VIC,3838,Company,69951003990,155,Other services,715,Other equipment,LPG,New,0,60700.0,60,2026,2026 Toyota 8FG25 forklift,55500.0,0.0,0.0718
APP-020707,2026-07-24,Broker,BRK-059,WA,6001,Trust,91394306673,61,Construction & trades,711,Ute / van,Diesel,New,0,47800.0,60,2026,2026 Toyota HiLux SR5,49000.0,9200.0,0.0739
APP-020708,2026-07-25,Broker,BRK-005,QLD,4073,Company,14290615781,25,Professional services,621,Car / SUV,Electric,Used,5,24400.0,60,2021,2021 MG ZS EV,23900.0,3300.0,0.1025
APP-020709,2026-07-25,Broker,BRK-038,VIC,3972,Company,93112093502,21,Construction & trades,778,Car / SUV,Electric,New,0,37100.0,60,2026,2026 Tesla Model Y,29800.0,0.0,0.084
APP-020710,2026-07-25,Broker,BRK-035,NSW,2694,Company,57225853704,18,Agriculture,824,Ute / van,Diesel,Used,4,25000.0,36,2022,2022 Mitsubishi Triton,25100.0,8600.0,0.0911
APP-020711,2026-07-25,Broker,BRK-057,QLD,4314,Company,81778003364,35,Hospitality,1106,Ute / van,Diesel,Used,8,25200.0,48,2018,2018 Toyota HiAce,26000.0,5700.0,0.069
APP-020712,2026-07-25,Broker,BRK-001,TAS,7097,Company,38382261627,182,Retail trade,865,Other equipment,LPG,New,0,29400.0,60,2026,2026 Toyota 8FG25 forklift,29900.0,300.0,0.069
APP-020713,2026-07-25,Broker,BRK-001,NSW,2034,Sole trader,19174870729,41,Retail trade,561,Ute / van,Diesel,Used,9,17100.0,60,2017,2017 Toyota HiLux SR5,15900.0,1800.0,0.1008
APP-020714,2026-07-25,Broker,BRK-002,SA,5018,Sole trader,88559567504,34,Construction & trades,539,Trailer,None,New,0,6100.0,24,2026,2026 Tandem box trailer,6100.0,0.0,0.1075
APP-020715,2026-07-25,Broker,BRK-141,NSW,2687,Sole trader,43538252459,10,Manufacturing,664,Other equipment,None,Used,1,69100.0,24,2025,2025 Commercial kitchen fit-out,70700.0,2200.0,0.0981
APP-020716,2026-07-25,Broker,BRK-008,VIC,3463,Company,87271669479,65,Admin & support services,911,Other equipment,None,New,0,92200.0,36,2026,2026 Dental chair,93200.0,100.0,0.069
APP-020717,2026-07-25,Broker,BRK-035,VIC,3586,Trust,43958048843,50,Construction & trades,914,Ute / van,Diesel,Used,10,20300.0,60,2016,2016 Ford Transit Custom,20600.0,500.0,0.0741
APP-020718,2026-07-25,Broker,BRK-006,NSW,2792,Company,40731017849,70,Admin & support services,514,Ute / van,Diesel,New,0,77500.0,36,2026,2026 Ford Transit Custom,78400.0,0.0,0.0903
APP-020719,2026-07-25,Broker,BRK-018,NSW,2068,Company,59825960168,69,Hospitality,813,Ute / van,Diesel,New,0,52600.0,48,2026,2026 Ford Ranger XLT,50800.0,14100.0,0.0714
APP-020720,2026-07-25,Broker,BRK-014,NSW,2174,Sole trader,56985373997,101,Retail trade,618,Other equipment,None,New,0,106100.0,36,2026,2026 Dental chair,85700.0,10200.0,0.0789
APP-020721,2026-07-25,Broker,BRK-003,VIC,3278,Trust,52492961253,91,Health care,647,Other equipment,LPG,Used,3,26900.0,48,2023,2023 Toyota 8FG25 forklift,27200.0,100.0,0.1043
APP-020722,2026-07-26,Broker,BRK-009,NSW,2123,Sole trader,44772729978,86,Construction & trades,911,Ute / van,Diesel,Used,2,50200.0,36,2024,2024 Mitsubishi Triton,50900.0,0.0,0.069
APP-020723,2026-07-26,Dealer,BRK-003,QLD,4836,Sole trader,59694489414,49,Professional services,698,Other equipment,None,Used,10,13800.0,36,2016,2016 Rooftop solar PV system,14000.0,0.0,0.0882
APP-020724,2026-07-26,Broker,BRK-005,VIC,3559,Company,15364801088,49,Agriculture,851,Trailer,None,New,0,18100.0,60,2026,2026 Tipper trailer,18600.0,1800.0,0.0726
APP-020725,2026-07-26,Broker,BRK-012,VIC,3853,Company,82402416973,11,Transport & logistics,619,Ute / van,Diesel,Used,4,42300.0,36,2022,2022 Ford Ranger XLT,43600.0,0.0,0.0954
APP-020726,2026-07-26,Broker,BRK-072,NSW,2676,Sole trader,76868073478,64,Transport & logistics,858,Truck,Diesel,Used,8,120800.0,48,2018,2018 Hino 300 Series,101100.0,29100.0,0.0704
APP-020727,2026-07-26,Broker,BRK-003,QLD,4993,Sole trader,31916166033,36,Retail trade,579,Ute / van,Plug-in hybrid,New,0,47700.0,36,2026,2026 BYD Shark 6,44100.0,0.0,0.0807
APP-020728,2026-07-26,Broker,BRK-003,SA,5718,Sole trader,23382896670,102,Professional services,674,Car / SUV,Petrol,Used,3,25500.0,48,2023,2023 Mazda CX-5,26400.0,0.0,0.0968
APP-020729,2026-07-26,Broker,BRK-004,QLD,4687,Sole trader,11526699561,74,Transport & logistics,872,Trailer,None,Used,10,15100.0,36,2016,2016 Flat top trailer,15500.0,0.0,0.0808
APP-020730,2026-07-26,Broker,BRK-070,VIC,3082,Partnership,18065546029,31,Construction & trades,715,Earthmoving equipment,Diesel,Used,5,112400.0,36,2021,2021 Kubota KX040 excavator,113000.0,14100.0,0.082
APP-020731,2026-07-26,Broker,BRK-004,NSW,2770,Company,13684747640,53,Manufacturing,554,Other equipment,None,Used,7,29900.0,60,2019,2019 Commercial kitchen fit-out,30000.0,100.0,0.0928
APP-020732,2026-07-26,Dealer,BRK-079,WA,6720,Company,81035064192,21,Transport & logistics,691,Truck,Diesel,Used,3,151100.0,48,2023,2023 Hino 300 Series,138300.0,38700.0,0.095
APP-020733,2026-07-26,Broker,BRK-007,VIC,3717,Sole trader,89064672342,350,Transport & logistics,606,Truck,Diesel,Used,3,130800.0,72,2023,2023 Volvo FH,109500.0,4600.0,0.0931
APP-020734,2026-07-26,Broker,BRK-006,NSW,2240,Sole trader,80875566380,6,Professional services,820,Other equipment,None,New,0,16600.0,48,2026,2026 Rooftop solar PV system,17200.0,1300.0,0.083
APP-020735,2026-07-26,Broker,BRK-010,QLD,4068,Company,74375965696,92,Transport & logistics,608,Trailer,None,New,0,53400.0,60,2026,2026 Flat top trailer,55500.0,0.0,0.0864
APP-020736,2026-07-26,Broker,BRK-015,NSW,2005,Sole trader,67340960020,163,Construction & trades,921,Earthmoving equipment,Diesel,Used,8,39200.0,36,2018,2018 Bobcat S650 skid steer,38300.0,3800.0,0.069
APP-020737,2026-07-26,Broker,BRK-013,NSW,2686,Company,92537267714,157,Agriculture,547,Agricultural machinery,Diesel,Used,6,138800.0,60,2020,2020 Case IH Farmall tractor,130300.0,23600.0,0.0993
APP-020738,2026-07-26,Broker,BRK-011,QLD,4787,Trust,79612145260,88,Professional services,969,Other equipment,None,New,0,99500.0,48,2026,2026 Dental chair,100600.0,0.0,0.069
APP-020739,2026-07-26,Dealer,BRK-149,NSW,2710,Company,59842176082,119,Manufacturing,748,Other equipment,None,New,0,88100.0,36,2026,2026 Dental chair,89900.0,0.0,0.0741
APP-020740,2026-07-26,Broker,BRK-047,VIC,3651,Company,17025063137,12,Health care,686,Other equipment,None,Used,8,6200.0,36,2018,2018 Rooftop solar PV system,5600.0,400.0,0.1047
APP-020741,2026-07-26,Broker,BRK-099,QLD,4022,Sole trader,70910475795,21,Construction & trades,559,Ute / van,Diesel,Used,10,13600.0,48,2016,2016 Ford Ranger XLT,11300.0,5100.0,0.1131
APP-020742,2026-07-27,Dealer,BRK-104,VIC,3200,Company,32133141062,12,Professional services,697,Ute / van,Diesel,Used,9,21800.0,60,2017,2017 Ford Transit Custom,22300.0,7900.0,0.1039
APP-020743,2026-07-27,Broker,BRK-013,NSW,2629,Sole trader,14918306338,27,Health care,555,Other equipment,None,New,0,66100.0,24,2026,2026 Dental chair,66800.0,0.0,0.0981
APP-020744,2026-07-27,Broker,BRK-066,NSW,2386,Company,72700927497,6,Admin & support services,1055,Other equipment,None,Used,1,51700.0,60,2025,2025 Espresso machine,48000.0,0.0,0.069
APP-020745,2026-07-27,Broker,BRK-017,VIC,3261,Company,63593750277,161,Hospitality,589,Other equipment,LPG,Used,8,32700.0,24,2018,2018 Toyota 8FG25 forklift,29800.0,2600.0,0.0948
APP-020746,2026-07-27,Broker,BRK-030,NT,0827,Company,24103601799,58,Other services,609,Ute / van,Diesel,New,0,69800.0,60,2026,2026 Mitsubishi Triton,65400.0,0.0,0.0839
APP-020747,2026-07-27,Broker,BRK-056,VIC,3435,Company,44475466400,83,Professional services,633,Car / SUV,Hybrid,Used,8,11400.0,48,2018,2018 Toyota RAV4 Hybrid,9200.0,3300.0,0.1053
APP-020748,2026-07-27,Broker,BRK-029,TAS,7765,Sole trader,96731306823,44,Hospitality,772,Ute / van,Diesel,Used,5,24900.0,60,2021,2021 Ford Transit Custom,25700.0,4000.0,0.0979
APP-020749,2026-07-27,Broker,BRK-020,SA,5356,Company,61821289689,106,Construction & trades,710,Truck,Diesel,Used,1,89200.0,84,2025,2025 Kenworth T610,91600.0,7300.0,0.0871
APP-020750,2026-07-27,Broker,BRK-001,WA,6307,Company,93541065538,85,Health care,780,Other equipment,None,New,0,18900.0,36,2026,2026 Rooftop solar PV system,17600.0,0.0,0.0758
APP-020751,2026-07-27,Dealer,BRK-136,VIC,3522,Partnership,97018099569,82,Retail trade,673,Other equipment,None,New,0,53200.0,24,2026,2026 Espresso machine,54200.0,0.0,0.083
APP-020752,2026-07-27,Broker,BRK-001,VIC,3562,Partnership,,66,Transport & logistics,818,Truck,Diesel,New,0,141200.0,84,2026,2026 Fuso Canter,145700.0,0.0,0.069
APP-020753,2026-07-27,Broker,BRK-002,QLD,4210,Company,38532078903,156,Agriculture,554,Truck,Diesel,New,0,263200.0,84,2026,2026 Fuso Canter,243500.0,27800.0,0.097
APP-020754,2026-07-27,Broker,BRK-001,NSW,2232,Company,83140894594,30,Manufacturing,951,Other equipment,None,Used,9,27000.0,24,2017,2017 Commercial kitchen fit-out,22300.0,0.0,0.0761
APP-020755,2026-07-27,Broker,BRK-035,NSW,2880,Trust,75378527823,38,Agriculture,624,Trailer,None,New,0,58900.0,48,2026,2026 Flat top trailer,54200.0,5500.0,0.0767
APP-020756,2026-07-28,Broker,BRK-006,SA,5228,Sole trader,18674270172,61,Professional services,592,Car / SUV,Electric,New,0,71700.0,36,2026,2026 MG ZS EV,72100.0,0.0,0.0888
APP-020757,2026-07-28,Broker,BRK-104,VIC,3886,Company,67267496696,480,Health care,735,Car / SUV,Petrol,New,0,38400.0,36,2026,2026 Mazda CX-5,38500.0,0.0,0.0778
APP-020758,2026-07-28,Broker,BRK-030,WA,6331,Sole trader,27732656367,23,Construction & trades,633,Earthmoving equipment,Diesel,New,0,119700.0,48,2026,2026 Bobcat S650 skid steer,98800.0,0.0,0.0861
APP-020759,2026-07-28,Broker,BRK-068,NSW,2021,Sole trader,14241363321,26,Retail trade,772,Ute / van,Diesel,Used,8,21500.0,60,2018,2018 Ford Ranger XLT,21900.0,0.0,0.0866
APP-020760,2026-07-28,Dealer,BRK-002,NSW,2767,Company,12651343732,119,Construction & trades,669,Ute / van,Diesel,New,0,45600.0,48,2026,2026 Ford Transit Custom,45800.0,0.0,0.0908
APP-020761,2026-07-28,Broker,BRK-012,NSW,2838,Company,62295138135,480,Retail trade,775,Other equipment,None,New,0,58600.0,48,2026,2026 Espresso machine,54000.0,2400.0,0.0784
APP-020762,2026-07-28,Broker,BRK-035,QLD,4033,Company,30325306754,79,Admin & support services,805,Ute / van,Diesel,New,0,40200.0,48,2026,2026 Toyota HiLux SR5,41500.0,5600.0,0.0703
APP-020763,2026-07-28,Broker,BRK-003,NSW,2473,Company,50908526560,12,Transport & logistics,616,Truck,Diesel,New,0,128800.0,48,2026,2026 Volvo FH,128900.0,0.0,0.0951
APP-020764,2026-07-28,Broker,BRK-010,WA,6328,Sole trader,76514490949,66,Hospitality,673,Car / SUV,Electric,Used,5,17700.0,48,2021,2021 BYD Atto 3,17900.0,0.0,0.1057
APP-020765,2026-07-28,Dealer,BRK-061,QLD,4155,Company,50231381582,27,Agriculture,647,Agricultural machinery,Diesel,New,0,215800.0,60,2026,2026 Kubota M7 tractor,207600.0,14300.0,0.0848
APP-020766,2026-07-28,Broker,BRK-045,NSW,2687,Company,31552846122,80,Manufacturing,682,Other equipment,LPG,Used,6,35800.0,60,2020,2020 Toyota 8FG25 forklift,36100.0,3400.0,0.0776
APP-020767,2026-07-28,Broker,BRK-107,NSW,2640,Company,48639913136,68,Professional services,555,Car / SUV,Hybrid,Used,2,34400.0,60,2024,2024 Toyota RAV4 Hybrid,31200.0,3200.0,0.0948
APP-020768,2026-07-28,Broker,BRK-026,VIC,3279,Sole trader,75540206631,183,Manufacturing,639,Car / SUV,Petrol,New,0,48600.0,60,2026,2026 Hyundai Tucson,49300.0,5800.0,0.0859
APP-020769,2026-07-28,Broker,BRK-003,WA,6611,Trust,79262641675,215,Construction & trades,487,Car / SUV,Petrol,New,0,70200.0,36,2026,2026 Hyundai Tucson,65600.0,0.0,0.0934
APP-020770,2026-07-28,Broker,BRK-098,WA,6020,Company,53930318057,77,Retail trade,668,Other equipment,None,Used,4,5500.0,48,2022,2022 Rooftop solar PV system,5100.0,0.0,0.0955
APP-020771,2026-07-28,Broker,BRK-132,VIC,3706,Company,87340182098,61,Construction & trades,676,Car / SUV,Hybrid,Used,9,14000.0,36,2017,2017 Toyota RAV4 Hybrid,13900.0,2000.0,0.0907
APP-020772,2026-07-28,Broker,BRK-018,QLD,4037,Sole trader,86454286977,480,Retail trade,872,Car / SUV,Petrol,New,0,66900.0,48,2026,2026 Hyundai Tucson,61400.0,18900.0,0.069
APP-020773,2026-07-28,Broker,BRK-001,SA,5668,Company,93047159981,103,Construction & trades,799,Ute / van,Plug-in hybrid,Used,3,52000.0,60,2023,2023 BYD Shark 6,49600.0,6300.0,0.0741
APP-020774,2026-07-28,Broker,BRK-005,VIC,3869,Company,16368814800,150,Wholesale trade,691,Truck,Diesel,New,0,165100.0,84,2026,2026 Hino 300 Series,166400.0,800.0,0.0819
APP-020775,2026-07-29,Broker,BRK-060,NSW,2846,Sole trader,57471278789,224,Professional services,725,Car / SUV,Petrol,Used,7,23700.0,36,2019,2019 Hyundai Tucson,23800.0,0.0,0.0956
APP-020776,2026-07-29,Dealer,BRK-001,NSW,2404,Sole trader,35256918617,16,Health care,573,Car / SUV,Petrol,Used,8,10500.0,48,2018,2018 Mazda CX-5,10500.0,2400.0,0.112
APP-020777,2026-07-29,Broker,BRK-006,VIC,3551,Sole trader,72361588425,83,Transport & logistics,693,Ute / van,Diesel,New,0,66000.0,60,2026,2026 Toyota HiAce,64400.0,3800.0,0.0772
APP-020778,2026-07-29,Broker,BRK-009,NSW,2621,Trust,45415976710,187,Retail trade,802,Other equipment,None,New,0,13600.0,24,2026,2026 Dental chair,11400.0,500.0,0.0839
APP-020779,2026-07-29,Broker,BRK-070,WA,6482,Sole trader,32735483344,23,Agriculture,706,Agricultural machinery,Diesel,Used,5,174200.0,72,2021,2021 John Deere 6120M tractor,174900.0,0.0,0.0879
APP-020780,2026-07-29,Broker,BRK-014,VIC,3777,Company,45448421460,21,Construction & trades,939,Earthmoving equipment,Diesel,Used,9,65600.0,60,2017,2017 Komatsu PC55 excavator,66400.0,2400.0,0.0705
APP-020781,2026-07-29,Broker,BRK-022,QLD,4967,Company,73575426329,35,Other services,775,Car / SUV,Petrol,New,0,56400.0,48,2026,2026 Hyundai Tucson,57100.0,0.0,0.0744
APP-020782,2026-07-29,Broker,BRK-043,ACT,2908,Sole trader,43635388075,12,Agriculture,781,Agricultural machinery,Diesel,New,0,170200.0,60,2026,2026 Kubota M7 tractor,172200.0,24100.0,0.0806
APP-020783,2026-07-29,Broker,BRK-069,VIC,3059,Sole trader,80498739297,199,Professional services,655,Other equipment,LPG,Used,1,26800.0,48,2025,2025 Toyota 8FG25 forklift,25800.0,0.0,0.0929
APP-020784,2026-07-29,Broker,BRK-008,WA,6036,Company,94782155379,36,Agriculture,570,Trailer,None,New,0,38200.0,36,2026,2026 Tandem box trailer,35900.0,1200.0,0.0833
APP-020785,2026-07-29,Dealer,BRK-003,QLD,4909,Sole trader,46370842300,12,Construction & trades,789,Ute / van,Diesel,Used,6,28600.0,48,2020,2020 Toyota HiLux SR5,29000.0,0.0,0.0996
APP-020786,2026-07-29,Broker,BRK-003,NSW,2734,Sole trader,15833929744,279,Health care,1071,Car / SUV,Petrol,New,0,47600.0,48,2026,2026 Mazda CX-5,43500.0,0.0,0.069
APP-020787,2026-07-29,Broker,BRK-002,NSW,2141,Company,88870331148,222,Construction & trades,662,Truck,Diesel,New,0,116000.0,60,2026,2026 Fuso Canter,119100.0,0.0,0.089
APP-020788,2026-07-29,Broker,BRK-002,NSW,2023,Sole trader,73313571133,30,Mining,1157,Ute / van,Diesel,New,0,67800.0,36,2026,2026 Ford Ranger XLT,54400.0,26200.0,0.069
APP-020789,2026-07-29,Broker,BRK-014,WA,6210,Sole trader,24834227189,87,Professional services,635,Other equipment,None,New,0,13000.0,48,2026,2026 Commercial kitchen fit-out,12200.0,0.0,0.0962
APP-020790,2026-07-29,Broker,BRK-003,TAS,7784,Sole trader,91745039427,129,Construction & trades,766,Truck,Diesel,New,0,168900.0,60,2026,2026 Fuso Canter,157900.0,0.0,0.0713
APP-020791,2026-07-29,Broker,BRK-068,VIC,3912,Partnership,13841678811,88,Transport & logistics,734,Truck,Diesel,Used,2,93600.0,84,2024,2024 Fuso Canter,89100.0,7300.0,0.0743
APP-020792,2026-07-29,Broker,BRK-001,VIC,3664,Sole trader,70865764557,321,Retail trade,733,Car / SUV,Petrol,New,0,71900.0,60,2026,2026 Mazda CX-5,66200.0,800.0,0.0715
APP-020793,2026-07-29,Broker,BRK-128,NSW,2369,Partnership,34197497353,162,Construction & trades,686,Ute / van,Diesel,Used,1,40700.0,48,2025,2025 Isuzu D-Max,41300.0,0.0,0.0847
APP-020794,2026-07-29,Broker,BRK-001,QLD,4211,Sole trader,65740167484,73,Wholesale trade,828,Other equipment,None,New,0,109200.0,48,2026,2026 Dental chair,99100.0,7900.0,0.069
APP-020795,2026-07-29,Broker,BRK-007,NSW,2144,Sole trader,76269237120,5,Other,736,Car / SUV,Electric,New,0,60600.0,36,2026,2026 MG ZS EV,56700.0,9200.0,0.086
APP-020796,2026-07-29,Dealer,BRK-061,NSW,2849,Company,56782603085,98,Admin & support services,760,Car / SUV,Petrol,New,0,55600.0,60,2026,2026 Kia Sportage,53300.0,21600.0,0.0806
APP-020797,2026-07-30,Broker,BRK-096,SA,5471,Company,85267624185,24,Professional services,862,Other equipment,None,New,0,79200.0,60,2026,2026 Espresso machine,80000.0,3300.0,0.069
APP-020798,2026-07-30,Broker,BRK-001,NSW,2718,Partnership,97012750486,144,Mining,914,Ute / van,Diesel,New,0,47000.0,48,2026,2026 Isuzu D-Max,45200.0,1300.0,0.069
APP-020799,2026-07-30,Broker,BRK-073,VIC,3037,Sole trader,94495584772,290,Wholesale trade,457,Other equipment,None,Used,3,17200.0,36,2023,2023 Dental chair,17600.0,1600.0,0.1231
APP-020800,2026-07-30,Broker,BRK-060,VIC,3625,Company,25783671589,15,Construction & trades,636,Car / SUV,Petrol,Used,5,32000.0,36,2021,2021 Mazda CX-5,32900.0,8600.0,0.0955
APP-020801,2026-07-30,Broker,BRK-016,NSW,2658,Company,54827604020,171,Wholesale trade,793,Ute / van,Diesel,Used,9,16700.0,48,2017,2017 Isuzu D-Max,17100.0,0.0,0.085
APP-020802,2026-07-30,Broker,BRK-035,QLD,4113,Company,24711938217,33,Agriculture,936,Trailer,None,New,0,36900.0,36,2026,2026 Flat top trailer,35200.0,2000.0,0.069
APP-020803,2026-07-30,Dealer,BRK-009,SA,5339,Partnership,13252776696,37,Retail trade,849,Car / SUV,Petrol,New,0,69800.0,60,2026,2026 Kia Sportage,64600.0,20800.0,0.0698
APP-020804,2026-07-30,Broker,BRK-007,VIC,3638,Company,26045736737,80,Manufacturing,679,Truck,Diesel,Used,1,233400.0,48,2025,2025 Isuzu NPR 45-155,228000.0,36900.0,0.0862
APP-020805,2026-07-30,Broker,BRK-001,NSW,2396,Trust,52391824723,69,Admin & support services,631,Car / SUV,Petrol,New,0,60600.0,48,2026,2026 Hyundai Tucson,60700.0,0.0,0.081
APP-020806,2026-07-30,Broker,BRK-001,WA,6091,Company,66201087308,22,Other,670,Other equipment,None,Used,5,6400.0,60,2021,2021 Commercial kitchen fit-out,5900.0,0.0,0.1133
APP-020807,2026-07-30,Dealer,BRK-022,NSW,2596,Company,72398489061,41,Retail trade,987,Car / SUV,Petrol,Used,7,12500.0,36,2019,2019 Kia Sportage,10400.0,900.0,0.0706
APP-020808,2026-07-30,Broker,BRK-001,WA,6041,Trust,12424373103,104,Retail trade,772,Car / SUV,Hybrid,New,0,57400.0,36,2026,2026 Toyota RAV4 Hybrid,46400.0,0.0,0.069
APP-020809,2026-07-30,Broker,BRK-002,WA,6227,Sole trader,76469729216,76,Professional services,698,Car / SUV,Petrol,New,0,48500.0,60,2026,2026 Kia Sportage,49400.0,15100.0,0.0775
APP-020810,2026-07-30,Dealer,BRK-001,WA,6246,Trust,11765995679,68,Transport & logistics,835,Ute / van,Diesel,New,0,57300.0,60,2026,2026 Isuzu D-Max,47100.0,15800.0,0.0701
APP-020811,2026-07-30,Broker,BRK-036,QLD,4011,Sole trader,35863224645,60,Agriculture,652,Trailer,None,Used,5,24500.0,24,2021,2021 Flat top trailer,24700.0,500.0,0.1009
APP-020812,2026-07-31,Broker,BRK-043,SA,5529,Sole trader,28620309555,31,Other services,921,Car / SUV,Petrol,New,0,36400.0,60,2026,2026 Mazda CX-5,35100.0,5900.0,0.069
APP-020813,2026-07-31,Broker,BRK-061,SA,5174,Sole trader,73558309134,108,Construction & trades,695,Ute / van,Diesel,Used,5,21200.0,36,2021,2021 Ford Ranger XLT,21600.0,0.0,0.0926
APP-020814,2026-07-31,Broker,BRK-137,SA,5297,Trust,91905588820,16,Agriculture,543,Agricultural machinery,Diesel,Used,8,134500.0,72,2018,2018 Kubota M7 tractor,135000.0,6000.0,0.1117
APP-020815,2026-07-31,Broker,BRK-141,VIC,3366,Partnership,75717113379,73,Wholesale trade,733,Ute / van,Plug-in hybrid,Used,8,18200.0,48,2018,2018 BYD Shark 6,16500.0,0.0,0.0922
APP-020816,2026-07-31,Broker,BRK-003,NSW,2622,Company,26800267630,128,Transport & logistics,666,Truck,Diesel,Used,5,47100.0,72,2021,2021 Fuso Canter,48900.0,600.0,0.0854
APP-020817,2026-07-31,Broker,BRK-008,NT,0842,Trust,70182139871,12,Construction & trades,528,Truck,Diesel,Used,6,143900.0,72,2020,2020 Kenworth T610,149200.0,8700.0,0.107
APP-020818,2026-07-31,Broker,BRK-026,NSW,2861,Company,64399629424,153,Hospitality,654,Other equipment,None,Used,7,37400.0,36,2019,2019 CNC router,37900.0,2800.0,0.0828
APP-020819,2026-07-31,Dealer,BRK-001,QLD,4521,Sole trader,48017272847,132,Other services,785,Ute / van,Diesel,New,0,67700.0,36,2026,2026 Isuzu D-Max,62300.0,0.0,0.0721
APP-020820,2026-07-31,Broker,BRK-003,QLD,4150,Sole trader,66569918389,14,Construction & trades,767,Ute / van,Diesel,New,0,53200.0,36,2026,2026 Ford Ranger XLT,53700.0,8000.0,0.0793
APP-020821,2026-07-31,Broker,BRK-089,VIC,3340,Company,93953589909,178,Professional services,830,Car / SUV,Petrol,New,0,46500.0,60,2026,2026 Mazda CX-5,46900.0,7800.0,0.069
APP-020822,2026-07-31,Broker,BRK-012,NSW,2532,Sole trader,47079392947,51,Health care,870,Other equipment,LPG,Used,8,4900.0,36,2018,2018 Toyota 8FG25 forklift,4900.0,0.0,0.0759
APP-020823,2026-07-31,Broker,BRK-018,NSW,2687,Sole trader,88466145068,40,Agriculture,660,Ute / van,Diesel,New,0,60700.0,60,2026,2026 Ford Transit Custom,61200.0,5000.0,0.0721
APP-020824,2026-07-31,Broker,BRK-057,NSW,2644,Company,11078803478,178,Professional services,747,Car / SUV,Electric,New,0,72900.0,36,2026,2026 Tesla Model Y,65900.0,2000.0,0.069
APP-020825,2026-07-31,Broker,BRK-075,TAS,7622,Sole trader,75799093647,33,Construction & trades,706,Car / SUV,Electric,Used,2,43600.0,60,2024,2024 BYD Atto 3,44600.0,0.0,0.082
APP-020826,2026-07-31,Broker,BRK-093,VIC,3103,Sole trader,48726241569,37,Wholesale trade,1030,Truck,Diesel,New,0,321500.0,48,2026,2026 Volvo FH,325200.0,26400.0,0.069
APP-020827,2026-07-31,Broker,BRK-104,NSW,2475,Sole trader,17724776167,91,Retail trade,699,Ute / van,Diesel,Used,9,16400.0,60,2017,2017 Ford Ranger XLT,13400.0,0.0,0.0889
APP-020828,2026-07-31,Broker,BRK-006,NSW,2714,Company,40942092062,42,Agriculture,705,Truck,Diesel,New,0,328000.0,60,2026,2026 Fuso Canter,272000.0,0.0,0.0768
APP-020829,2026-07-31,Dealer,BRK-039,NSW,2541,Company,40796994839,54,Admin & support services,735,Other equipment,None,Used,2,75600.0,24,2024,2024 Commercial kitchen fit-out,75700.0,2200.0,0.0822
APP-020830,2026-07-31,Broker,BRK-002,VIC,3666,Sole trader,19378313537,141,Transport & logistics,672,Trailer,None,New,3,36000.0,60,2016,2016 Tandem box trailer,35300.0,600.0,0.0818
APP-020831,2026-08-01,Broker,BRK-135,NSW,2138,Partnership,16492691534,76,Professional services,669,Car / SUV,Electric,Used,10,11100.0,60,2016,2016 MG ZS EV,11300.0,200.0,0.0933
APP-020832,2026-08-01,Dealer,BRK-005,NSW,2795,Sole trader,27662375146,34,Health care,844,Car / SUV,Electric,Used,4,34300.0,36,2022,2022 BYD Atto 3,32200.0,0.0,0.069
APP-020833,2026-08-01,Broker,BRK-011,ACT,2601,Company,60259935936,110,Construction & trades,535,Ute / van,Diesel,Used,9,14100.0,48,2017,2017 Toyota HiLux SR5,13400.0,0.0,0.1056
APP-020834,2026-08-01,Broker,BRK-118,QLD,4941,Company,44515664069,15,Transport & logistics,614,Ute / van,Diesel,New,0,68800.0,60,2026,2026 Toyota HiAce,65900.0,0.0,0.0925
APP-020835,2026-08-01,Broker,BRK-036,NSW,2753,Sole trader,20527907263,44,Transport & logistics,662,Truck,Diesel,Used,3,221500.0,60,2023,2023 Hino 300 Series,213500.0,0.0,0.0845
APP-020836,2026-08-01,Broker,BRK-006,QLD,4276,Trust,18435472699,333,Construction & trades,602,Trailer,None,Used,8,21600.0,36,2018,2018 Tipper trailer,21800.0,0.0,0.0925
APP-020837,2026-08-01,Broker,BRK-001,NSW,2116,Trust,29961217446,41,Construction & trades,847,Car / SUV,Electric,Used,10,11700.0,60,2016,2016 BYD tto 3,12000.0,0.0,0.0814
APP-020838,2026-08-01,Dealer,BRK-018,VIC,3031,Company,60845306661,11,Retail trade,438,Other equipment,None,Used,4,19900.0,36,2022,2022 CNC router,18500.0,700.0,0.1268
APP-020839,2026-08-01,Broker,BRK-030,VIC,3998,Company,26641023676,197,Agriculture,618,Agricultural machinery,Diesel,Used,1,90200.0,48,2025,2025 Case IH Farmall tractor,92700.0,0.0,0.0894
APP-020840,2026-08-01,Broker,BRK-042,QLD,4488,Trust,37764766616,97,Other,775,Ute / van,Diesel,Used,5,32100.0,48,2021,2021 Ford Ranger XLT,32400.0,12600.0,0.0746
APP-020841,2026-08-01,Broker,BRK-002,NSW,2092,Sole trader,16574558298,21,Transport & logistics,735,Truck,Diesel,New,0,312400.0,48,2026,2026 Fuso Canter,318500.0,0.0,0.0845
APP-020842,2026-08-01,Broker,BRK-050,QLD,4491,Trust,85230793107,67,Construction & trades,955,Earthmoving equipment,Diesel,New,0,89800.0,60,2026,2026 Kubota KX040 excavator,93300.0,14600.0,0.069
APP-020843,2026-08-01,Broker,BRK-009,VIC,3074,Company,94757159082,116,Professional services,800,Car / SUV,Electric,New,0,35400.0,36,2026,2026 BYD Atto 3,28500.0,0.0,0.077
APP-020844,2026-08-01,Broker,BRK-124,VIC,3830,Sole trader,51108721672,371,Hospitality,792,Other equipment,LPG,Used,6,22200.0,36,2020,2020 Toyota 8FG25 forklift,22300.0,0.0,0.0883
APP-020845,2026-08-01,Broker,BRK-040,VIC,3150,Trust,13860268430,20,Construction & trades,1096,Earthmoving equipment,Diesel,New,0,50700.0,48,2026,2026 Kubota KX040 excavator,41500.0,7600.0,0.069
APP-020846,2026-08-01,Broker,BRK-113,VIC,3936,Sole trader,87556497626,17,Construction & trades,770,Car / SUV,Petrol,Used,2,28000.0,60,2024,2024 Mazda CX-5,28200.0,0.0,0.1008
APP-020847,2026-08-01,Broker,BRK-001,TAS,7418,Sole trader,22951078245,300,Construction & trades,712,Ute / van,Diesel,New,0,72500.0,48,2026,2026 Ford Ranger XLT,58600.0,0.0,0.0733
APP-020848,2026-08-01,Broker,BRK-107,QLD,4438,Company,86147116105,44,Wholesale trade,723,Ute / van,Diesel,New,0,73800.0,36,2026,2026 Isuzu D-Max,75500.0,0.0,0.0735
APP-020849,2026-08-01,Dealer,BRK-098,NSW,3365,Trust,78649060368,70,Construction & trades,798,Ute / van,Diesel,New,0,76500.0,48,2026,2026 Toyota HiLux SR5,77400.0,26800.0,0.0705
APP-020850,2026-08-02,Broker,BRK-020,WA,6337,Company,69500210807,213,Hospitality,768,Car / SUV,Hybrid,New,0,66400.0,60,2026,2026 Toyota RAV4 Hybrid,66600.0,6600.0,0.0727
APP-020851,2026-08-02,Broker,BRK-139,VIC,3297,Sole trader,95239555543,353,Construction & trades,846,Ute / van,Diesel,Used,4,36900.0,48,2022,2022 Mitsubishi Triton,35700.0,1500.0,0.069
APP-020852,2026-08-02,Broker,BRK-060,NSW,2630,Company,69465246790,29,Construction & trades,903,Truck,Diesel,Used,7,73300.0,48,2019,2019 Volvo FH,73700.0,5900.0,0.069
APP-020853,2026-08-02,Broker,BRK-148,NSW,2594,Partnership,97169976719,31,Hospitality,949,Ute / van,Plug-in hybrid,Used,10,11700.0,36,2016,2016 BYD Shark 6,11800.0,0.0,0.0731
APP-020854,2026-08-02,Broker,BRK-061,VIC,3556,Sole trader,46756817716,237,Transport & logistics,785,Trailer,None,Used,2,5800.0,60,2024,2024 Tipper trailer,5900.0,0.0,0.0864
APP-020855,2026-08-02,Broker,BRK-112,NSW,2745,Partnership,79884208929,22,Transport & logistics,865,Truck,Diesel,New,0,111500.0,48,2026,2026 Volvo FH,112100.0,0.0,0.0766
APP-020856,2026-08-02,Broker,BRK-003,WA,6709,Sole trader,25810366711,7,Transport & logistics,810,Truck,Diesel,Used,6,82600.0,60,2020,2020 Volvo FH,84200.0,4100.0,0.0815
APP-020857,2026-08-02,Broker,BRK-003,NSW,2796,Sole trader,16903330527,45,Manufacturing,650,Other equipment,None,Used,10,8600.0,60,2016,2016 Rooftop solar PV system,8900.0,200.0,0.1015
APP-020858,2026-08-02,Broker,BRK-020,VIC,3699,Trust,76199573804,264,Health care,677,Other equipment,None,Used,6,34900.0,60,2020,2020 Commercial kitchen fit-out,36100.0,0.0,0.087
APP-020859,2026-08-02,Broker,BRK-055,VIC,3241,Company,56678676294,90,Construction & trades,571,Earthmoving equipment,Diesel,New,0,69500.0,36,2026,2026 Bobcat S650 skid steer,70800.0,5600.0,0.082
APP-020860,2026-08-02,Dealer,BRK-005,NT,0871,Partnership,72379304001,96,Construction & trades,720,Car / SUV,Electric,Used,10,10900.0,48,2016,2016 Tesla Mode Y,10100.0,0.0,0.097
APP-020861,2026-08-02,Broker,BRK-012,NSW,2417,Company,66340898519,75,Other services,970,Car / SUV,Hybrid,Used,3,31400.0,60,2023,2023 Toyota RAV4 Hybrid,28700.0,0.0,0.069
APP-020862,2026-08-02,Broker,BRK-003,QLD,4492,Sole trader,32374700169,195,Professional services,778,Car / SUV,Petrol,Used,3,31000.0,36,2023,2023 Hyundai Tucson,30000.0,9800.0,0.0745
APP-020863,2026-08-02,Broker,BRK-116,VIC,3075,Trust,43513030938,111,Retail trade,658,Car / SUV,Petrol,Used,9,14700.0,48,2017,2017 Hyundai Tucson,15200.0,100.0,0.0985
APP-020864,2026-08-02,Broker,BRK-058,VIC,3238,Sole trader,94892834304,75,Retail trade,1052,Other equipment,None,Used,10,15900.0,24,2016,2016 CNC router,13000.0,1400.0,0.069
APP-020865,2026-08-02,Broker,BRK-001,NSW,2749,Trust,55209749755,74,Transport & logistics,613,Trailer,None,Used,2,47800.0,48,2024,2024 Tipper trailer,48800.0,0.0,0.0899
APP-020866,2026-08-02,Broker,BRK-001,NSW,2827,Sole trader,12526867554,138,Construction & trades,402,Trailer,None,New,0,59000.0,24,2026,2026 Tipper trailer,47900.0,1000.0,0.1041
APP-020867,2026-08-02,Broker,BRK-147,WA,6701,Sole trader,84601020116,36,Other services,533,Ute / van,Diesel,New,0,60600.0,36,2026,2026 Isuzu D-Max,62300.0,15700.0,0.0915
APP-020868,2026-08-03,Broker,BRK-011,QLD,4734,Trust,23053835179,70,Construction & trades,730,Ute / van,Diesel,New,0,41000.0,48,2026,2026 Isuzu D-Max,33900.0,15600.0,0.069
APP-020869,2026-08-03,Broker,BRK-032,NSW,2366,Company,83143187337,53,Health care,663,Car / SUV,Petrol,New,0,42700.0,36,2026,2026 Mazda CX-5,39800.0,0.0,0.0783
APP-020870,2026-08-03,Broker,BRK-126,VIC,3586,Sole trader,65520199094,31,Wholesale trade,638,Ute / van,Diesel,Used,8,21300.0,36,2018,2018 Toyota iAce,20300.0,4900.0,0.0962
APP-020871,2026-08-03,Broker,BRK-129,VIC,3996,Company,34388766827,480,Agriculture,783,Agricultural machinery,Diesel,Used,1,125700.0,60,2025,2025 Case IH Farmall tractor,123200.0,24000.0,0.0765
APP-020872,2026-08-03,Broker,BRK-001,NSW,2777,Company,87240818162,35,Retail trade,908,Ute / van,Diesel,New,0,57200.0,36,2026,2026 Ford Transit Custom,57600.0,1400.0,0.069
APP-020873,2026-08-03,Broker,BRK-037,VIC,3932,Trust,72708002367,9,Wholesale trade,905,Truck,Diesel,Used,4,120700.0,60,2022,2022 Kenworth T610,112800.0,0.0,0.0789
APP-020874,2026-08-03,Broker,BRK-147,NSW,2723,Company,82006030783,42,Other services,771,Car / SUV,Electric,Used,2,50200.0,60,2024,2024 MG ZS EV,45600.0,0.0,0.0798
APP-020875,2026-08-03,Broker,BRK-003,VIC,3332,Sole trader,16823752455,49,Retail trade,951,Car / SUV,Electric,New,0,48800.0,48,2026,2026 MG ZS EV,50400.0,0.0,0.069
APP-020876,2026-08-03,Broker,BRK-041,NSW,2802,Company,22471041076,19,Transport & logistics,830,Ute / van,Diesel,Used,10,13800.0,48,2016,2016 Mitsubishi Triton,13200.0,3500.0,0.0969
APP-020877,2026-08-03,Dealer,BRK-066,VIC,3462,Company,64010300510,62,Agriculture,794,Agricultural machinery,Diesel,New,0,255600.0,48,2026,2026 Case IH Farmall tractor,208300.0,900.0,0.069
APP-020878,2026-08-03,Dealer,BRK-001,VIC,3913,Company,42568983407,108,Agriculture,927,Ute / van,Diesel,New,0,53700.0,60,2026,2026 Toyota HiLux SR5,55600.0,0.0,0.069
APP-020879,2026-08-03,Broker,BRK-010,NSW,2365,Company,70911590453,101,Hospitality,549,Ute / van,Diesel,New,0,70000.0,60,2026,2026 Toyota HiAce,71100.0,0.0,0.0955
APP-020880,2026-08-03,Broker,BRK-003,QLD,4973,Company,59258368079,51,Manufacturing,911,Car / SUV,Electric,Used,2,38800.0,48,2024,2024 BYD Atto 3,39500.0,0.0,0.0734
APP-020881,2026-08-03,Broker,BRK-001,VIC,3843,Company,89721261053,105,Other services,741,Other equipment,None,New,0,105600.0,48,2026,2026 Rooftop solar PV system,97600.0,3100.0,0.08
APP-020882,2026-08-03,Broker,BRK-001,QLD,4308,Sole trader,35715271622,12,Transport & logistics,706,Truck,Diesel,Used,8,124700.0,48,2018,2018 Volvo FH,101300.0,28300.0,0.0918
APP-020883,2026-08-03,Broker,BRK-008,WA,6682,Sole trader,84437456837,25,Admin & support services,801,Car / SUV,Electric,New,0,59100.0,60,2026,2026 BYD Atto 3,61300.0,0.0,0.069
APP-020884,2026-08-03,Broker,BRK-028,VIC,3288,Company,55016200202,41,Construction & trades,874,Trailer,None,New,0,26300.0,60,2026,2026 Flat top trailer,26300.0,0.0,0.0755
APP-020885,2026-08-03,Dealer,BRK-128,VIC,3010,Sole trader,69515837900,36,Construction & trades,410,Ute / van,Diesel,Used,2,61100.0,36,2024,2024 Toyota HiLux SR5,55100.0,1300.0,0.1161
APP-020886,2026-08-03,Broker,BRK-121,QLD,4899,Company,25781133886,480,Agriculture,858,Ute / van,Diesel,Used,9,14400.0,36,2017,2017 Toyota HiAce,14400.0,200.0,0.0785
APP-020887,2026-08-03,Broker,BRK-096,VIC,3876,Company,87826474066,9,Retail trade,879,Other equipment,LPG,Used,7,17000.0,36,2019,2019 Toyota 8FG25 forklift,15400.0,300.0,0.0794
APP-020888,2026-08-03,Broker,BRK-065,VIC,3743,Trust,10860289433,20,Retail trade,713,Car / SUV,Petrol,New,0,49200.0,48,2026,2026 Kia Sportage,49900.0,13400.0,0.0854
APP-020889,2026-08-03,Broker,BRK-001,VIC,3887,Trust,32548380747,76,Hospitality,753,Other equipment,None,New,0,64300.0,48,2026,2026 Commercial kitchen fit-out,65100.0,2200.0,0.0701
APP-020890,2026-08-03,Dealer,BRK-012,NSW,2087,Company,38470766045,91,Retail trade,604,Other equipment,None,New,0,43000.0,48,2026,2026 Dental chair,44700.0,0.0,0.0872
APP-020891,2026-08-03,Broker,BRK-067,VIC,3798,Partnership,88017494643,20,Other services,617,Car / SUV,Petrol,Used,9,13300.0,36,2017,2017 Hyundai Tucson,12800.0,0.0,0.1143
APP-020892,2026-08-04,Broker,BRK-135,NSW,2012,Trust,37342623862,362,Professional services,800,Car / SUV,Petrol,Used,3,42600.0,60,2023,2023 Kia Sportage,42600.0,3400.0,0.0755
APP-020893,2026-08-04,Broker,BRK-016,NSW,2348,Trust,56621083058,30,Transport & logistics,451,Truck,Diesel,Used,9,92000.0,48,2017,2017 Kenworth T610,92400.0,18900.0,0.0987
APP-020894,2026-08-04,Broker,BRK-049,WA,6501,Company,29312782567,82,Construction & trades,734,Trailer,None,Used,5,7700.0,60,2021,2021 Flat top trailer,7800.0,200.0,0.0926
APP-020895,2026-08-04,Broker,BRK-148,WA,6216,Company,14788161699,32,Professional services,909,Car / SUV,Electric,Used,4,19200.0,48,2022,2022 BYD Atto 3,19900.0,3500.0,0.0759
APP-020896,2026-08-04,Broker,BRK-035,WA,6281,Sole trader,40839113970,12,Wholesale trade,810,Other equipment,None,Used,6,44100.0,48,2020,2020 Commercial kitchen fit-out,45800.0,0.0,0.0849
APP-020897,2026-08-04,Broker,BRK-067,QLD,4554,Company,75842695245,69,Retail trade,796,Ute / van,Diesel,Used,2,35300.0,60,2024,2024 Toyota HiAce,36700.0,7000.0,0.0717
APP-020898,2026-08-04,Broker,BRK-134,NSW,2711,Sole trader,41321046787,39,Agriculture,778,Ute / van,Diesel,Used,1,66800.0,48,2025,2025 Mitsubishi Triton,67500.0,21800.0,0.0691
APP-020899,2026-08-04,Broker,BRK-051,VIC,3404,Company,79695542158,480,Construction & trades,488,Trailer,None,Used,4,29500.0,60,2022,2022 Tandem box trailer,26600.0,2700.0,0.1126
APP-020900,2026-08-04,Broker,BRK-002,SA,5576,Company,24487564059,74,Professional services,702,Car / SUV,Electric,Used,2,28100.0,60,2024,2024 MG ZS EV,28500.0,9500.0,0.0897
APP-020901,2026-08-04,Broker,BRK-140,SA,5132,Sole trader,91728994170,3,Other,646,Ute / van,Plug-in hybrid,Used,2,48400.0,48,2024,2024 BYD Shark 6,49300.0,0.0,0.0969
APP-020902,2026-08-04,Broker,BRK-074,WA,6507,Sole trader,71581585571,480,Construction & trades,651,Earthmoving equipment,Diesel,Used,5,47300.0,60,2021,2021 Bbcat S650 skid steer,43600.0,2200.0,0.0853
APP-020903,2026-08-04,Broker,BRK-005,QLD,4152,Company,41434136983,32,Construction & trades,566,Ute / van,Diesel,Used,5,31100.0,36,2021,2021 Ford Transit Custom,32000.0,600.0,0.095
APP-020904,2026-08-04,Broker,BRK-144,VIC,3718,Company,86015609721,480,Construction & trades,834,Earthmoving equipment,Diesel,Used,5,77300.0,60,2021,2021 Komatsu PC55 excavator,78900.0,2600.0,0.069
APP-020905,2026-08-04,Broker,BRK-001,VIC,3934,Sole trader,82458645160,29,Construction & trades,906,Truck,Diesel,New,0,263700.0,84,2026,2026 Volvo FH,260400.0,35100.0,0.069
APP-020906,2026-08-04,Broker,BRK-122,QLD,4709,Company,33244813234,161,Transport & logistics,816,Truck,Diesel,Used,4,83700.0,60,2022,2022 Hino 300 Series,86300.0,0.0,0.0755
APP-020907,2026-08-04,Broker,BRK-085,VIC,3573,Partnership,34280685627,6,Other services,669,Ute / van,Diesel,New,0,62400.0,60,2026,2026 Ford Transit Custom,64800.0,0.0,0.0966
APP-020908,2026-08-04,Dealer,BRK-005,VIC,3747,Sole trader,,77,Health care,964,Other equipment,LPG,Used,4,56400.0,36,2022,2022 Toyota 8FG25 forklift,51600.0,1000.0,0.069
APP-020909,2026-08-04,Broker,BRK-092,QLD,4572,Trust,64581295392,68,Construction & trades,750,Ute / van,Diesel,Used,5,41300.0,60,2021,2021 Ford Ranger XLT,38200.0,7600.0,0.0749
APP-020910,2026-08-04,Broker,BRK-001,SA,5787,Trust,28397162364,82,Agriculture,790,Agricultural machinery,Diesel,New,0,61900.0,48,2026,2026 New Holland T6 tractor,49700.0,600.0,0.069
APP-020911,2026-08-04,Broker,BRK-128,NSW,2265,Sole trader,46646335589,48,Construction & trades,809,Truck,Diesel,Used,5,145900.0,84,2021,2021 Fuso Canter,140100.0,0.0,0.0767
APP-020912,2026-08-04,Broker,BRK-032,NSW,2831,Trust,50756347437,16,Retail trade,774,Other equipment,None,Used,4,20500.0,48,2022,2022 Espresso machine,20700.0,900.0,0.0966
APP-020913,2026-08-05,Broker,BRK-021,NSW,2132,Company,79756028799,22,Professional services,811,Car / SUV,Petrol,Used,6,23600.0,48,2020,2020 Mazda CX-5,24200.0,0.0,0.1
APP-020914,2026-08-05,Broker,BRK-146,QLD,4276,Sole trader,10729487468,124,Agriculture,755,Agricultural machinery,Diesel,New,0,160200.0,48,2026,2026 Csae IH Farmall tractor,147100.0,29900.0,0.0766
APP-020915,2026-08-05,Dealer,BRK-001,WA,6767,Company,67579134768,88,Construction & trades,1008,Ute / van,Diesel,Used,6,25100.0,48,2020,2020 Ford Ranger XLT,24300.0,8900.0,0.069
APP-020916,2026-08-05,Broker,BRK-020,QLD,4640,Sole trader,87042550725,114,Manufacturing,745,Other equipment,None,Used,5,36500.0,60,2021,2021 Dental chair,37000.0,100.0,0.0771
APP-020917,2026-08-05,Broker,BRK-056,VIC,3850,Trust,29518759589,192,Transport & logistics,703,Truck,Diesel,New,0,214500.0,72,2026,2026 Isuzu NPR 45-155,219200.0,29300.0,0.0837
APP-020918,2026-08-05,Dealer,BRK-002,VIC,3697,Company,14220541676,133,Retail trade,574,Car / SUV,Petrol,New,0,50900.0,60,2026,2026 Mazda CX-5,46300.0,0.0,0.0909
APP-020919,2026-08-05,Broker,BRK-001,NSW,2426,Company,29585959302,319,Manufacturing,842,Truck,Diesel,New,0,347800.0,84,2026,2026 Kenworth T610,359600.0,0.0,0.069
APP-020920,2026-08-05,Broker,BRK-034,VIC,3800,Sole trader,56555824226,63,Retail trade,521,Other equipment,None,Used,5,36700.0,36,2021,2021 Rooftop solar PV system,37700.0,0.0,0.0932
APP-020921,2026-08-05,Broker,BRK-008,QLD,4924,Company,39790557225,119,Transport & logistics,716,Truck,Diesel,New,0,349500.0,48,2026,2026 Isuzu NPR 45-155,317700.0,65200.0,0.0806
APP-020922,2026-08-05,Broker,BRK-018,WA,6466,Sole trader,26891058651,27,Transport & logistics,733,Truck,Diesel,Used,9,61700.0,48,2017,2017 Fuso Canter,59900.0,16100.0,0.0813
APP-020923,2026-08-05,Dealer,BRK-035,QLD,4328,Company,28267634972,197,Retail trade,809,Car / SUV,Petrol,New,0,56300.0,36,2026,2026 Mazda CX-5,58200.0,62200.0,0.069
APP-020924,2026-08-05,Broker,BRK-010,WA,6320,Sole trader,34663579340,175,Other services,943,Other equipment,None,New,0,113800.0,60,2026,2026 Rooftop solar PV system,106700.0,0.0,0.069
APP-020925,2026-08-06,Broker,BRK-003,VIC,3722,Partnership,65723879248,349,Construction & trades,631,Ute / van,Plug-in hybrid,New,0,45000.0,36,2026,2026 BYD Shark 6,45800.0,16200.0,0.0814
APP-020926,2026-08-06,Broker,BRK-004,NSW,2480,Sole trader,97109909484,397,Construction & trades,785,Ute / van,Plug-in hybrid,Used,1,36600.0,48,2025,2025 BYD Shark 6,35800.0,9600.0,0.0736
APP-020927,2026-08-06,Broker,BRK-003,VIC,3623,Sole trader,42708370798,12,Construction & trades,616,Trailer,None,New,0,53000.0,36,2026,2026 Flat top trailer,103300.0,0.0,0.1044
APP-020928,2026-08-06,Broker,BRK-052,ACT,2609,Sole trader,72631265796,156,Mining,702,Earthmoving equipment,Diesel,Used,8,50000.0,60,2018,2018 Bobcat S650 skid steer,46400.0,9400.0,0.0835
APP-020929,2026-08-06,Broker,BRK-002,SA,5001,Sole trader,26126368673,180,Wholesale trade,706,Ute / van,Diesel,Used,9,21500.0,48,2017,2017 Mitsubishi Triton,22300.0,0.0,0.0922
APP-020930,2026-08-06,Dealer,BRK-137,WA,6666,Sole trader,33478594101,58,Mining,676,Earthmoving equipment,Diesel,Used,2,81400.0,36,2024,2024 Komatsu PC55 excavator,67300.0,5600.0,0.0827
APP-020931,2026-08-06,Broker,BRK-001,QLD,4942,Company,23970695008,346,Transport & logistics,1014,Ute / van,Diesel,New,0,60900.0,60,2026,2026 Ford Ranger XLT,49500.0,71500.0,0.069
APP-020932,2026-08-06,Broker,BRK-006,SA,5317,Company,74423985083,203,Professional services,664,Car / SUV,Electric,New,0,40300.0,60,2026,2026 MG ZS EV,40900.0,900.0,0.0847
APP-020933,2026-08-06,Broker,BRK-074,VIC,3669,Trust,80825833848,49,Wholesale trade,1068,Truck,Diesel,New,0,172000.0,48,2026,2026 Isuzu NPR 45-155,172700.0,27300.0,0.069
APP-020934,2026-08-06,Broker,BRK-001,VIC,3520,Company,36396622503,194,Transport & logistics,646,Trailer,None,New,0,26900.0,60,2026,2026 Tandem box trailer,27500.0,2500.0,0.0887
APP-020935,2026-08-06,Broker,BRK-030,QLD,4149,Company,45769409847,60,Construction & trades,576,Ute / van,Diesel,New,0,66200.0,36,2026,2026 Mitsubishi Triton,59900.0,0.0,0.0862
APP-020936,2026-08-06,Broker,BRK-006,VIC,3431,Company,52972176013,103,Construction & trades,900,Ute / van,Diesel,New,0,51000.0,36,2026,2026 Mitsubishi Triton,48900.0,7200.0,0.069
APP-020937,2026-08-06,Broker,BRK-134,QLD,4799,Sole trader,59492210792,217,Construction & trades,889,Ute / van,Plug-in hybrid,Used,5,39800.0,48,2021,2021 BYD Shark 6,39300.0,0.0,0.0712
APP-020938,2026-08-06,Broker,BRK-004,VIC,3079,Sole trader,81362006965,84,Professional services,907,Car / SUV,Petrol,New,0,72600.0,48,2026,2026 Kia Sportage,71000.0,0.0,0.069
APP-020939,2026-08-06,Dealer,BRK-001,TAS,7452,Company,86550061329,131,Manufacturing,888,Ute / van,Diesel,New,0,51600.0,48,2026,2026 Toyota HiAce,49400.0,0.0,0.069
APP-020940,2026-08-06,Dealer,BRK-033,SA,5369,Sole trader,20686537393,42,Construction & trades,738,Ute / van,Diesel,New,0,52300.0,36,2026,2026 Toyota HiAce,43000.0,13300.0,0.0765
APP-020941,2026-08-06,Broker,BRK-010,WA,6392,Sole trader,74166800595,33,Health care,771,Car / SUV,Electric,Used,7,15000.0,36,2019,2019 Tesla Model Y,15200.0,2700.0,0.091
APP-020942,2026-08-06,Broker,BRK-108,NSW,2733,Sole trader,59071375556,44,Construction & trades,727,Car / SUV,Hybrid,New,0,59900.0,60,2026,2026 Toyota RAV4 Hybrid,61800.0,7500.0,0.0784
APP-020943,2026-08-06,Broker,BRK-112,NSW,2327,Company,66841239343,75,Professional services,700,Ute / van,Diesel,New,0,40100.0,60,2026,2026 Toyota HiLux SR5,37500.0,4800.0,0.0811
APP-020944,2026-08-06,Broker,BRK-072,SA,5587,Trust,40212787058,52,Other services,825,Car / SUV,Petrol,New,0,38800.0,48,2026,2026 Mazda CX-5,39600.0,1500.0,0.069
APP-020945,2026-08-06,Broker,BRK-002,WA,6657,Company,92548231539,31,Professional services,674,Car / SUV,Electric,New,0,60600.0,36,2026,2026 BYD Atto 3,62400.0,0.0,0.0857
APP-020946,2026-08-06,Broker,BRK-041,NSW,2218,Company,18146182663,300,Retail trade,792,Other equipment,None,Used,7,24000.0,24,2019,2019 Commercial kitchen fit-out,23700.0,0.0,0.0887
APP-020947,2026-08-06,Broker,BRK-001,QLD,4178,Company,10538179843,27,Retail trade,814,Ute / van,Diesel,Used,6,21500.0,36,2020,2020 Isuzu D-Max,21700.0,3000.0,0.0877
APP-020948,2026-08-07,Broker,BRK-001,NSW,2409,Trust,24309371220,139,Professional services,722,Car / SUV,Petrol,Used,4,19200.0,36,2022,2022 Mazda CX-5,19700.0,0.0,0.0924
APP-020949,2026-08-07,Broker,BRK-003,WA,6460,Company,61771240168,17,Professional services,814,Car / SUV,Electric,New,0,70100.0,48,2026,2026 Tesla Model Y,58000.0,0.0,0.0744
APP-020950,2026-08-07,Dealer,BRK-019,VIC,3368,Company,20997310402,66,Agriculture,962,Ute / van,Diesel,Used,7,31700.0,36,2019,2019 Ford Transit Custom,33000.0,0.0,0.069
APP-020951,2026-08-07,Broker,BRK-015,VIC,3914,Trust,84890419265,98,Construction & trades,784,Ute / van,Diesel,Used,1,47400.0,48,2025,2025 Ford Transit Custom,45900.0,900.0,0.0857
APP-020952,2026-08-07,Broker,BRK-066,NSW,2806,Partnership,26587173381,255,Wholesale trade,622,Car / SUV,Hybrid,Used,2,52100.0,48,2024,2024 Toyota RAV4 Hybrid,53900.0,0.0,0.0825
APP-020953,2026-08-07,Broker,BRK-022,NSW,2822,Sole trader,47618298065,42,Other,908,Car / SUV,Electric,New,0,46700.0,48,2026,2026 BYD Atto 3,45900.0,3200.0,0.069
APP-020954,2026-08-07,Broker,BRK-005,SA,5330,Sole trader,84372674463,9,Construction & trades,551,Ute / van,Diesel,Used,5,42100.0,60,2021,2021 Toyota HiAce,39000.0,2900.0,0.1176
APP-020955,2026-08-07,Dealer,BRK-002,QLD,4205,Company,57047098756,87,Health care,832,Other equipment,None,Used,5,13000.0,60,2021,2021 Rooftop solar PV system,13300.0,0.0,0.0804
APP-020956,2026-08-07,Broker,BRK-027,NSW,2856,Company,37045096962,93,Manufacturing,801,Ute / van,Diesel,New,0,46900.0,60,2026,2026 Ford Ranger XLT,42300.0,0.0,0.069
APP-020957,2026-08-07,Broker,BRK-044,NSW,2024,Company,79538313733,9,Construction & trades,622,Ute / van,Diesel,New,0,48700.0,36,2026,2026 Ford Transit Custom,50300.0,0.0,0.0908
APP-020958,2026-08-07,Broker,BRK-003,QLD,4970,Sole trader,61796513448,286,Professional services,914,Car / SUV,Hybrid,New,0,38200.0,48,2026,2026 Toyota Camry Hybrid,39500.0,0.0,0.069
APP-020959,2026-08-07,Broker,BRK-036,WA,6783,Sole trader,93573547381,42,Transport & logistics,692,Trailer,None,Used,8,14600.0,60,2018,2018 Tandem box trailer,12100.0,100.0,0.0963
APP-020960,2026-08-07,Broker,BRK-092,VIC,3774,Trust,24990694901,80,Professional services,600,Other equipment,None,Used,9,21800.0,36,2017,2017 CNC router,22100.0,0.0,0.0979
APP-020961,2026-08-07,Dealer,BRK-004,QLD,4577,Sole trader,17516357891,239,Wholesale trade,814,Truck,Diesel,New,0,135400.0,60,2026,2026 Kenworth T610,122200.0,0.0,0.0726
APP-020962,2026-08-07,Broker,BRK-079,SA,5437,Sole trader,86914568420,64,Construction & trades,701,Earthmoving equipment,Diesel,New,0,93100.0,60,2026,2026 CAT 305 mini excavator,96300.0,900.0,0.0803
APP-020963,2026-08-07,Broker,BRK-127,VIC,3070,Company,69453178152,15,Manufacturing,675,Other equipment,None,Used,2,17500.0,24,2024,2024 Dental chair,17800.0,200.0,0.1094
APP-020964,2026-08-07,Broker,BRK-121,WA,6296,Company,76681239116,29,Construction & trades,693,Ute / van,Diesel,New,1,64800.0,60,2019,2019 Mitsubishi Triton,67000.0,0.0,0.0812
APP-020965,2026-08-07,Dealer,BRK-002,VIC,3304,Trust,18870752806,102,Construction & trades,711,Earthmoving equipment,Diesel,Used,6,79100.0,48,2020,2020 Kubota KX040 excavator,80900.0,1000.0,0.0904
APP-020966,2026-08-07,Broker,BRK-001,NSW,2047,Sole trader,95384149809,128,Other services,828,Car / SUV,Electric,Used,3,44800.0,36,2023,2023 Tesla Model Y,40700.0,0.0,0.076
APP-020967,2026-08-07,Broker,BRK-054,WA,6752,Sole trader,39115406375,33,Construction & trades,764,Earthmoving equipment,Diesel,New,0,129900.0,48,2026,2026 Komatsu PC55 excavator,135000.0,13200.0,0.069
APP-020968,2026-08-07,Broker,BRK-010,SA,5078,Company,64348838930,21,Construction & trades,527,Earthmoving equipment,Diesel,Used,6,75400.0,36,2020,2020 Bobcat S650 skid steer,77700.0,14400.0,0.1134
APP-020969,2026-08-07,Broker,BRK-003,NSW,2888,Trust,18947574961,7,Other services,697,Ute / van,Diesel,Used,3,50600.0,48,2023,2023 Ford Ranger XLT,50000.0,17600.0,0.0931
APP-020970,2026-08-07,Broker,BRK-015,QLD,4525,Sole trader,53777336419,108,Construction & trades,831,Truck,Diesel,Used,2,71000.0,60,2024,2024 Fuso Canter,64500.0,16000.0,0.0732
APP-020971,2026-08-08,Broker,BRK-024,QLD,4235,Sole trader,18761927588,88,Agriculture,712,Agricultural machinery,Diesel,New,0,148200.0,48,2026,2026 Case IH Farmall tractor,152400.0,12800.0,0.0776
APP-020972,2026-08-08,Broker,BRK-002,WA,6521,Company,,28,Admin & support services,830,Ute / van,Diesel,New,0,73900.0,60,2026,2026 Toyota HiAce,76000.0,1900.0,0.069
APP-020973,2026-08-08,Broker,BRK-001,QLD,4153,Sole trader,89189823179,45,Construction & trades,913,Ute / van,Plug-in hybrid,Used,10,13300.0,48,2016,2016 BYD Shark 6,13700.0,3600.0,0.0731
APP-020974,2026-08-08,Broker,BRK-068,WA,6708,Company,42894214067,5,Hospitality,653,Other equipment,None,New,0,10400.0,24,2026,2026 Commercial kitchen fit-out,10600.0,100.0,0.1056
APP-020975,2026-08-08,Broker,BRK-015,QLD,4281,Company,49016646452,351,Transport & logistics,710,Truck,Diesel,Used,9,50000.0,84,2017,2017 Volvo FH,46500.0,9700.0,0.0866
APP-020976,2026-08-08,Broker,BRK-004,VIC,3298,Sole trader,85203462837,105,Other services,721,Ute / van,Plug-in hybrid,New,0,45900.0,60,2026,2026 BYD Shark 6,47300.0,0.0,0.0785
APP-020977,2026-08-08,Broker,BRK-129,NSW,2764,Sole trader,33924593082,94,Construction & trades,835,Ute / van,Diesel,Used,8,18300.0,48,2018,2018 Mitsubishi Triton,16600.0,5600.0,0.0818
APP-020978,2026-08-08,Dealer,BRK-062,SA,5726,Company,,45,Manufacturing,794,Car / SUV,Petrol,New,0,57400.0,48,2026,2026 Mazda CX-5,54700.0,0.0,0.0695
APP-020979,2026-08-08,Broker,BRK-011,SA,5654,Sole trader,43495158893,54,Admin & support services,746,Car / SUV,Electric,Used,4,35300.0,36,2022,2022 Tesla Model Y,35500.0,0.0,0.0877
APP-020980,2026-08-08,Broker,BRK-005,NSW,2530,Trust,21090854093,263,Hospitality,879,Car / SUV,Electric,New,0,57500.0,36,2026,2026 BYD Atto 3,54800.0,0.0,0.069
APP-020981,2026-08-08,Broker,BRK-055,QLD,4247,Company,82589957516,75,Other,434,Ute / van,Diesel,Used,8,21000.0,48,2018,2018 Ford Ranger XLT,20700.0,8000.0,0.1118
APP-020982,2026-08-08,Broker,BRK-054,NSW,2852,Sole trader,44631179190,85,Manufacturing,885,Ute / van,Diesel,New,0,44800.0,48,2026,2026 Mitsubishi Triton,45400.0,5300.0,0.069
APP-020983,2026-08-08,Broker,BRK-100,QLD,4588,Company,77564968572,57,Retail trade,1089,Ute / van,Diesel,Used,6,24500.0,60,2020,2020 Ford Transit Custom,24900.0,7000.0,0.069
APP-020984,2026-08-09,Broker,BRK-001,NSW,2233,Sole trader,33581204047,24,Admin & support services,941,Car / SUV,Electric,Used,7,11800.0,60,2019,2019 Tesla Model Y,10700.0,0.0,0.069
APP-020985,2026-08-09,Broker,BRK-036,TAS,7701,Company,34386896537,140,Admin & support services,766,Other equipment,None,Used,10,16900.0,36,2016,2016 Espresso machine,14000.0,0.0,0.0922
APP-020986,2026-08-09,Broker,BRK-005,QLD,4243,Sole trader,86021249740,173,Wholesale trade,691,Ute / van,Diesel,New,0,42300.0,60,2026,2026 Toyota HiLux SR5,35200.0,16000.0,0.0801
APP-020987,2026-08-09,Broker,BRK-138,QLD,4155,Trust,10008180119,133,Retail trade,930,Other equipment,None,New,0,106900.0,24,2026,2026 Espresso machine,107700.0,4000.0,0.069
APP-020988,2026-08-09,Broker,BRK-001,NSW,2854,Sole trader,96804349507,46,Other services,640,Ute / van,Plug-in hybrid,Used,10,11600.0,36,2016,2016 BYD Shark 6,12000.0,3800.0,0.106
APP-020989,2026-08-09,Broker,BRK-018,NSW,2708,Company,12892609489,154,Agriculture,592,Agricultural machinery,Diesel,New,0,124300.0,48,2026,2026 Case IH Farmal tractor,127700.0,0.0,0.0882
APP-020990,2026-08-09,Broker,BRK-051,VIC,3482,Trust,58880468002,83,Retail trade,745,Car / SUV,Hybrid,New,0,35700.0,48,2026,2026 Toyota Camry Hybrid,33100.0,8800.0,0.0737
APP-020991,2026-08-09,Dealer,BRK-060,NSW,2567,Company,18940236398,66,Professional services,1084,Car / SUV,Hybrid,Used,10,10900.0,60,2016,2016 Toyota Camry Hybrid,10200.0,1300.0,0.069
APP-020992,2026-08-09,Broker,BRK-036,VIC,3591,Company,67072268536,62,Transport & logistics,788,Truck,Diesel,New,0,167200.0,72,2026,2026 Volvo FH,173300.0,40100.0,0.0703
APP-020993,2026-08-09,Broker,BRK-017,SA,5125,Company,92232439166,338,Construction & trades,791,Ute / van,Diesel,Used,10,15700.0,60,2016,2016 Toyota HiAce,15300.0,0.0,0.0873
APP-020994,2026-08-09,Broker,BRK-110,VIC,3052,Company,76883150630,341,Construction & trades,741,Earthmoving equipment,Diesel,New,0,100000.0,48,2026,2026 CAT 305 mini excavator,101000.0,12800.0,0.0759
APP-020995,2026-08-09,Broker,BRK-028,VIC,3517,Company,32512941654,27,Professional services,788,Car / SUV,Electric,New,0,55700.0,48,2026,2026 BYD Atto 3,46500.0,0.0,0.0779
APP-020996,2026-08-09,Broker,BRK-021,WA,6352,Company,76764093541,105,Agriculture,692,Agricultural machinery,Diesel,Used,3,154900.0,60,2023,2023 John Deere 6120M tractor,155300.0,24500.0,0.0886
APP-020997,2026-08-09,Dealer,BRK-091,QLD,4673,Sole trader,97919302223,8,Retail trade,729,Other equipment,None,Used,9,9100.0,48,2017,2017 Commercial kitchen fit-out,9200.0,0.0,0.103
APP-020998,2026-08-09,Dealer,BRK-014,VIC,3517,Sole trader,90817560186,162,Manufacturing,605,Other equipment,LPG,New,0,31400.0,48,2026,2026 Toyota 8FG25 forklift,28500.0,500.0,0.0918
APP-020999,2026-08-09,Broker,BRK-032,QLD,4942,Trust,89777033182,35,Construction & trades,989,Truck,Diesel,Used,3,199400.0,72,2023,2023 Hino 300 Series,203800.0,0.0,0.069
APP-021000,2026-08-09,Broker,BRK-007,NSW,2692,Trust,75679235058,37,Hospitality,749,Ute / van,Diesel,Used,3,41800.0,60,2023,2023 Ford Ranger XLT,40200.0,0.0,0.0814
APP-021001,2026-08-10,Broker,BRK-003,NSW,2687,Sole trader,76696538817,148,Transport & logistics,630,Truck,Diesel,Used,5,44000.0,60,2021,2021 Kenworth T610,43100.0,0.0,0.0823
APP-021002,2026-08-10,Broker,BRK-016,NSW,2755,Company,72080298661,25,Transport & logistics,963,Ute / van,Diesel,Used,7,29900.0,60,2019,2019 Toyota HiLux SR5,24500.0,0.0,0.0706
APP-021003,2026-08-10,Broker,BRK-008,VIC,3465,Company,15164962386,72,Transport & logistics,832,Ute / van,Diesel,New,0,76300.0,36,2026,2026 Ford Ranger XLT,73000.0,22800.0,0.069
APP-021004,2026-08-10,Dealer,BRK-001,SA,5562,Company,43485911950,109,Mining,659,Earthmoving equipment,Diesel,New,0,94000.0,36,2026,2026 CAT 305 mini excavator,89800.0,0.0,0.0783
APP-021005,2026-08-10,Broker,BRK-018,TAS,7253,Company,53004632302,128,Transport & logistics,453,Trailer,None,New,0,7800.0,60,2026,2026 Tandem box trailer,7900.0,200.0,0.1122
APP-021006,2026-08-10,Broker,BRK-040,NSW,2004,Company,40908753812,90,Transport & logistics,907,Trailer,None,New,0,16900.0,48,2026,2026 Flat top trailer,17100.0,0.0,0.0752
APP-021007,2026-08-10,Dealer,BRK-001,SA,5406,Company,56650156205,43,Retail trade,658,Other equipment,None,Used,5,10100.0,24,2021,2021 Dental chair,9300.0,300.0,0.1032
APP-021008,2026-08-10,Broker,BRK-027,WA,6772,Sole trader,17868964089,183,Wholesale trade,702,Ute / van,Diesel,New,0,59500.0,48,2026,2026 Toyota HiAce,60700.0,7500.0,0.0817
APP-021009,2026-08-10,Broker,BRK-007,NSW,2447,Trust,82575300285,43,Transport & logistics,600,Truck,Diesel,Used,10,42400.0,84,2016,2016 Kenworth T610,35100.0,4200.0,0.0913
APP-021010,2026-08-10,Broker,BRK-001,VIC,3930,Sole trader,70489784924,119,Agriculture,637,Ute / van,Diesel,Used,5,30900.0,60,2021,2021 Mitsubishi Triton,31800.0,9700.0,0.0851
APP-021011,2026-08-10,Broker,BRK-001,VIC,3690,Company,87776975161,367,Agriculture,682,Truck,Diesel,Used,10,46000.0,84,2016,2016 Volvo FH,42800.0,0.0,0.0782
APP-021012,2026-08-10,Broker,BRK-052,NSW,2165,Company,61410363988,95,Construction & trades,815,Car / SUV,Hybrid,New,0,35600.0,60,2026,2026 Toyota RAV4 Hybrid,36600.0,8600.0,0.0735
APP-021013,2026-08-10,Broker,BRK-023,VIC,3253,Partnership,91688815141,195,Wholesale trade,679,Truck,Diesel,New,0,112000.0,60,2026,2026 Kenworth T610,116000.0,0.0,0.0746
APP-021014,2026-08-10,Broker,BRK-129,NSW,2254,Partnership,83388956198,38,Professional services,814,Car / SUV,Petrol,New,0,49100.0,48,2026,2026 Kia Sportage,46000.0,0.0,0.069
APP-021015,2026-08-10,Broker,BRK-045,VIC,3541,Partnership,42840492458,64,Other services,956,Car / SUV,Petrol,New,0,48400.0,48,2026,2026 Kia Sportage,44000.0,0.0,0.069
APP-021016,2026-08-10,Broker,BRK-132,VIC,3138,Trust,89835207808,197,Hospitality,667,Other equipment,None,New,0,88100.0,48,2026,2026 Espresso machine,89800.0,7300.0,0.0809
APP-021017,2026-08-10,Broker,BRK-006,VIC,3891,Sole trader,59279125917,80,Transport & logistics,577,Truck,Diesel,Used,6,97800.0,72,2020,2020 Fuso Canter,91400.0,0.0,0.0938
APP-021018,2026-08-10,Broker,BRK-029,VIC,3955,Company,31944730613,378,Retail trade,749,Ute / van,Diesel,New,0,73600.0,60,2016,2016 Ford Ranger XLT,76300.0,4700.0,0.0735
APP-021019,2026-08-10,Dealer,BRK-026,VIC,3079,Company,78047877153,186,Hospitality,789,Car / SUV,Petrol,Used,2,39100.0,36,2024,2024 Kia Sportage,37700.0,14400.0,0.0785
APP-021020,2026-08-11,Dealer,BRK-022,NSW,2821,Trust,72406325611,22,Construction & trades,650,Trailer,None,Used,4,8800.0,36,2022,2022 Tipper trailer,8900.0,800.0,0.1093
APP-021021,2026-08-11,Broker,BRK-105,NSW,2823,Sole trader,86997391697,186,Retail trade,696,Car / SUV,Hybrid,New,0,59000.0,36,2026,2026 Toyota RAV4 Hybrid,60000.0,6600.0,0.0834
APP-021022,2026-08-11,Broker,BRK-022,QLD,4201,Sole trader,96402939254,238,Retail trade,1044,Ute / van,Diesel,Used,10,18600.0,48,2016,2016 Isuzu D-Max,19000.0,1500.0,0.069
APP-021023,2026-08-11,Dealer,BRK-005,NSW,2204,Company,20405708599,270,Other services,633,Car / SUV,Electric,Used,3,22900.0,60,2023,2023 Tesla Model Y,23600.0,1600.0,0.101
APP-021024,2026-08-11,Broker,BRK-049,NSW,2673,Company,38039567987,272,Wholesale trade,638,Truck,Diesel,New,0,148600.0,72,2026,2026 Fuso Canter,136300.0,0.0,0.0804
APP-021025,2026-08-11,Broker,BRK-005,VIC,3659,Sole trader,83004870349,54,Construction & trades,880,Ute / van,Diesel,New,0,79100.0,60,2026,2026 Ford Ranger XLT,81000.0,3900.0,0.069
APP-021026,2026-08-11,Broker,BRK-001,ACT,2601,Sole trader,69876058676,82,Transport & logistics,753,Truck,Diesel,Used,10,27400.0,72,2016,2016 Kenworth T610,22100.0,0.0,0.0866
APP-021027,2026-08-11,Broker,BRK-030,QLD,4429,Trust,85405762497,214,Construction & trades,530,Ute / van,Diesel,New,0,57700.0,36,2026,2026 Toyota HiLux SR5,59800.0,6300.0,0.0848
APP-021028,2026-08-11,Broker,BRK-002,QLD,4267,Trust,72471958145,21,Hospitality,793,Other equipment,None,New,0,119000.0,36,2026,2026 Commercial kitchen fit-out,117500.0,0.0,0.0854
APP-021029,2026-08-11,Broker,BRK-052,WA,6366,Company,17924758649,72,Retail trade,934,Ute / van,Diesel,Used,2,58400.0,48,2024,2024 Toyota HiLux SR5,56900.0,0.0,0.069
APP-021030,2026-08-11,Broker,BRK-014,QLD,4229,Trust,49897643455,19,Other services,863,Car / SUV,Petrol,New,0,67800.0,60,2026,2026 Mazda CX-5,61200.0,0.0,0.0767
APP-021031,2026-08-11,Broker,BRK-094,VIC,3675,Trust,37288216913,281,Transport & logistics,478,Other equipment,None,New,0,85700.0,48,2026,2026 Commercial kitchen fit-out,85700.0,5900.0,0.0956
APP-021032,2026-08-11,Broker,BRK-012,WA,6078,Sole trader,86406797455,63,Hospitality,666,Ute / van,Diesel,Used,5,41100.0,48,2021,2021 Toyota HiLux SR5,41500.0,0.0,0.0876
APP-021033,2026-08-12,Broker,BRK-011,NSW,2375,Company,80427033815,27,Agriculture,811,Agricultural machinery,Diesel,Used,5,163600.0,60,2021,2021 John Deere 6120M tractor,165700.0,0.0,0.0796
APP-021034,2026-08-12,Broker,BRK-013,NSW,2821,Partnership,96346772887,480,Manufacturing,810,Other equipment,None,New,0,41100.0,60,2026,2026 Dental chair,39600.0,200.0,0.0705
APP-021035,2026-08-12,Broker,BRK-051,NSW,2457,Sole trader,55603971895,108,Transport & logistics,609,Ute / van,Diesel,New,0,77400.0,36,2026,2026 Isuzu D-Max,78700.0,0.0,0.08
APP-021036,2026-08-12,Broker,BRK-002,VIC,3449,Company,66980909765,405,Construction & trades,889,Trailer,None,New,0,36200.0,48,2026,2026 Tandem box trailer,37300.0,2400.0,0.07
APP-021037,2026-08-12,Broker,BRK-008,QLD,4116,Sole trader,43861906822,175,Professional services,884,Other equipment,None,Used,2,46800.0,60,2024,2024 Espresso machine,47100.0,0.0,0.069
APP-021038,2026-08-12,Broker,BRK-005,NSW,2063,Sole trader,91115469254,333,Admin & support services,672,Car / SUV,Electric,New,0,62500.0,60,2026,2026 Tesla Model Y,63300.0,5900.0,0.0758
APP-021039,2026-08-12,Broker,BRK-011,VIC,3614,Trust,52678433994,18,Hospitality,641,Other equipment,None,New,0,78500.0,48,2026,2026 Commercial kitchen fit-out,78700.0,0.0,0.082
APP-021040,2026-08-12,Dealer,BRK-111,QLD,4127,Company,53058217079,36,Construction & trades,618,Truck,Diesel,Used,9,65600.0,72,2017,2017 Hino 300 Series,61100.0,8600.0,0.0872
APP-021041,2026-08-12,Broker,BRK-036,SA,5649,Sole trader,10447705473,48,Other services,853,Other equipment,LPG,Used,8,29200.0,60,2018,2018 Toyota 8FG25 forklift,29400.0,0.0,0.0778
APP-021042,2026-08-12,Broker,BRK-020,VIC,3056,Trust,64086119172,89,Other services,694,Car / SUV,Electric,Used,10,10200.0,48,2016,2016 MG ZS EV,8200.0,0.0,0.0919
APP-021043,2026-08-12,Dealer,BRK-002,VIC,3966,Sole trader,56193023217,204,Construction & trades,715,Ute / van,Plug-in hybrid,New,0,65600.0,36,2026,2026 BYD Shark 6,59400.0,0.0,0.0726
APP-021044,2026-08-12,Dealer,BRK-028,QLD,2762,Company,51951371801,40,Hospitality,692,Other equipment,None,New,0,72900.0,24,2026,2026 Rooftop solar PV system,73100.0,7100.0,0.0858
APP-021045,2026-08-12,Broker,BRK-073,NSW,2238,Company,17529744416,119,Transport & logistics,813,Ute / van,Diesel,New,0,51700.0,60,2026,2026 Toyota HiLux SR5,48000.0,13300.0,0.069
APP-021046,2026-08-12,Broker,BRK-009,VIC,3027,Sole trader,47415469923,39,Agriculture,684,Ute / van,Diesel,Used,9,17900.0,48,2017,2017 Mitsubishi Triton,16500.0,700.0,0.0889
APP-021047,2026-08-13,Broker,BRK-107,NSW,2893,Company,18744646967,62,Other services,734,Car / SUV,Electric,New,0,45000.0,48,2026,2026 MG ZS EV,46100.0,17300.0,0.0798
APP-021048,2026-08-13,Broker,BRK-008,NSW,2736,Sole trader,57353244030,163,Transport & logistics,818,Truck,Diesel,New,0,266300.0,48,2026,2026 Hino 300 Series,272400.0,0.0,0.069
APP-021049,2026-08-13,Broker,BRK-002,VIC,3676,Company,16822544329,36,Construction & trades,760,Ute / van,Diesel,New,0,58400.0,48,2026,2026 Ford Transit Custom,59100.0,14100.0,0.0777
APP-021050,2026-08-13,Broker,BRK-081,WA,6537,Sole trader,60166321984,10,Construction & trades,828,Ute / van,Diesel,New,0,53300.0,60,2026,2026 Mitsubishi Triton,44200.0,9500.0,0.0768
APP-021051,2026-08-13,Dealer,BRK-027,VIC,3426,Company,18598063228,50,Construction & trades,840,Ute / van,Diesel,New,0,57900.0,60,2026,2026 Isuzu D-Max,58700.0,7700.0,0.069
APP-021052,2026-08-13,Broker,BRK-021,VIC,3949,Trust,51227270324,342,Construction & trades,763,Trailer,None,New,0,36500.0,24,2026,2026 Tipper trailer,37400.0,3600.0,0.0714
APP-021053,2026-08-13,Broker,BRK-116,VIC,3962,Sole trader,26616137198,25,Other,422,Car / SUV,Petrol,New,0,54800.0,36,2026,2026 Mazda CX-5,55700.0,0.0,0.0957
APP-021054,2026-08-13,Dealer,BRK-080,VIC,3024,Partnership,64315687601,28,Agriculture,735,Agricultural machinery,Diesel,Used,9,41700.0,48,2017,2017 New Holland T6 tractor,42200.0,6500.0,0.0859
APP-021055,2026-08-13,Broker,BRK-147,QLD,4827,Sole trader,37009772312,419,Other services,916,Car / SUV,Electric,New,0,52000.0,48,2026,2026 MG ZS EV,41900.0,0.0,0.069
APP-021056,2026-08-13,Broker,BRK-047,SA,5137,Sole trader,59527096612,280,Construction & trades,902,Trailer,None,Used,2,48700.0,60,2024,2024 Flat top trailre,49100.0,0.0,0.0699
APP-021057,2026-08-13,Broker,BRK-028,VIC,3946,Company,60422166499,107,Admin & support services,698,Car / SUV,Hybrid,Used,5,23500.0,48,2021,2021 Toyota Camry Hybrid,21800.0,0.0,0.0939
APP-021058,2026-08-13,Broker,BRK-023,WA,6632,Company,50444192693,87,Other,752,Other equipment,LPG,Used,8,18500.0,48,2018,2018 Toyota 8FG25 forklift,19000.0,700.0,0.0884
APP-021059,2026-08-13,Broker,BRK-009,VIC,3418,Company,83752340910,13,Construction & trades,864,Car / SUV,Electric,New,0,53400.0,60,2026,2026 BYD Atto 3,53600.0,0.0,0.0723
APP-021060,2026-08-13,Broker,BRK-003,NSW,2709,Company,26134119315,107,Transport & logistics,635,Ute / van,Diesel,New,0,47200.0,48,2026,2026 Isuzu D-Max,48500.0,600.0,0.0902
APP-021061,2026-08-13,Broker,BRK-080,NSW,2189,Company,69963862076,162,Transport & logistics,612,Truck,Diesel,New,0,192500.0,48,2026,2026 Hino 300 Series,199800.0,23600.0,0.0797
APP-021062,2026-08-13,Broker,BRK-001,QLD,4959,Company,89385373784,371,Hospitality,829,Ute / van,Diesel,New,0,54300.0,60,2026,2026 Toyota HiAce,53100.0,20500.0,0.069
APP-021063,2026-08-13,Broker,BRK-102,QLD,4936,Company,68296954349,20,Construction & trades,862,Trailer,None,Used,8,17800.0,24,2018,2018 Tandem box trailer,18100.0,0.0,0.0959
APP-021064,2026-08-13,Broker,BRK-005,QLD,4659,Sole trader,97139305637,85,Professional services,763,Other equipment,None,Used,5,53100.0,36,2021,2021 Dental chair,49200.0,0.0,0.0793
APP-021065,2026-08-13,Broker,BRK-004,WA,6265,Trust,52502664598,220,Other,799,Ute / van,Diesel,New,0,79500.0,48,2026,2026 Isuzu D-Max,82000.0,3100.0,0.069
APP-021066,2026-08-14,Broker,BRK-001,NSW,2110,Company,67486341110,22,Transport & logistics,606,Truck,Diesel,Used,1,157000.0,84,2025,2025 Hino 300 Series,157800.0,21200.0,0.0974
APP-021067,2026-08-14,Broker,BRK-009,QLD,4101,Company,78146158076,16,Construction & trades,649,Ute / van,Diesel,New,0,69700.0,60,2026,2026 Toyota HiLux SR5,56200.0,15600.0,0.0915
APP-021068,2026-08-14,Broker,BRK-001,VIC,3277,Sole trader,28840255875,225,Admin & support services,648,Other equipment,None,New,0,83400.0,60,2026,2026 Dental chair,85000.0,3400.0,0.0846
APP-021069,2026-08-14,Broker,BRK-003,VIC,3884,Company,77186666118,49,Manufacturing,892,Other equipment,None,Used,3,30600.0,36,2023,2023 Espresso machine,25700.0,2700.0,0.0796
APP-021070,2026-08-14,Broker,BRK-046,VIC,3635,Company,34307024688,12,Other services,913,Ute / van,Diesel,New,0,56300.0,48,2026,2026 Isuzu D-Max,57800.0,0.0,0.0741
APP-021071,2026-08-14,Broker,BRK-012,QLD,4958,Company,49901831970,247,Professional services,791,Car / SUV,Hybrid,New,0,73100.0,48,2026,2026 Toyota RAV4 Hybrid,75700.0,0.0,0.069
APP-021072,2026-08-14,Broker,BRK-001,SA,5219,Partnership,63414862452,480,Construction & trades,1021,Earthmoving equipment,Diesel,Used,7,33000.0,60,2019,2019 Kubota KX040 excavator,30300.0,0.0,0.069
APP-021073,2026-08-14,Dealer,BRK-007,QLD,4245,Company,12733731921,16,Retail trade,695,Car / SUV,Petrol,New,0,64900.0,36,2026,2026 Mazda CX-5,66600.0,0.0,0.0865
APP-021074,2026-08-14,Broker,BRK-001,QLD,4481,Trust,17230372714,93,Construction & trades,748,Earthmoving equipment,Diesel,New,0,72300.0,36,2026,2026 CAT 305 mini excavator,65400.0,8600.0,0.0737
APP-021075,2026-08-14,Broker,BRK-112,SA,5179,Company,67691314752,181,Other services,821,Car / SUV,Petrol,Used,5,29100.0,60,2021,2021 Mazda CX-5,26300.0,7200.0,0.0831
APP-021076,2026-08-14,Broker,BRK-092,QLD,4894,Company,72015685387,16,Wholesale trade,748,Truck,Diesel,Used,7,33900.0,84,2019,2019 Fuso Canter,28200.0,2700.0,0.103
APP-021077,2026-08-14,Broker,BRK-009,NSW,2389,Sole trader,84157267345,140,Agriculture,873,Agricultural machinery,Diesel,New,0,82400.0,48,2026,2026 Kubota M7 tractor,79500.0,11900.0,0.069
APP-021078,2026-08-14,Broker,BRK-004,QLD,4115,Trust,64274264028,59,Manufacturing,982,Truck,Diesel,Used,9,36400.0,72,2017,2017 Hino 300 Series,33900.0,0.0,0.069
APP-021079,2026-08-14,Broker,BRK-001,NSW,2687,Sole trader,30332304350,88,Transport & logistics,795,Truck,Diesel,Used,2,178800.0,72,2024,2024 Kenworth T610,176900.0,5600.0,0.0821
APP-021080,2026-08-14,Dealer,BRK-050,NSW,2874,Company,16831976347,35,Transport & logistics,839,Ute / van,Diesel,Used,2,48600.0,60,2024,2024 Isuzu D-Max,47800.0,0.0,0.0703
APP-021081,2026-08-14,Broker,BRK-002,SA,5208,Trust,95737328710,348,Transport & logistics,533,Trailer,None,Used,10,10000.0,60,2016,2016 Tandem box trailer,10100.0,0.0,0.1037
APP-021082,2026-08-14,Broker,BRK-043,NSW,2297,Trust,15346466538,55,Agriculture,466,Agricultural machinery,Diesel,New,0,263500.0,72,2026,2026 John Deere 6120M tractor,244800.0,51800.0,0.0967
APP-021083,2026-08-14,Broker,BRK-005,WA,6061,Sole trader,87922444475,25,Transport & logistics,838,Truck,Diesel,Used,7,111300.0,84,2019,2019 Kenworth T610,113000.0,4100.0,0.0745
APP-021084,2026-08-14,Dealer,BRK-055,QLD,4822,Trust,22634042733,206,Construction & trades,612,Earthmoving equipment,Diesel,Used,4,44600.0,60,2022,2022 Komatsu PC55 excavator,36100.0,3500.0,0.0907
APP-021085,2026-08-14,Broker,BRK-011,QLD,4979,Trust,87818837041,230,Construction & trades,829,Truck,Diesel,Used,2,108000.0,84,2024,2024 Isuzu NPR 45-155,99600.0,0.0,0.0702
APP-021086,2026-08-14,Broker,BRK-002,VIC,3993,Sole trader,92110326671,162,Construction & trades,595,Ute / van,Diesel,New,0,42200.0,36,2026,2026 Isuzu D-Max,42300.0,4600.0,0.0859
APP-021087,2026-08-14,Broker,BRK-005,QLD,4109,Company,49597359466,74,Transport & logistics,571,Truck,Diesel,New,0,98400.0,60,2026,2026 Volvo FH,78800.0,0.0,0.0942
APP-021088,2026-08-14,Broker,BRK-047,SA,5797,Sole trader,61715091486,100,Construction & trades,459,Earthmoving equipment,Diesel,Used,6,94200.0,48,2020,2020 CAT 305 mini excavator,97300.0,14100.0,0.0984
APP-021089,2026-08-14,Broker,BRK-046,QLD,4170,Trust,52011936137,129,Manufacturing,494,Car / SUV,Electric,New,0,60900.0,48,2026,2026 BYD Atto 3,50000.0,0.0,0.089
APP-021090,2026-08-14,Broker,BRK-031,VIC,3144,Company,36016080268,82,Construction & trades,844,Ute / van,Diesel,New,0,48100.0,48,2026,2026 Ford Transit Custom,43700.0,15200.0,0.0694
APP-021091,2026-08-14,Dealer,BRK-007,SA,5421,Company,52122254735,33,Construction & trades,805,Trailer,None,Used,8,21400.0,36,2018,2018 Tipper trailer,22200.0,0.0,0.087
APP-021092,2026-08-14,Broker,BRK-037,VIC,3566,Company,59111865339,8,Transport & logistics,726,Trailer,None,Used,7,31500.0,48,2019,2019 Flat top trailer,61700.0,1400.0,0.095
APP-021093,2026-08-14,Dealer,BRK-001,NSW,2403,Sole trader,87102988880,86,Professional services,664,Car / SUV,Petrol,New,0,35800.0,48,2026,2026 Mazda CX-5,34500.0,14100.0,0.0815
APP-021094,2026-08-15,Broker,BRK-032,SA,5332,Sole trader,18587423586,68,Wholesale trade,791,Other equipment,None,Used,5,50100.0,48,2021,2021 Rooftop solar PV system,50200.0,4900.0,0.0718
APP-021095,2026-08-15,Broker,BRK-068,VIC,3817,Partnership,85826737593,12,Retail trade,573,Other equipment,None,New,0,10300.0,48,2026,2026 Espresso machine,10000.0,0.0,0.1057
APP-021096,2026-08-15,Broker,BRK-002,NSW,2367,Trust,77632592135,41,Transport & logistics,903,Truck,Diesel,Used,5,158700.0,60,2021,2021 Volvo FH,149100.0,36400.0,0.0722
APP-021097,2026-08-15,Broker,BRK-078,QLD,4574,Partnership,24401593256,134,Construction & trades,947,Trailer,None,New,0,41900.0,48,2026,2026 Flat top trailer,34900.0,0.0,0.069
APP-021098,2026-08-15,Broker,BRK-108,NT,0883,Company,20873364368,121,Transport & logistics,590,Truck,Diesel,Used,10,59600.0,72,2016,2016 Kenworth T610,60400.0,2100.0,0.0902
APP-021099,2026-08-15,Broker,BRK-131,WA,6015,Company,65500501752,195,Manufacturing,705,Truck,Diesel,Used,1,165100.0,48,2025,2025 Kenworth T610,167800.0,6500.0,0.0824
APP-021100,2026-08-15,Broker,BRK-001,NSW,2486,Company,57414443531,67,Construction & trades,632,Ute / van,Diesel,Used,2,36300.0,36,2024,2024 Toyota HiAce,29500.0,6400.0,0.1081
APP-021101,2026-08-15,Broker,BRK-104,QLD,4228,Sole trader,,106,Manufacturing,810,Ute / van,Diesel,Used,2,60200.0,48,2024,2024 Mitsubishi Triton,62500.0,3000.0,0.0741
APP-021102,2026-08-15,Broker,BRK-001,NSW,2306,Sole trader,26505362862,50,Admin & support services,770,Other equipment,None,New,0,94500.0,48,2026,2026 Rooftop solar PV system,96800.0,0.0,0.0711
APP-021103,2026-08-15,Broker,BRK-010,VIC,3996,Company,19493829699,33,Hospitality,923,Ute / van,Diesel,Used,6,31500.0,48,2020,2020 Isuzu D-Max,32000.0,0.0,0.069
APP-021104,2026-08-15,Broker,BRK-024,NSW,2859,Company,10761681734,15,Agriculture,691,Ute / van,Plug-in hybrid,Used,2,35400.0,36,2024,2024 BYD Shark 6,32500.0,0.0,0.0917
APP-021105,2026-08-15,Broker,BRK-004,NSW,2623,Company,29118322859,347,Transport & logistics,811,Truck,Diesel,New,0,120200.0,72,2026,2026 Isuzu NPR 45-155,121900.0,0.0,0.069
APP-021106,2026-08-15,Broker,BRK-008,ACT,2615,Company,87613773676,89,Health care,756,Other equipment,None,Used,5,20000.0,60,2021,2021 CNC router,20100.0,0.0,0.0913
APP-021107,2026-08-15,Broker,BRK-109,VIC,3358,Sole trader,88775357999,49,Other services,976,Other equipment,LPG,Used,8,21300.0,36,2018,2018 Toyota 8FG25 forklift,19600.0,1700.0,0.069
APP-021108,2026-08-15,Broker,BRK-003,QLD,4201,Trust,38805283959,147,Admin & support services,486,Ute / van,Diesel,New,0,48800.0,36,2026,2026 Mitsubishi Triton,50600.0,9900.0,0.096
APP-021109,2026-08-15,Broker,BRK-023,VIC,3190,Company,21648378616,406,Admin & support services,689,Ute / van,Diesel,New,0,45100.0,36,2026,2026 Mitsubishi Triton,45700.0,0.0,0.0792
APP-021110,2026-08-15,Broker,BRK-081,NSW,2265,Company,22882046076,134,Wholesale trade,795,Other equipment,None,New,0,24400.0,48,2026,2026 Rooftop solar PV system,25300.0,1100.0,0.083
APP-021111,2026-08-15,Broker,BRK-004,QLD,4045,Sole trader,82027370449,298,Transport & logistics,812,Truck,Diesel,Used,7,75600.0,60,2019,2019 Hino 300 Series,68300.0,0.0,0.0736
APP-021112,2026-08-15,Dealer,BRK-120,VIC,3213,Company,73565495448,38,Construction & trades,622,Trailer,None,Used,6,7200.0,48,2020,2020 Tandem box trailer,7000.0,0.0,0.1029
APP-021113,2026-08-15,Broker,BRK-141,NSW,2785,Company,28320817919,52,Professional services,559,Car / SUV,Petrol,New,0,53500.0,60,2026,2026 Mazda CX-5,43500.0,0.0,0.0893
APP-021114,2026-08-15,Broker,BRK-005,NSW,2320,Sole trader,55581272553,45,Agriculture,851,Ute / van,Diesel,New,0,68900.0,36,2026,2026 Toyota HiLux SR5,57500.0,7100.0,0.069
APP-021115,2026-08-15,Broker,BRK-017,VIC,3329,Sole trader,58610978128,416,Retail trade,867,Other equipment,None,Used,2,83400.0,36,2024,2024 Dental chair,77600.0,0.0,0.0693
APP-021116,2026-08-15,Dealer,BRK-001,SA,5595,Company,66916868735,56,Health care,604,Car / SUV,Electric,Used,5,31100.0,48,2021,2021 Tesla Model Y,28900.0,8700.0,0.1
APP-021117,2026-08-15,Broker,BRK-132,VIC,3803,Company,14629572679,142,Transport & logistics,845,Ute / van,Diesel,New,0,74700.0,60,2026,2026 Toyota HiLux SR5,68400.0,29800.0,0.069
APP-021118,2026-08-15,Dealer,BRK-002,VIC,3523,Sole trader,22670506352,98,Construction & trades,898,Truck,Diesel,New,0,185700.0,60,2026,2026 Hino 300 Series,186400.0,0.0,0.0716
APP-021119,2026-08-15,Broker,BRK-013,NSW,2633,Trust,89717833554,57,Transport & logistics,641,Ute / van,Diesel,New,0,54900.0,60,2026,2026 Isuzu D-Max,44000.0,16100.0,0.0843
APP-021120,2026-08-15,Broker,BRK-043,QLD,4898,Company,18773421430,388,Manufacturing,759,Ute / van,Diesel,New,0,45900.0,36,2026,2026 Toyota HiAce,43900.0,0.0,0.0722
APP-021121,2026-08-15,Broker,BRK-039,WA,6460,Sole trader,14976572312,30,Health care,700,Other equipment,None,New,0,57900.0,48,2026,2026 CNC router,46400.0,800.0,0.0761
APP-021122,2026-08-15,Broker,BRK-040,VIC,3962,Trust,73061316175,120,Professional services,553,Ute / van,Diesel,Used,2,52800.0,48,2024,2024 Mitsubishi Triton,52900.0,0.0,0.0991
APP-021123,2026-08-15,Broker,BRK-001,VIC,3505,Sole trader,52191644633,151,Construction & trades,613,Ute / van,Diesel,Used,2,49800.0,48,2024,2024 Isuzu D-Max,81800.0,4500.0,0.092
APP-021124,2026-08-15,Dealer,BRK-056,NSW,2390,Sole trader,49435300897,30,Professional services,683,Car / SUV,Petrol,Used,1,45500.0,48,2025,2025 Kia Sportage,37100.0,14100.0,0.0907
APP-021125,2026-08-16,Dealer,BRK-059,SA,5326,Company,83416863468,31,Professional services,675,Ute / van,Diesel,New,0,72500.0,36,2026,2026 Toyota HiLux SR5,59300.0,28700.0,0.0789
APP-021126,2026-08-16,Dealer,BRK-024,VIC,3918,Sole trader,56817003132,70,Professional services,743,Car / SUV,Electric,Used,10,14000.0,60,2016,2016 MG ZS EV,14500.0,3200.0,0.0926
APP-021127,2026-08-16,Broker,BRK-055,NSW,2020,Sole trader,87686701935,13,Manufacturing,614,Other equipment,None,Used,3,27600.0,36,2023,2023 Rooftop solar PV system,25600.0,0.0,0.1103
APP-021128,2026-08-16,Broker,BRK-001,QLD,4617,Sole trader,11541641421,31,Agriculture,777,Trailer,None,Used,4,16600.0,60,2022,2022 Tipper trailer,17000.0,300.0,0.0842
APP-021129,2026-08-16,Broker,BRK-002,QLD,4498,Company,35152925336,61,Professional services,883,Car / SUV,Hybrid,New,0,36300.0,36,2026,2026 Toyota RAV4 Hybrid,35400.0,0.0,0.069
APP-021130,2026-08-16,Broker,BRK-001,NSW,2780,Sole trader,72411203684,73,Retail trade,1083,Car / SUV,Electric,Used,10,11900.0,60,2016,2016 BYD Atto 3,11000.0,4400.0,0.069
APP-021131,2026-08-16,Broker,BRK-007,VIC,3966,Company,45330361141,25,Construction & trades,603,Ute / van,Diesel,Used,5,28700.0,36,2021,2021 Toyota HiLux SR5,26500.0,0.0,0.1033
APP-021132,2026-08-16,Broker,BRK-003,VIC,3833,Sole trader,,470,Retail trade,813,Ute / van,Diesel,New,0,43200.0,60,2026,2026 Ford Transit Custom,42400.0,0.0,0.069
APP-021133,2026-08-16,Broker,BRK-003,VIC,3664,Trust,96424150924,210,Hospitality,798,Other equipment,None,Used,8,29400.0,60,2018,2018 CNC router,27500.0,1500.0,0.0924
APP-021134,2026-08-16,Broker,BRK-013,WA,6676,Sole trader,43091464629,40,Agriculture,684,Ute / van,Plug-in hybrid,New,0,42500.0,36,2026,2026 BYD Shark 6,38400.0,0.0,0.0822
APP-021135,2026-08-16,Broker,BRK-035,QLD,4775,Company,90914731836,97,Admin & support services,722,Car / SUV,Electric,Used,8,10800.0,36,2018,2018 Tesla Model Y,10400.0,0.0,0.094
APP-021136,2026-08-16,Broker,BRK-024,WA,6471,Company,76867854994,221,Hospitality,656,Ute / van,Diesel,Used,1,65700.0,48,2025,2025 Isuzu D-Max,67600.0,24600.0,0.0854
APP-021137,2026-08-16,Broker,BRK-084,VIC,3873,Sole trader,55238728283,181,Construction & trades,450,Ute / van,Diesel,New,0,51500.0,36,2026,2026 Toyota HiLux SR5,53300.0,9100.0,0.102
APP-021138,2026-08-16,Broker,BRK-011,WA,6308,Sole trader,83371486296,27,Hospitality,715,Car / SUV,Petrol,Used,7,18500.0,60,2019,2019 Kia Sportage,18100.0,0.0,0.0933
APP-021139,2026-08-16,Broker,BRK-012,NSW,2175,Sole trader,77498562553,68,Other,752,Car / SUV,Electric,New,0,68400.0,36,2026,2026 BYD Atto 3,70100.0,0.0,0.0798
APP-021140,2026-08-16,Broker,BRK-001,NSW,2785,Trust,45066140642,55,Construction & trades,961,Earthmoving equipment,Diesel,Used,6,53700.0,48,2020,2020 Bobcat S650 skid steer,49500.0,0.0,0.069
APP-021141,2026-08-16,Broker,BRK-062,VIC,3875,Company,72700641622,170,Admin & support services,546,Car / SUV,Hybrid,Used,9,11400.0,60,2017,2017 Toyota RAV4 Hybrid,10700.0,400.0,0.0954
APP-021142,2026-08-16,Broker,BRK-032,VIC,3000,Sole trader,87202652652,93,Agriculture,782,Agricultural machinery,Diesel,Used,3,59800.0,72,2023,2023 Kubota M7 tractor,61700.0,11000.0,0.0795
APP-021143,2026-08-16,Broker,BRK-002,NSW,2172,Sole trader,31047991492,51,Professional services,634,Car / SUV,Petrol,Used,10,14700.0,48,2016,2016 Kia Sportage,13200.0,0.0,0.0951
APP-021144,2026-08-16,Broker,BRK-003,QLD,4375,Company,73127289028,247,Transport & logistics,815,Truck,Diesel,Used,1,298300.0,48,2025,2025 Isuzu NPR 45-155,305900.0,48700.0,0.0747
APP-021145,2026-08-16,Broker,BRK-002,NSW,2853,Company,87659542667,125,Transport & logistics,583,Truck,Diesel,Used,9,50300.0,72,2017,2017 Hino 300 Series,41900.0,0.0,0.0876
APP-021146,2026-08-16,Broker,BRK-012,NSW,2523,Trust,23913820723,41,Wholesale trade,834,Ute / van,Diesel,Used,9,23200.0,60,2017,2017 Mitsubishi Triton,24100.0,2800.0,0.0741
APP-021147,2026-08-16,Dealer,BRK-001,VIC,3959,Trust,48878371682,107,Construction & trades,774,Earthmoving equipment,Diesel,Used,10,24900.0,48,2016,2016 Komatsu PC55 excavator,25700.0,400.0,0.0905
APP-021148,2026-08-16,Broker,BRK-067,WA,6606,Sole trader,80207961776,81,Manufacturing,695,Ute / van,Plug-in hybrid,New,0,45900.0,60,2026,2026 BYD Shark 6,47200.0,0.0,0.0786
APP-021149,2026-08-17,Broker,BRK-007,NSW,2280,Partnership,72960461580,226,Transport & logistics,633,Truck,Diesel,New,0,81600.0,84,2026,2026 Fuso Canter,83800.0,5100.0,0.0813
APP-021150,2026-08-17,Dealer,BRK-114,VIC,3485,Company,74393770749,52,Construction & trades,766,Trailer,None,Used,3,33800.0,24,2023,2023 Tandem box trailer,30800.0,1200.0,0.08
APP-021151,2026-08-17,Broker,BRK-005,QLD,4412,Company,38498256090,51,Wholesale trade,504,Other equipment,None,Used,2,58700.0,48,2024,2024 Espresso machine,61000.0,4100.0,0.104
APP-021152,2026-08-17,Broker,BRK-009,NSW,2652,Trust,19893660810,430,Professional services,825,Car / SUV,Petrol,New,0,43100.0,48,2026,2026 Hyundai Tucson,35400.0,14600.0,0.0713
APP-021153,2026-08-17,Broker,BRK-114,NSW,2193,Company,60471139127,78,Construction & trades,717,Car / SUV,Petrol,Used,8,17700.0,60,2018,2018 Mazda CX-5,18200.0,5600.0,0.0976
APP-021154,2026-08-17,Broker,BRK-002,NSW,2139,Sole trader,23689949802,123,Wholesale trade,826,Truck,Diesel,Used,6,86000.0,84,2020,2020 Isuzu NPR 45-155,87400.0,0.0,0.0742
APP-021155,2026-08-17,Broker,BRK-087,TAS,7717,Company,93134854874,111,Retail trade,696,Ute / van,Diesel,Used,1,50300.0,48,2025,2025 Ford Ranger XLT,52000.0,0.0,0.0802
APP-021156,2026-08-17,Broker,BRK-002,NSW,2032,Company,55704226157,78,Hospitality,974,Other equipment,None,New,0,38000.0,48,2026,2026 Rooftop solar PV system,31700.0,0.0,0.069
APP-021157,2026-08-17,Broker,BRK-019,QLD,4750,Trust,43273325699,29,Wholesale trade,792,Truck,Diesel,New,0,147000.0,84,2026,2026 Fuso Canter,140700.0,0.0,0.069
APP-021158,2026-08-17,Broker,BRK-097,NSW,2804,Sole trader,22160330460,43,Hospitality,594,Other equipment,None,Used,5,14900.0,60,2021,2021 Commercial kitchen fit-out,15400.0,1200.0,0.0976
APP-021159,2026-08-17,Dealer,BRK-002,WA,6486,Company,79549472671,63,Admin & support services,523,Car / SUV,Hybrid,New,0,42500.0,36,2026,2026 Toyota Camry Hybrid,38900.0,14600.0,0.0886
APP-021160,2026-08-17,Broker,BRK-001,QLD,4068,Sole trader,21310207941,166,Manufacturing,556,Other equipment,None,New,0,11600.0,60,2017,2017 Espresso machine,10800.0,0.0,0.101
APP-021161,2026-08-17,Dealer,BRK-004,TAS,7775,Partnership,20882960061,74,Construction & trades,770,Truck,Diesel,Used,4,198000.0,60,2022,2022 Kenworth T610,181100.0,0.0,0.0792
APP-021162,2026-08-17,Broker,BRK-005,SA,5130,Company,21248616945,76,Wholesale trade,616,Ute / van,Diesel,Used,10,17300.0,48,2016,2016 Toyota HiAce,16200.0,100.0,0.103
APP-021163,2026-08-17,Broker,BRK-012,TAS,7128,Sole trader,56057689356,103,Agriculture,502,Trailer,None,New,0,11900.0,36,2026,2026 Tipper trailer,10900.0,0.0,0.1002
APP-021164,2026-08-17,Broker,BRK-058,NSW,2106,Company,72961548724,55,Agriculture,581,Truck,Diesel,New,0,251900.0,84,2026,2026 Isuzu NPR 45-155,231500.0,39800.0,0.0797
APP-021165,2026-08-17,Broker,BRK-001,QLD,4438,Company,40597281402,42,Transport & logistics,819,Truck,Diesel,Used,4,156100.0,60,2022,2022 Hino 300 Series,162100.0,3100.0,0.0798
APP-021166,2026-08-17,Broker,BRK-027,QLD,4399,Trust,95605560561,101,Other services,866,Ute / van,Diesel,New,0,69400.0,36,2026,2026 Mitsubishi Triton,69600.0,0.0,0.069
APP-021167,2026-08-17,Broker,BRK-054,NSW,2622,Company,14459200725,66,Hospitality,847,Car / SUV,Petrol,Used,1,32600.0,36,2025,2025 Mazda CX-5,31000.0,3200.0,0.078
APP-021168,2026-08-17,Broker,BRK-075,NSW,2287,Trust,47293092968,105,Transport & logistics,802,Ute / van,Plug-in hybrid,New,0,42700.0,60,2026,2026 BYD Shark 6,44200.0,5900.0,0.0701
APP-021169,2026-08-17,Broker,BRK-134,VIC,3223,Company,65754446672,44,Professional services,891,Ute / van,Diesel,Used,5,31300.0,36,2021,2021 Ford Ranger XLT,29200.0,0.0,0.0775
APP-021170,2026-08-17,Broker,BRK-080,WA,6520,Sole trader,59515356574,249,Professional services,821,Car / SUV,Petrol,Used,5,32300.0,48,2021,2021 Hyundai Tucson,33300.0,49500.0,0.0767
APP-021171,2026-08-17,Broker,BRK-001,WA,6706,Company,86497286546,47,Health care,549,Other equipment,LPG,Used,5,4700.0,24,2021,2021 Toyota 8FG25 forklift,3800.0,200.0,0.107
APP-021172,2026-08-17,Broker,BRK-003,WA,6147,Trust,53721326139,110,Admin & support services,806,Ute / van,Diesel,New,0,77200.0,36,2026,2026 Ford Ranger XLT,79900.0,0.0,0.0733
APP-021173,2026-08-17,Broker,BRK-053,NSW,2066,Sole trader,37563212539,52,Agriculture,891,Ute / van,Diesel,New,0,58100.0,60,2026,2026 Toyota HiAce,60100.0,18900.0,0.069
APP-021134-R,2026-08-17,Broker,BRK-013,WA,6676,Sole trader,43091464629,40,Agriculture,684,Ute / van,Plug-in hybrid,New,0,42500.0,36,2026,2026 BYD Shark 6,38400.0,0.0,0.0822
APP-021174,2026-08-18,Broker,BRK-003,QLD,4223,Company,84000611589,120,Construction & trades,904,Ute / van,Diesel,New,0,56200.0,48,2026,2026 Toyota HiAce,54800.0,0.0,0.069
APP-021175,2026-08-18,Broker,BRK-004,NSW,2782,Sole trader,20308186123,29,Construction & trades,640,Earthmoving equipment,Diesel,New,0,158600.0,36,2026,2026 Komatsu PC55 excavator,158800.0,27900.0,0.0876
APP-021176,2026-08-18,Broker,BRK-088,SA,5036,Sole trader,36981923940,32,Mining,541,Ute / van,Plug-in hybrid,New,0,51600.0,60,2026,2026 BYD Shark 6,42300.0,0.0,0.0877
APP-021177,2026-08-18,Dealer,BRK-016,VIC,3961,Sole trader,76035791965,25,Professional services,634,Other equipment,None,New,0,27700.0,24,2026,2026 CNC router,28500.0,0.0,0.0978
APP-021178,2026-08-18,Broker,BRK-011,QLD,4704,Trust,50538693002,39,Retail trade,901,Ute / van,Diesel,New,0,70100.0,60,2026,2026 Ford Ranger XLT,71600.0,0.0,0.069
APP-021179,2026-08-18,Broker,BRK-016,TAS,7747,Trust,37951644800,25,Professional services,746,Car / SUV,Hybrid,New,0,44300.0,36,2026,2026 Toyota RAV4 Hybrid,43400.0,12800.0,0.0721
APP-021180,2026-08-18,Dealer,BRK-005,VIC,3496,Sole trader,70248737882,10,Retail trade,598,Other equipment,None,Used,5,41700.0,36,2021,2021 Rooftop solar PV system,38900.0,3700.0,0.1031
APP-021181,2026-08-18,Broker,BRK-001,NSW,2621,Company,87716483923,177,Construction & trades,527,Truck,Diesel,Used,5,143300.0,60,2021,2021 Fuso Canter,144600.0,18200.0,0.0956
APP-021182,2026-08-18,Broker,BRK-139,VIC,3103,Sole trader,16709740289,77,Manufacturing,622,Ute / van,Diesel,Used,4,27600.0,60,2022,2022 Isuzu D-Max,28500.0,0.0,0.0958
APP-021183,2026-08-18,Broker,BRK-006,NSW,2087,Sole trader,75019784665,166,Construction & trades,676,Car / SUV,Electric,New,0,41600.0,48,2026,2026 MG ZS EV,41700.0,0.0,0.0789
APP-021184,2026-08-18,Broker,BRK-020,QLD,4077,Sole trader,91011142118,40,Agriculture,659,Agricultural machinery,Diesel,Used,8,119400.0,60,2018,2018 John Deere 6120M tractor,121000.0,6700.0,0.0844
APP-021185,2026-08-18,Broker,BRK-001,NT,0831,Sole trader,52997493178,77,Construction & trades,809,Ute / van,Diesel,Used,5,29900.0,60,2021,2021 Mitsubishi Triton,29100.0,0.0,0.0797
APP-021186,2026-08-18,Dealer,BRK-002,WA,6520,Company,64841239398,37,Hospitality,622,Other equipment,LPG,New,0,76500.0,60,2026,2026 Toyota 8FG25 forklift,77900.0,0.0,0.0859
APP-021187,2026-08-18,Broker,BRK-001,TAS,7688,Company,62559191871,9,Retail trade,882,Car / SUV,Electric,Used,3,23200.0,6,2023,2023 BYD Atto 3,19100.0,8300.0,0.0861
APP-021188,2026-08-18,Broker,BRK-001,NSW,2479,Company,15875191517,333,Hospitality,566,Ute / van,Diesel,New,0,48500.0,48,2026,2026 Isuzu D-Max,49500.0,0.0,0.0842
APP-021189,2026-08-18,Broker,BRK-039,NSW,2585,Company,95056990615,52,Professional services,894,Other equipment,LPG,New,0,82700.0,36,2026,2026 Toyota 8FG25 forklift,74900.0,4500.0,0.069
APP-021190,2026-08-18,Broker,BRK-001,NSW,2303,Company,42921569662,192,Transport & logistics,806,Truck,Diesel,Used,4,199800.0,60,2022,2022 Hino 300 Series,203800.0,23200.0,0.0767
APP-021191,2026-08-18,Dealer,BRK-015,QLD,4192,Company,51748085852,66,Construction & trades,765,Earthmoving equipment,Diesel,Used,2,160800.0,48,2024,2024 Komatsu PC55 excavator,165200.0,20800.0,0.072
APP-021192,2026-08-18,Dealer,BRK-042,QLD,4580,Company,17958705340,52,Manufacturing,805,Ute / van,Diesel,Used,1,54000.0,48,2025,2025 Ford Transit Custom,55300.0,18000.0,0.0755
APP-021193,2026-08-19,Broker,BRK-009,WA,6590,Partnership,28796943518,65,Construction & trades,583,Earthmoving equipment,Diesel,Used,1,67200.0,36,2025,2025 Kubota KX040 excavator,69600.0,11800.0,0.0955
APP-021194,2026-08-19,Broker,BRK-002,NSW,2003,Sole trader,71762916270,480,Professional services,697,Car / SUV,Electric,Used,7,15800.0,60,2019,2019 MG ZS EV,13000.0,4400.0,0.0964
APP-021195,2026-08-19,Broker,BRK-004,QLD,4511,Sole trader,22871922513,31,Manufacturing,659,Ute / van,Diesel,New,0,41300.0,6,2026,2026 Mitsubishi Triton,42700.0,0.0,0.0803
APP-021196,2026-08-19,Broker,BRK-002,NSW,2822,Company,96872796996,126,Transport & logistics,632,Truck,Diesel,Used,7,94000.0,60,2019,2019 Fuso Canter,96500.0,20600.0,0.0877
APP-021197,2026-08-19,Broker,BRK-006,NSW,2630,Trust,16787120896,43,Hospitality,722,Car / SUV,Hybrid,New,0,61700.0,60,2026,2026 Toyota Camry Hybrid,57400.0,0.0,0.0753
APP-021198,2026-08-19,Broker,BRK-009,WA,6180,Company,75284685985,242,Other services,805,Other equipment,LPG,Used,10,6700.0,48,2016,2016 Toyota 8FG25 forklift,6000.0,0.0,0.0804
APP-021199,2026-08-19,Broker,BRK-011,SA,5709,Partnership,67507855648,172,Other services,726,Car / SUV,Electric,New,0,57600.0,60,2026,2026 MG ZS EV,58900.0,0.0,0.0744
APP-021200,2026-08-19,Broker,BRK-004,QLD,4862,Sole trader,45553862637,196,Professional services,692,Car / SUV,Electric,Used,7,12400.0,60,2019,2019 BYD Atto 3,11500.0,3500.0,0.0958
APP-021201,2026-08-19,Broker,BRK-004,NSW,2899,Company,23829473614,265,Construction & trades,870,Truck,Diesel,Used,4,137000.0,60,2022,2022 Fuso Canter,124700.0,39600.0,0.0709
APP-021202,2026-08-19,Dealer,BRK-037,VIC,3312,Company,74748102695,32,Health care,900,Car / SUV,Petrol,Used,1,47900.0,48,2025,2025 Mazda CX-5,39600.0,10300.0,0.069
APP-021203,2026-08-19,Broker,BRK-001,SA,5695,Sole trader,35113825928,42,Admin & support services,984,Ute / van,Plug-in hybrid,New,0,77300.0,60,2026,2026 BYD Shark 6,72000.0,0.0,0.069
APP-021204,2026-08-19,Broker,BRK-014,QLD,4322,Company,17404700315,63,Construction & trades,870,Ute / van,Plug-in hybrid,New,0,69600.0,60,2026,2026 BYD Shark 6,58400.0,0.0,0.069
APP-021205,2026-08-19,Broker,BRK-118,WA,6006,Company,36942679990,29,Agriculture,490,Ute / van,Diesel,Used,4,45500.0,36,2022,2022 Toyota HiAce,45900.0,1500.0,0.1011
APP-021206,2026-08-19,Broker,BRK-063,VIC,3991,Partnership,21845147693,148,Admin & support services,712,Other equipment,None,Used,3,67600.0,24,2023,2023 Espresso machine,62100.0,4800.0,0.0892
APP-021207,2026-08-19,Broker,BRK-008,VIC,3548,Company,87333602690,154,Manufacturing,677,Other equipment,None,New,0,37900.0,48,2026,2026 Commercial kitchen fit-out,34200.0,0.0,0.0778
APP-021208,2026-08-19,Broker,BRK-024,VIC,3298,Company,99476755885,70,Transport & logistics,670,Truck,Diesel,Used,5,151900.0,72,2021,2021 Fuso Canter,157200.0,0.0,0.0895
APP-021209,2026-08-19,Broker,BRK-142,WA,6451,Company,76238071133,225,Professional services,826,Car / SUV,Petrol,New,0,55800.0,60,2026,2026 Mazda CX-5,56900.0,19000.0,0.069
APP-021210,2026-08-20,Broker,BRK-052,SA,5447,Company,57706584017,79,Hospitality,1007,Other equipment,None,New,0,73000.0,48,2026,2026 Dental chair,66700.0,3400.0,0.069
APP-021211,2026-08-20,Dealer,BRK-030,VIC,3885,Sole trader,64986739721,157,Manufacturing,391,Other equipment,None,New,0,64500.0,48,2026,2026 CNC router,65300.0,0.0,0.0986
APP-021212,2026-08-20,Broker,BRK-026,SA,5287,Trust,91699838792,72,Retail trade,643,Car / SUV,Hybrid,New,0,65300.0,36,2026,2026 Toyota Camry Hybrid,66500.0,12600.0,0.08
APP-021213,2026-08-20,Broker,BRK-104,WA,6661,Sole trader,53925004312,211,Construction & trades,638,Earthmoving equipment,Diesel,Used,7,65400.0,48,2019,2019 Bobcat S650 skid steer,54400.0,0.0,0.0891
APP-021214,2026-08-20,Broker,BRK-003,QLD,4553,Sole trader,80417384409,219,Professional services,885,Car / SUV,Electric,New,0,39500.0,48,2026,2026 MG ZS EV,39800.0,0.0,0.0714
APP-021215,2026-08-20,Broker,BRK-028,SA,5669,Sole trader,95639934321,183,Construction & trades,550,Ute / van,Diesel,New,0,42900.0,48,2026,2026 Toyota HiAce,40800.0,6600.0,0.0899
APP-021216,2026-08-20,Broker,BRK-008,NSW,2039,Company,70249869544,80,Agriculture,443,Agricultural machinery,Diesel,Used,4,98900.0,60,2022,2022 John Deere 6120M tractor,99900.0,9600.0,0.1109
APP-021217,2026-08-20,Broker,BRK-016,NSW,2183,Trust,30999112081,165,Other services,795,Other equipment,LPG,Used,6,16400.0,36,2020,2020 Toyota 8FG25 forklift,16800.0,600.0,0.0847
APP-021218,2026-08-20,Broker,BRK-001,NSW,2317,Company,97472766551,172,Transport & logistics,694,Truck,Diesel,Used,5,59100.0,60,2021,2021 Kenworth T610,59800.0,6700.0,0.0845
APP-021219,2026-08-20,Broker,BRK-071,VIC,3063,Trust,39949854179,67,Retail trade,448,Car / SUV,Hybrid,New,0,52900.0,60,2026,2026 Toyota Camry Hybrid,54000.0,1000.0,0.094
APP-021220,2026-08-20,Broker,BRK-003,WA,6422,Sole trader,36642746046,480,Wholesale trade,664,Truck,Diesel,Used,1,176900.0,48,2025,2025 Volvo FH,180200.0,0.0,0.0927
APP-021221,2026-08-20,Broker,BRK-026,NSW,2801,Sole trader,,21,Transport & logistics,772,Truck,Diesel,Used,6,151300.0,48,2020,2020 Hino 300 Series,138500.0,11600.0,0.0927
APP-021222,2026-08-20,Broker,BRK-115,VIC,3849,Trust,16345253438,26,Transport & logistics,885,Truck,Diesel,New,0,276200.0,48,2026,2026 Hino 300 Series,264200.0,0.0,0.069
APP-021223,2026-08-20,Broker,BRK-005,QLD,4976,Company,48426250461,48,Manufacturing,981,Other equipment,None,New,0,85400.0,24,2026,2026 Espresso machine,78700.0,1500.0,0.069
APP-021224,2026-08-20,Dealer,BRK-007,QLD,4978,Company,63275860032,48,Transport & logistics,732,Truck,Diesel,Used,4,51500.0,72,2022,2022 Fuso Canter,52800.0,1300.0,0.081
APP-021225,2026-08-20,Broker,BRK-012,NSW,2791,Trust,16396512366,23,Construction & trades,815,Ute / van,Diesel,New,0,74300.0,60,2026,2026 Ford Ranger XLT,61600.0,5800.0,0.0723
APP-021226,2026-08-21,Broker,BRK-024,NSW,2703,Trust,27033215977,32,Construction & trades,648,Earthmoving equipment,Diesel,New,0,152600.0,36,2026,2026 Komatsu PC55 excavator,139400.0,8600.0,0.0789
APP-021227,2026-08-21,Broker,BRK-004,NSW,2865,Partnership,52247719923,480,Health care,435,Other equipment,None,Used,4,29200.0,48,2022,2022 Dental chair,30100.0,0.0,0.1027
APP-021228,2026-08-21,Broker,BRK-057,NSW,2885,Sole trader,48859198285,77,Construction & trades,605,Earthmoving equipment,Diesel,New,0,77300.0,48,2026,2026 Bobcat S650 skid steer,79200.0,13800.0,0.0929
APP-021229,2026-08-21,Broker,BRK-036,NSW,2701,Company,84225014433,374,Professional services,689,Other equipment,LPG,New,0,99000.0,48,2026,2026 Toyota 8FG25 forklift,91300.0,1700.0,0.0752
APP-021230,2026-08-21,Broker,BRK-001,VIC,3722,Partnership,41459911977,78,Construction & trades,890,Truck,Diesel,New,0,194400.0,48,2026,2026 Volvo FH,178400.0,15200.0,0.069
APP-021231,2026-08-21,Broker,BRK-020,QLD,4416,Sole trader,82313944329,41,Other services,669,Ute / van,Plug-in hybrid,New,0,74900.0,48,2026,2026 BYD Shark 6,77600.0,21600.0,0.0793
APP-021232,2026-08-21,Broker,BRK-009,QLD,4861,Partnership,66463065187,41,Professional services,804,Other equipment,None,New,0,82800.0,36,2026,2026 Dental chair,76100.0,2900.0,0.069
APP-021233,2026-08-21,Broker,BRK-008,QLD,4505,Sole trader,86861705023,480,Transport & logistics,905,Truck,Diesel,Used,5,104600.0,84,2021,2021 Hino 300 Series,108300.0,18100.0,0.0758
APP-021234,2026-08-21,Broker,BRK-142,NSW,2740,Sole trader,90666077787,247,Construction & trades,641,Truck,Diesel,Used,5,108100.0,72,2021,2021 Isuzu NPR 45-155,100400.0,0.0,0.0881
APP-021235,2026-08-21,Broker,BRK-012,VIC,3585,Company,54988092301,205,Transport & logistics,510,Ute / van,Diesel,Used,5,29900.0,60,2021,2021 Mitsubishi Triton,30300.0,8700.0,0.0939
APP-021236,2026-08-22,Broker,BRK-001,NSW,2802,Company,50719514426,18,Health care,499,Car / SUV,Electric,New,0,69400.0,36,2026,2026 MG ZS EV,71700.0,18700.0,0.1032
APP-021237,2026-08-22,Broker,BRK-009,QLD,4903,Company,47116087939,164,Retail trade,772,Other equipment,None,Used,9,26700.0,24,2017,2017 CNC router,27100.0,2200.0,0.0835
APP-021238,2026-08-22,Dealer,BRK-031,WA,6454,Sole trader,86178943737,480,Construction & trades,449,Ute / van,Diesel,Used,10,14000.0,60,2016,2016 Toyota HiLux SR5,14100.0,5100.0,0.1239
APP-021239,2026-08-22,Broker,BRK-022,QLD,4915,Company,71657207597,428,Other services,979,Other equipment,None,New,0,18000.0,48,2026,2026 Rooftop solar PV system,18200.0,600.0,0.069
APP-021240,2026-08-22,Broker,BRK-001,VIC,3116,Company,25748348640,19,Agriculture,607,Agricultural machinery,Diesel,Used,8,131600.0,48,2018,2018 New Holland T6 tractor,128000.0,0.0,0.0965
APP-021241,2026-08-22,Broker,BRK-002,VIC,3103,Company,38540957405,125,Construction & trades,660,Ute / van,Diesel,New,0,47600.0,36,2026,2026 Ford Ranger XLT,38800.0,3300.0,0.0834
APP-021242,2026-08-22,Broker,BRK-065,VIC,3625,Company,35119839115,43,Manufacturing,789,Truck,Diesel,New,0,340800.0,60,2026,2026 Kenworth T610,345800.0,64600.0,0.0691
APP-021243,2026-08-22,Broker,BRK-001,SA,5573,Partnership,36584140651,67,Health care,915,Car / SUV,Electric,Used,9,15900.0,48,2017,2017 MG ZS EV,16200.0,0.0,0.0764
APP-021244,2026-08-22,Broker,BRK-004,QLD,4490,Company,27065843296,42,Manufacturing,658,Car / SUV,Electric,Used,5,18300.0,60,2021,2021 BYD Atto 3,18300.0,1300.0,0.1025
APP-021245,2026-08-22,Broker,BRK-141,NSW,2520,Sole trader,39078034423,45,Transport & logistics,732,Ute / van,Plug-in hybrid,Used,3,51800.0,60,2023,2023 BYD Shark 6,52000.0,20200.0,0.0816
APP-021246,2026-08-22,Dealer,BRK-040,WA,6260,Sole trader,14706433687,31,Transport & logistics,840,Trailer,None,Used,5,14200.0,48,2021,2021 Tipper trailer,12800.0,0.0,0.0837
APP-021247,2026-08-22,Broker,BRK-004,NSW,2238,Company,89422470715,70,Construction & trades,733,Ute / van,Diesel,New,0,57900.0,48,2026,2026 Isuzu D-Max,60100.0,21100.0,0.0732
APP-021248,2026-08-22,Broker,BRK-003,VIC,3223,Company,83192972724,125,Hospitality,895,Car / SUV,Petrol,New,0,74300.0,48,2026,2026 Kia Sportage,77100.0,7900.0,0.069
APP-021249,2026-08-22,Broker,BRK-012,VIC,3909,Company,65511459437,74,Construction & trades,521,Ute / van,Diesel,New,0,76300.0,48,2026,2026 Ford Transit Custom,69400.0,24200.0,0.0902
APP-021250,2026-08-22,Broker,BRK-038,QLD,4167,Company,75795326910,54,Transport & logistics,822,Truck,Diesel,Used,2,204400.0,72,2024,2024 Volvo FH,165900.0,1300.0,0.0716
APP-021251,2026-08-22,Broker,BRK-002,WA,6289,Company,65031915710,128,Transport & logistics,529,Truck,Diesel,New,0,305500.0,72,2021,2021 Kenworth T610,307500.0,0.0,0.088
APP-021252,2026-08-22,Broker,BRK-059,NSW,2788,Sole trader,67465509496,25,Transport & logistics,696,Trailer,None,New,0,15000.0,24,2026,2026 Tandem box trailer,15600.0,0.0,0.0928
APP-021253,2026-08-22,Broker,BRK-001,QLD,4024,Trust,51413436463,8,Health care,735,Car / SUV,Hybrid,Used,5,24300.0,48,2021,2021 Toyota Camry Hybrid,24600.0,0.0,0.1025
APP-021254,2026-08-22,Broker,BRK-003,QLD,4633,Company,85123589876,143,Construction & trades,693,Car / SUV,Electric,New,0,64500.0,36,2026,2026 BYD Atto 3,65100.0,20900.0,0.0725
APP-021255,2026-08-22,Broker,BRK-030,QLD,4790,Partnership,80277218893,34,Transport & logistics,691,Truck,Diesel,Used,3,207500.0,48,2023,2023 Kenworth T610,208800.0,38700.0,0.0863
APP-021256,2026-08-22,Broker,BRK-050,NSW,2475,Company,13333540657,457,Professional services,757,Other equipment,None,Used,2,30600.0,48,2024,2024 Espresso machine,29800.0,2300.0,0.0936
APP-021257,2026-08-22,Broker,BRK-043,VIC,3698,Sole trader,60365525506,61,Construction & trades,456,Truck,Diesel,Used,6,49700.0,72,2020,2020 Kenworth T610,40000.0,5200.0,0.1033
APP-021258,2026-08-22,Broker,BRK-005,SA,5403,Company,13304340730,31,Manufacturing,731,Truck,Diesel,New,0,305900.0,84,2026,2026 Hino 300 Series,256100.0,0.0,0.0743
APP-021259,2026-08-23,Broker,BRK-010,NSW,2796,Sole trader,63107630758,69,Professional services,808,Ute / van,Diesel,New,0,77300.0,36,2026,2026 Ford Transit Custom,78800.0,5700.0,0.0738
APP-021260,2026-08-23,Dealer,BRK-001,WA,6258,Company,13846648933,98,Wholesale trade,724,Ute / van,Diesel,Used,10,13400.0,60,2016,2016 Ford Transit Custom,12200.0,0.0,0.0918
APP-021261,2026-08-23,Broker,BRK-001,QLD,4176,Company,97205173935,27,Transport & logistics,523,Truck,Diesel,New,0,164100.0,48,2026,2026 Fuso Canter,158100.0,3300.0,0.0904
APP-021262,2026-08-23,Broker,BRK-012,ACT,2600,Trust,71542084155,59,Hospitality,481,Other equipment,None,Used,8,20300.0,60,2018,2018 Dental chair,21000.0,0.0,0.1054
APP-021263,2026-08-23,Broker,BRK-024,VIC,3203,Sole trader,70481302118,35,Hospitality,794,Car / SUV,Hybrid,New,0,66100.0,48,2026,2026 Toyota Camry Hybrid,67700.0,9900.0,0.069
APP-021264,2026-08-23,Broker,BRK-079,WA,6331,Company,28607454715,18,Mining,596,Earthmoving equipment,Diesel,New,0,208600.0,60,2026,2026 Kubota KX040 excavator,212200.0,15600.0,0.0936
APP-021265,2026-08-23,Broker,BRK-132,NSW,2511,Sole trader,74498751680,89,Construction & trades,967,Trailer,None,Used,4,40100.0,48,2022,2022 Tipper trailer,32100.0,0.0,0.069
APP-021266,2026-08-23,Broker,BRK-031,VIC,3364,Company,20388223573,167,Transport & logistics,712,Other equipment,None,New,0,32400.0,24,2026,2026 Commercial kitchen fit-out,32400.0,0.0,0.0751
APP-021267,2026-08-23,Broker,BRK-078,VIC,3380,Company,69002808868,81,Other services,960,Ute / van,Diesel,New,0,63200.0,60,2026,2026 Ford Transit Custom,65300.0,11700.0,0.069
APP-021268,2026-08-23,Broker,BRK-002,QLD,4916,Company,86321017780,112,Construction & trades,687,Ute / van,Diesel,Used,6,32100.0,36,2020,2020 Toyota HiAce,29600.0,6700.0,0.0971
APP-021269,2026-08-23,Broker,BRK-078,NSW,2725,Company,23292446896,480,Wholesale trade,699,Other equipment,None,Used,4,19300.0,36,2022,2022 CNC router,17800.0,600.0,0.0939
APP-021270,2026-08-23,Broker,BRK-005,VIC,3265,Company,31060886843,23,Transport & logistics,598,Ute / van,Diesel,Used,4,37600.0,48,2022,2022 Isuzu D-Max,36500.0,47200.0,0.1011
APP-021271,2026-08-23,Dealer,BRK-012,TAS,7708,Sole trader,85766422245,195,Construction & trades,570,Ute / van,Diesel,Used,4,33300.0,36,2022,2022 Ford Transit Custom,34300.0,0.0,0.0977
APP-021272,2026-08-23,Broker,BRK-001,QLD,4392,Trust,74897058277,45,Wholesale trade,603,Car / SUV,Petrol,New,0,50400.0,36,2026,2026 Kia Sportage,50700.0,0.0,0.0847
APP-021273,2026-08-23,Broker,BRK-016,VIC,3081,Sole trader,75919533320,41,Admin & support services,705,Car / SUV,Electric,Used,10,9300.0,48,2016,2016 MG ZS EV,9100.0,1500.0,0.0856
APP-021274,2026-08-23,Dealer,BRK-039,NSW,2282,Sole trader,31628147787,45,Retail trade,621,Ute / van,Plug-in hybrid,Used,5,23200.0,36,2021,2021 BYD Shark 6,23600.0,0.0,0.1018
APP-021275,2026-08-23,Broker,BRK-004,NT,0860,Trust,95003663055,41,Manufacturing,877,Ute / van,Diesel,Used,5,27800.0,60,2021,2021 Toyota HiAce,25200.0,3700.0,0.0739
APP-021276,2026-08-23,Broker,BRK-075,QLD,4294,Trust,42790303822,201,Retail trade,804,Ute / van,Diesel,Used,7,19300.0,60,2019,2019 Mitsubishi Triton,19800.0,5400.0,0.0901
APP-021277,2026-08-23,Broker,BRK-117,TAS,7650,Sole trader,46754873748,72,Agriculture,648,Agricultural machinery,Diesel,Used,2,240000.0,48,2024,2024 Kubota M7 tractor,244100.0,9600.0,0.0877
APP-021278,2026-08-23,Broker,BRK-027,VIC,3417,Sole trader,62343604992,25,Health care,511,Car / SUV,Hybrid,New,0,63000.0,36,2026,2026 Toyota RAV4 Hybrid,57600.0,20800.0,0.0895
APP-021279,2026-08-24,Dealer,BRK-004,NSW,2815,Company,46120232711,30,Transport & logistics,716,Truck,Diesel,Used,3,213900.0,72,2023,2023 Fuso Canter,220500.0,7900.0,0.0829
APP-021280,2026-08-24,Broker,BRK-050,QLD,4795,Company,87830239167,18,Hospitality,809,Other equipment,LPG,New,0,43300.0,24,2026,2026 Toyota 8FG25 forklift,44800.0,100.0,0.0742
APP-021281,2026-08-24,Broker,BRK-006,QLD,4309,Sole trader,87092867871,66,Hospitality,930,Ute / van,Diesel,Used,2,57000.0,36,2024,2024 Toyota HiAce,55700.0,0.0,0.069
APP-021282,2026-08-24,Broker,BRK-002,WA,6016,Trust,44892166957,79,Transport & logistics,824,Truck,Diesel,Used,7,82200.0,60,2019,2019 Kenworth T610,84800.0,0.0,0.0722
APP-021283,2026-08-24,Broker,BRK-006,NSW,2333,Trust,92595491913,190,Other services,777,Car / SUV,Hybrid,Used,9,9400.0,48,2017,2017 Toyota RAV4 Hybrid,9600.0,10800.0,0.0908
APP-021284,2026-08-24,Broker,BRK-014,QLD,4040,Company,66648675019,93,Transport & logistics,902,Ute / van,Diesel,New,0,49900.0,48,2026,2026 Toyota HiLux SR5,50900.0,0.0,0.069
APP-021285,2026-08-24,Broker,BRK-004,NSW,2180,Company,60176049884,38,Wholesale trade,747,Truck,Diesel,Used,6,142800.0,48,2020,2020 Volvo FH,131800.0,0.0,0.0775
APP-021286,2026-08-24,Broker,BRK-008,VIC,3304,Trust,52161401549,33,Hospitality,655,Other equipment,None,New,0,22900.0,60,2026,2026 Espresso machine,20600.0,1000.0,0.0912
APP-021287,2026-08-24,Broker,BRK-011,NT,0871,Sole trader,15022427226,480,Wholesale trade,484,Truck,Diesel,New,0,148700.0,84,2026,2026 Kenworth T610,153000.0,15400.0,0.104
APP-021288,2026-08-24,Broker,BRK-061,QLD,4628,Company,82317604412,47,Professional services,880,Ute / van,Diesel,New,0,66000.0,36,2026,2026 Isuzu D-Max,64400.0,0.0,0.069
APP-021289,2026-08-24,Broker,BRK-091,NSW,2009,Company,90458567144,480,Professional services,647,Other equipment,None,Used,1,9800.0,36,2025,2025 CNC router,9900.0,0.0,0.0983
APP-021290,2026-08-24,Dealer,BRK-080,QLD,4986,Sole trader,66202306844,124,Retail trade,640,Car / SUV,Petrol,Used,4,29800.0,36,2022,2022 Hyundai Tucson,30400.0,6600.0,0.0934
APP-021291,2026-08-24,Broker,BRK-003,VIC,3969,Company,13200952330,21,Transport & logistics,624,Truck,Diesel,New,0,336300.0,72,2026,2026 Isuzu NPR 45-155,343600.0,0.0,0.092
APP-021292,2026-08-24,Broker,BRK-076,VIC,3228,Sole trader,52878923003,480,Retail trade,556,Ute / van,Diesel,New,0,41300.0,48,2026,2026 Mitsubishi Triton,41400.0,0.0,0.0906
APP-021293,2026-08-24,Broker,BRK-038,NSW,2875,Sole trader,62115143871,48,Transport & logistics,785,Truck,Diesel,New,0,158900.0,60,2026,2026 Fuso Canter,159200.0,8000.0,0.0708
APP-021294,2026-08-24,Broker,BRK-004,QLD,4598,Company,15096507828,62,Wholesale trade,890,Truck,Diesel,New,0,83400.0,72,2026,2026 Kenworth T610,75400.0,22900.0,0.069
APP-021295,2026-08-24,Broker,BRK-010,QLD,4823,Company,96462372885,48,Hospitality,597,Car / SUV,Hybrid,Used,7,22000.0,48,2019,2019 Toyota Camry Hybrid,22400.0,500.0,0.0989
APP-021296,2026-08-24,Broker,BRK-008,NSW,2465,Sole trader,25208998885,60,Admin & support services,785,Ute / van,Plug-in hybrid,Used,9,24900.0,48,2017,2017 BYD Shark 6,25700.0,9400.0,0.0786
APP-021297,2026-08-25,Broker,BRK-014,NSW,2417,Sole trader,17903234908,120,Construction & trades,672,Earthmoving equipment,Diesel,Used,6,115800.0,36,2020,2020 Bobcat S650 skid steer,119200.0,0.0,0.0848
APP-021298,2026-08-25,Broker,BRK-087,VIC,3238,Sole trader,87438559298,69,Retail trade,517,Car / SUV,Petrol,Used,1,31000.0,36,2025,2025 Hyundai Tucson,31100.0,6600.0,0.1026
APP-021299,2026-08-25,Broker,BRK-012,VIC,3020,Company,77518501243,14,Professional services,857,Other equipment,None,Used,4,58000.0,60,2022,2022 Rooftop solar PV system,60000.0,3900.0,0.0737
APP-021300,2026-08-25,Broker,BRK-001,NSW,2462,Sole trader,19255990782,43,Construction & trades,767,Ute / van,Diesel,New,0,49500.0,36,2026,2026 Ford Ranger XLT,45700.0,6700.0,0.0702
APP-021301,2026-08-25,Broker,BRK-057,WA,6770,Trust,17410322352,223,Wholesale trade,881,Ute / van,Diesel,Used,10,22000.0,60,2016,2016 Toyota HiLux SR5,20500.0,4600.0,0.0768
APP-021302,2026-08-25,Broker,BRK-069,QLD,4207,Sole trader,34254300428,93,Hospitality,687,Car / SUV,Electric,New,0,53500.0,60,2026,2026 MG ZS EV,52900.0,0.0,0.0791
APP-021303,2026-08-25,Broker,BRK-027,NSW,2180,Company,58182863046,71,Other services,744,Other equipment,None,Used,5,22900.0,36,2021,2021 Rooftop solar PV system,20900.0,0.0,0.0846
APP-021304,2026-08-25,Broker,BRK-017,WA,6667,Sole trader,47677520017,11,Other services,912,Car / SUV,Hybrid,Used,9,9900.0,48,2017,2017 Toyota Camry Hybrid,10000.0,3700.0,0.0869
APP-021305,2026-08-25,Broker,BRK-065,QLD,4220,Company,30553626336,139,Construction & trades,812,Earthmoving equipment,Diesel,New,0,113000.0,48,2026,2026 Kubota KX040 excavator,117100.0,12100.0,0.0712
APP-021306,2026-08-25,Broker,BRK-001,VIC,3425,Company,58950192968,191,Construction & trades,675,Trailer,None,Used,2,23500.0,24,2024,2024 Tandem box trailer,21500.0,1100.0,0.0948
APP-021307,2026-08-25,Dealer,BRK-029,WA,6342,Company,95592461894,68,Transport & logistics,726,Trailer,None,Used,5,11800.0,24,2021,2021 Tandem box trailer,12300.0,400.0,0.0974
APP-021308,2026-08-25,Broker,BRK-128,VIC,3907,Sole trader,79466397677,19,Construction & trades,851,Earthmoving equipment,Diesel,Used,7,97700.0,60,2019,2019 Komatsu PC55 excavator,99000.0,19000.0,0.072
APP-021309,2026-08-25,Dealer,BRK-071,VIC,3214,Company,96742153209,107,Retail trade,767,Other equipment,LPG,Used,8,24800.0,24,2018,2018 Toyota 8FG25 forklift,24000.0,1200.0,0.0909
APP-021310,2026-08-25,Broker,BRK-005,NSW,2858,Trust,79152936102,44,Professional services,643,Car / SUV,Hybrid,New,0,65000.0,48,2026,2026 Toyota Camry Hybrid,65800.0,15400.0,0.0874
APP-021311,2026-08-25,Broker,BRK-113,WA,6057,Trust,11396268906,66,Professional services,556,Other equipment,None,Used,5,49800.0,36,2021,2021 CNC router,45800.0,0.0,0.0968
APP-021312,2026-08-25,Dealer,BRK-003,NSW,2664,Company,35426049187,86,Retail trade,692,Ute / van,Plug-in hybrid,New,0,47700.0,48,2026,2026 BYD Shark 6,47800.0,0.0,0.0723
APP-021313,2026-08-25,Broker,BRK-024,NSW,2636,Trust,96951795541,111,Retail trade,556,Car / SUV,Petrol,New,0,42600.0,60,2026,2026 Hyundai Tucson,44300.0,0.0,0.0888
APP-021314,2026-08-25,Broker,BRK-035,WA,6591,Partnership,33732508558,65,Manufacturing,387,Other equipment,None,Used,8,11700.0,36,2018,2018 Dental chair,11300.0,0.0,0.127
APP-021315,2026-08-25,Broker,BRK-001,NSW,2190,Trust,87804953905,86,Admin & support services,760,Ute / van,Diesel,New,0,58900.0,36,2026,2026 Toyota HiLux SR5,54900.0,18700.0,0.0707
APP-021316,2026-08-25,Broker,BRK-002,SA,5560,Sole trader,83624425213,35,Transport & logistics,937,Ute / van,Diesel,New,0,69100.0,48,2026,2026 Toyota HiAce,69600.0,0.0,0.069
APP-021317,2026-08-25,Broker,BRK-024,VIC,3552,Company,74127159508,52,Hospitality,724,Other equipment,None,Used,8,21300.0,60,2018,2018 Commercial kitchen fit-out,19200.0,1000.0,0.0926
APP-021318,2026-08-25,Broker,BRK-003,VIC,3166,Company,38318998893,187,Manufacturing,697,Other equipment,None,Used,7,4200.0,36,2019,2019 Espresso machine,4100.0,0.0,0.0909
APP-021319,2026-08-25,Dealer,BRK-013,QLD,4643,Sole trader,92331031065,88,Professional services,741,Car / SUV,Electric,New,0,72400.0,100,2026,2026 Tesla Model Y,74800.0,24900.0,0.0758
APP-021320,2026-08-25,Broker,BRK-050,VIC,3913,Company,80201456213,40,Manufacturing,669,Other equipment,None,New,0,47500.0,24,2026,2026 Dental chair,38100.0,4500.0,0.0762
APP-021321,2026-08-25,Broker,BRK-035,NSW,2633,Company,45978072538,217,Professional services,744,Ute / van,Diesel,New,0,74200.0,48,2026,2026 Toyota HiAce,75700.0,13200.0,0.0753
APP-021322,2026-08-25,Broker,BRK-097,NSW,2631,Company,65451541388,49,Construction & trades,903,Trailer,None,Used,1,19800.0,60,2025,2025 Tipper trailer,19400.0,1000.0,0.076
APP-021323,2026-08-26,Broker,BRK-115,VIC,3061,Company,94185499783,41,Retail trade,829,Ute / van,Diesel,New,0,64800.0,60,2026,2026 Isuzu D-Max,64100.0,0.0,0.069
APP-021324,2026-08-26,Broker,BRK-117,TAS,7143,Company,29216431421,176,Professional services,636,Car / SUV,Hybrid,New,0,45700.0,60,2026,2026 Toyota RAV4 Hybrid,46600.0,2000.0,0.0819
APP-021325,2026-08-26,Broker,BRK-011,NSW,2049,Trust,82992816918,58,Agriculture,497,Trailer,None,Used,1,19900.0,24,2025,2025 Tandem box trailer,18500.0,600.0,0.1075
APP-021326,2026-08-26,Dealer,BRK-002,SA,5462,Trust,17526466367,11,Hospitality,585,Other equipment,None,New,0,105500.0,24,2026,2026 Rooftop solar PV system,108700.0,0.0,0.0955
APP-021327,2026-08-26,Broker,BRK-042,QLD,4232,Trust,16555116948,336,Transport & logistics,733,Truck,Diesel,Used,4,103600.0,48,2022,2022 Volvo FH,104100.0,0.0,0.0841
APP-021328,2026-08-26,Broker,BRK-114,QLD,4108,Sole trader,88127101796,44,Wholesale trade,606,Truck,Diesel,New,0,290500.0,60,2026,2026 Kenworth T610,282900.0,25400.0,0.0866
APP-021329,2026-08-26,Broker,BRK-065,WA,6515,Sole trader,65814334373,21,Manufacturing,819,Car / SUV,Hybrid,New,0,45000.0,60,2026,2026 Toyota Camry Hybrid,43700.0,0.0,0.0773
APP-021330,2026-08-26,Broker,BRK-048,NSW,2099,Company,10228840384,196,Construction & trades,663,Earthmoving equipment,Diesel,Used,8,34400.0,120,2018,2018 Kubota KX040 excavator,34600.0,6700.0,0.0821
APP-021331,2026-08-26,Broker,BRK-074,TAS,7454,Company,69628623353,98,Other services,883,Car / SUV,Electric,New,0,44500.0,60,2026,2026 BYD Atto 3,41200.0,0.0,0.069
APP-021332,2026-08-26,Broker,BRK-012,QLD,4572,Company,83268864551,48,Manufacturing,524,Truck,Diesel,Used,7,83100.0,72,2019,2019 Kenworth T610,67200.0,0.0,0.1026
APP-021333,2026-08-26,Broker,BRK-019,WA,6139,Company,72191256641,29,Professional services,434,Car / SUV,Electric,Used,9,12800.0,60,2017,2017 BYD Atto 3,13100.0,0.0,0.113
APP-021334,2026-08-26,Broker,BRK-003,VIC,3491,Sole trader,78422453823,139,Transport & logistics,805,Truck,Diesel,Used,8,86900.0,72,2018,2018 Isuzu NPR 45-155,89200.0,8000.0,0.0797
APP-021335,2026-08-26,Broker,BRK-043,QLD,4511,Company,47936985745,151,Retail trade,837,Ute / van,Diesel,New,0,58400.0,48,2026,2026 Ford Ranger XLT,52800.0,19500.0,0.069
APP-021336,2026-08-26,Broker,BRK-008,VIC,3236,Sole trader,19158352356,130,Transport & logistics,751,Truck,Diesel,Used,8,81000.0,84,2018,2018 Kenworth T610,75900.0,3200.0,0.0799
APP-021337,2026-08-26,Broker,BRK-005,NSW,2576,Trust,13807494208,137,Professional services,745,Car / SUV,Electric,New,0,56100.0,60,2026,2026 MG ZS EV,56800.0,11600.0,0.0736
APP-021338,2026-08-26,Broker,BRK-004,NSW,2583,Company,24227199630,27,Retail trade,572,Car / SUV,Hybrid,Used,5,31300.0,36,2021,2021 Toyota RAV4 Hybrid,32500.0,8100.0,0.0941
APP-021339,2026-08-26,Broker,BRK-020,QLD,4792,Sole trader,11835509458,130,Health care,572,Car / SUV,Hybrid,New,0,66300.0,60,2026,2026 Toyota RAV4 Hybrid,67200.0,25500.0,0.0902
APP-021340,2026-08-26,Broker,BRK-023,VIC,3064,Sole trader,27593784076,282,Professional services,821,Car / SUV,Electric,New,0,46700.0,36,2026,2026 BYD Atto 3,47300.0,18000.0,0.069
APP-021341,2026-08-26,Broker,BRK-081,NSW,2730,Sole trader,10799442449,75,Admin & support services,719,Other equipment,None,Used,9,27700.0,36,2017,2017 Rooftop solar PV system,28100.0,0.0,0.094
APP-021342,2026-08-26,Broker,BRK-113,WA,6263,Sole trader,57404088749,169,Health care,614,Car / SUV,Electric,Used,9,15700.0,36,2017,2017 Tesla Model Y,16100.0,2000.0,0.097
APP-021343,2026-08-26,Broker,BRK-007,NSW,2709,Company,63070795738,150,Construction & trades,932,Ute / van,Diesel,Used,5,26300.0,60,2021,2021 Ford Ranger XLT,26700.0,3300.0,0.0711
APP-021344,2026-08-26,Dealer,BRK-008,SA,5416,Sole trader,40212450093,122,Construction & trades,821,Ute / van,Plug-in hybrid,New,0,71400.0,60,2026,2026 BYD Shark 6,70500.0,0.0,0.069
APP-021345,2026-08-26,Broker,BRK-005,QLD,4412,Sole trader,74868094945,119,Transport & logistics,943,Trailer,None,New,0,14600.0,48,2026,2026 Flat top trailer,15000.0,1100.0,0.069
APP-021346,2026-08-26,Broker,BRK-006,WA,6436,Sole trader,13494745669,480,Agriculture,671,Trailer,None,Used,6,36000.0,24,2020,2020 Tipper trailer,34400.0,500.0,0.0859
APP-021347,2026-08-26,Broker,BRK-055,VIC,3199,Company,51970812238,372,Other,563,Ute / van,Diesel,New,0,43400.0,48,2026,2026 Toyota HiAce,39600.0,0.0,0.0947
APP-021348,2026-08-26,Broker,BRK-036,VIC,3871,Company,73371265208,69,Construction & trades,837,Ute / van,Plug-in hybrid,Used,7,21200.0,60,2019,2019 BYD Shark 6,17100.0,1600.0,0.0796
APP-021349,2026-08-27,Broker,BRK-001,NSW,2842,Company,62257117809,68,Retail trade,690,Other equipment,None,New,0,52100.0,48,2026,2026 Espresso machine,52100.0,3200.0,0.0796
APP-021350,2026-08-27,Broker,BRK-027,SA,5777,Company,76239133188,22,Construction & trades,641,Ute / van,Diesel,New,0,52100.0,48,2026,2026 Mitsubishi Triton,52200.0,7100.0,0.0885
APP-021351,2026-08-27,Broker,BRK-088,VIC,3679,Sole trader,56849506790,58,Construction & trades,736,Ute / van,Plug-in hybrid,Used,6,23400.0,36,2020,2020 BYD Shark 6,22000.0,3700.0,0.0914
APP-021352,2026-08-27,Broker,BRK-001,QLD,4761,Trust,55011934941,28,Construction & trades,635,Car / SUV,Electric,Used,6,17000.0,48,2020,2020 Tesla Model Y,17500.0,0.0,0.1016
APP-021353,2026-08-27,Dealer,BRK-108,NSW,2697,Trust,80825715961,76,Construction & trades,958,Trailer,None,New,0,44500.0,36,2026,2026 Flat top trailer,46100.0,0.0,0.069
APP-021354,2026-08-27,Broker,BRK-005,NSW,2717,Sole trader,25759675156,59,Transport & logistics,855,Truck,Diesel,New,0,230400.0,60,2026,2026 Volvo FH,233000.0,0.0,0.069
APP-021355,2026-08-27,Broker,BRK-007,WA,6093,Trust,98797277612,223,Other,379,Ute / van,Diesel,New,0,47200.0,48,2026,2026 Ford Transit Custom,45900.0,0.0,0.0992
APP-021356,2026-08-27,Dealer,BRK-011,VIC,3194,Company,98307866479,41,Agriculture,766,Truck,Diesel,Used,4,193100.0,60,2022,2022 Hino 300 Series,196700.0,6300.0,0.0819
APP-021357,2026-08-27,Broker,BRK-002,VIC,3775,Company,72465412238,480,Other services,587,Car / SUV,Hybrid,Used,8,19800.0,36,2018,2018 Toyota RAV4 Hybrid,20400.0,0.0,0.1025
APP-021358,2026-08-27,Broker,BRK-001,NSW,2839,Sole trader,28250896748,288,Construction & trades,835,Ute / van,Diesel,New,0,49700.0,60,2026,2026 Isuzu D-Max,51400.0,56700.0,0.069
APP-021359,2026-08-27,Broker,BRK-004,SA,5270,Trust,83114061271,61,Hospitality,794,Other equipment,None,New,0,84900.0,36,2026,2026 Dental chair,79500.0,7500.0,0.069
APP-021360,2026-08-27,Broker,BRK-001,QLD,4856,Trust,38873443025,19,Retail trade,550,Other equipment,None,New,0,73200.0,48,2026,2026 Espresso machine,74500.0,1000.0,0.1
APP-021361,2026-08-27,Dealer,BRK-028,VIC,3875,Company,39030589261,185,Agriculture,669,Agricultural machinery,Diesel,New,0,258400.0,60,2026,2026 Case IH Farmall tractor,238400.0,0.0,0.0783
APP-021362,2026-08-27,Broker,BRK-002,SA,6553,Trust,53019826799,65,Professional services,641,Car / SUV,Electric,Used,3,43100.0,60,2023,2023 Tesla Model Y,42400.0,0.0,0.0863
APP-021363,2026-08-27,Broker,BRK-001,QLD,4721,Company,86442853185,72,Agriculture,649,Truck,Diesel,Used,2,204700.0,72,2024,2024 Hino 300 Series,186400.0,0.0,0.0816
APP-021364,2026-08-27,Dealer,BRK-026,SA,5798,Trust,81558204313,140,Professional services,591,Car / SUV,Electric,New,0,60500.0,60,2026,2026 Tesla Model Y,57800.0,0.0,0.0919
APP-021365,2026-08-27,Broker,BRK-030,NSW,2448,Sole trader,16432779856,327,Hospitality,608,Car / SUV,Electric,New,0,52300.0,60,2026,2026 Tesla Model Y,53500.0,0.0,0.086
APP-021366,2026-08-28,Broker,BRK-041,VIC,3384,Sole trader,73489480491,12,Admin & support services,892,Ute / van,Diesel,New,0,59500.0,60,2026,2026 Isuzu D-Max,59600.0,0.0,0.0708
APP-021367,2026-08-28,Broker,BRK-020,VIC,3843,Company,52314252691,28,Other services,1109,Car / SUV,Hybrid,New,0,66100.0,60,2026,2026 Toyota Camry Hybrid,59700.0,7200.0,0.069
APP-021368,2026-08-28,Broker,BRK-100,NSW,2459,Trust,92983536458,56,Manufacturing,619,Truck,Diesel,New,0,224700.0,84,2026,2026 Isuzu NPR 45-155,218300.0,0.0,0.0896
APP-021369,2026-08-28,Broker,BRK-002,QLD,4470,Company,63213930234,80,Transport & logistics,983,Truck,Diesel,Used,5,168200.0,48,2021,2021 Kenworth T610,172100.0,0.0,0.0741
APP-021370,2026-08-28,Broker,BRK-069,QLD,4936,Sole trader,60750216090,151,Mining,578,Truck,Diesel,Used,4,49700.0,84,2022,2022 Hino 300 Series,45000.0,0.0,0.1039
APP-021371,2026-08-28,Broker,BRK-012,NSW,2835,Sole trader,33155309562,105,Hospitality,966,Car / SUV,Electric,New,0,39500.0,36,2026,2026 BYD Atto 3,40700.0,0.0,0.069
APP-021372,2026-08-28,Broker,BRK-107,VIC,3638,Company,99822579915,140,Professional services,670,Car / SUV,Petrol,Used,10,8700.0,48,2016,2016 Mazda CX-5,9000.0,0.0,0.0935
APP-021373,2026-08-28,Broker,BRK-004,SA,5261,Sole trader,23274598444,67,Manufacturing,982,Other equipment,None,New,0,111600.0,24,2026,2026 CNC router,91800.0,0.0,0.069
APP-021374,2026-08-28,Broker,BRK-126,QLD,4482,Sole trader,55231953001,22,Construction & trades,890,Ute / van,Diesel,Used,6,24200.0,48,2020,2020 Toyota HiLux SR5,23300.0,0.0,0.0902
APP-021375,2026-08-28,Broker,BRK-094,QLD,4662,Company,15872388992,10,Transport & logistics,1000,Truck,Diesel,New,0,227400.0,60,2026,2026 Volvo FH,228500.0,12000.0,0.069
APP-021376,2026-08-28,Broker,BRK-003,WA,6325,Sole trader,58238662519,150,Transport & logistics,605,Trailer,None,New,0,35600.0,24,2026,2026 Flat top trailer,34300.0,1300.0,0.0886
APP-021377,2026-08-28,Broker,BRK-014,NSW,2791,Sole trader,72161020572,216,Admin & support services,864,Car / SUV,Electric,Used,10,9700.0,60,2016,2016 BYD Atto 3,9800.0,1500.0,0.0794
APP-021378,2026-08-28,Broker,BRK-004,QLD,4496,Sole trader,25490899389,112,Retail trade,529,Other equipment,None,Used,10,4000.0,60,2016,2016 Dental chair,3700.0,200.0,0.1083
APP-021379,2026-08-28,Broker,BRK-002,WA,6723,Company,85496224939,98,Manufacturing,651,Other equipment,None,Used,9,8600.0,120,2017,2017 Espresso machine,8600.0,0.0,0.1021
APP-021380,2026-08-28,Broker,BRK-011,SA,5114,Trust,61946140045,38,Wholesale trade,755,Truck,Diesel,New,0,75400.0,48,2026,2026 Hino 300 Series,77200.0,14300.0,0.0741
APP-021381,2026-08-28,Broker,BRK-023,NSW,2036,Company,32700078373,84,Retail trade,529,Ute / van,Diesel,New,0,52600.0,48,2026,2026 Ford Ranger XLT,53800.0,18300.0,0.088
APP-021382,2026-08-28,Broker,BRK-011,NSW,2894,Trust,47754162076,86,Retail trade,777,Ute / van,Diesel,New,0,66100.0,60,2026,2026 Mitsubishi Triton,68400.0,0.0,0.0757
APP-021383,2026-08-29,Broker,BRK-008,NSW,2839,Trust,25580201749,39,Health care,713,Other equipment,None,Used,9,6100.0,36,2017,2017 Rooftop solar PV system,6300.0,0.0,0.0924
APP-021384,2026-08-29,Broker,BRK-007,VIC,3595,Company,70669441736,434,Agriculture,540,Agricultural machinery,Diesel,New,0,219700.0,48,2026,2026 New Holland T6 tractor,213800.0,0.0,0.093
APP-021385,2026-08-29,Dealer,BRK-002,NSW,2415,Company,79439588346,99,Transport & logistics,790,Truck,Diesel,New,0,267600.0,48,2026,2026 Isuzu NPR 45-155,272200.0,55100.0,0.0738
APP-021386,2026-08-29,Broker,BRK-004,QLD,4426,Trust,38589442277,238,Retail trade,722,Other equipment,LPG,New,0,13300.0,48,2026,2026 Toyota 8FG25 forklift,13100.0,400.0,0.0776
APP-021387,2026-08-29,Broker,BRK-022,NSW,2877,Company,69405449085,19,Transport & logistics,723,Ute / van,Diesel,Used,4,41300.0,36,2022,2022 Toyota HiAce,37400.0,0.0,0.0812
APP-021388,2026-08-29,Broker,BRK-002,QLD,4456,Company,79034849312,46,Admin & support services,550,Other equipment,LPG,Used,7,7500.0,24,2019,2019 Toyota 8FG25 forklift,7500.0,0.0,0.1035
APP-021389,2026-08-29,Broker,BRK-082,SA,5780,Sole trader,98184168480,44,Other,749,Ute / van,Plug-in hybrid,Used,5,21700.0,48,2021,2021 BYD Shark 6,20000.0,0.0,0.0894
APP-021390,2026-08-29,Broker,BRK-057,NSW,2450,Sole trader,30143762874,16,Health care,811,Other equipment,None,New,0,99900.0,48,2026,2026 CNC router,102600.0,0.0,0.0798
APP-021391,2026-08-29,Broker,BRK-145,NSW,2351,Sole trader,94281601910,53,Transport & logistics,613,Truck,Diesel,Used,8,104500.0,84,2018,2018 Fuso Canter,104800.0,0.0,0.0984
APP-021392,2026-08-29,Broker,BRK-007,NSW,2250,Company,95707049057,107,Health care,775,Other equipment,None,New,0,33900.0,48,2026,2026 Dental chair,31400.0,2200.0,0.069
APP-021393,2026-08-29,Broker,BRK-003,TAS,7710,Partnership,22805378587,101,Other services,726,Car / SUV,Petrol,New,0,64800.0,36,2026,2026 Hyundai Tucson,67100.0,6300.0,0.0726
APP-021394,2026-08-29,Broker,BRK-001,QLD,4840,Trust,46302023360,31,Transport & logistics,644,Ute / van,Diesel,New,0,65400.0,36,2026,2026 Ford Ranger XLT,64100.0,6300.0,0.0843
APP-021395,2026-08-29,Dealer,BRK-008,VIC,3793,Company,82518409012,182,Construction & trades,769,Ute / van,Diesel,New,0,76300.0,36,2026,2026 Toyota HiLux SR5,70800.0,1600.0,0.0717
APP-021396,2026-08-29,Broker,BRK-114,VIC,3335,Partnership,77490926111,27,Manufacturing,710,Other equipment,None,Used,9,21200.0,60,2017,2017 CNC router,19500.0,0.0,0.0964
APP-021397,2026-08-29,Broker,BRK-030,WA,6609,Company,44536674762,7,Transport & logistics,747,Truck,Diesel,Used,3,227300.0,84,2023,2023 Fuso Canter,233100.0,10000.0,0.0856
APP-021398,2026-08-29,Broker,BRK-131,QLD,4181,Partnership,93277320413,221,Construction & trades,809,Ute / van,Diesel,New,0,66100.0,36,2026,2026 Ford Ranger XLT,66400.0,0.0,0.069
APP-021399,2026-08-29,Dealer,BRK-112,VIC,3415,Company,80174019493,110,Retail trade,485,Ute / van,Diesel,New,0,40100.0,36,2026,2026 Ford Transit Custom,40700.0,0.0,0.092
APP-021400,2026-08-29,Broker,BRK-010,NSW,2451,Company,72428046678,101,Transport & logistics,836,Trailer,None,New,0,9800.0,60,2026,2026 Tipper trailer,8200.0,500.0,0.0718
APP-021401,2026-08-29,Broker,BRK-014,SA,5376,Company,18485111752,267,Manufacturing,683,Other equipment,None,New,0,16400.0,24,2026,2026 Dental chair,16200.0,300.0,0.0871
APP-021402,2026-08-29,Broker,BRK-006,WA,6461,Company,53129055403,217,Transport & logistics,899,Truck,Diesel,Used,9,43400.0,72,2017,2017 Isuzu NPR 45-155,43800.0,3000.0,0.069
APP-021403,2026-08-29,Dealer,BRK-058,NSW,2063,Company,16559541531,26,Admin & support services,999,Ute / van,Diesel,Used,3,43700.0,48,2023,2023 Ford Transit Custom,42400.0,0.0,0.069
APP-021404,2026-08-29,Broker,BRK-027,VIC,3957,Sole trader,44863121972,72,Construction & trades,751,Truck,Diesel,New,0,168500.0,48,2026,2026 Isuzu NPR 45-155,161900.0,6800.0,0.0762
APP-021405,2026-08-29,Broker,BRK-001,NSW,2041,Sole trader,23351965696,145,Transport & logistics,732,Truck,Diesel,New,0,136100.0,72,2026,2026 Hino 300 Series,139000.0,31600.0,0.0708
APP-021406,2026-08-29,Dealer,BRK-114,VIC,3826,Sole trader,58796001547,48,Agriculture,718,Ute / van,Diesel,New,0,65700.0,36,2026,2026 Toyota HiAce,53500.0,2500.0,0.075
APP-021407,2026-08-29,Broker,BRK-069,SA,5256,Company,87768432523,35,Construction & trades,530,Ute / van,Diesel,Used,8,27200.0,60,2018,2018 Isuzu D-Max,25500.0,2400.0,0.1061
APP-021408,2026-08-30,Broker,BRK-119,NSW,2719,Sole trader,16525605781,16,Construction & trades,448,Ute / van,Diesel,Used,7,24000.0,48,2019,2019 Toyota HiAce,23200.0,0.0,0.1261
APP-021409,2026-08-30,Broker,BRK-004,NSW,2708,Company,30799878341,14,Wholesale trade,706,Ute / van,Diesel,Used,1,67600.0,36,2025,2025 Toyota HiAce,68000.0,0.0,0.0897
APP-021410,2026-08-30,Broker,BRK-061,VIC,3247,Company,10646196858,7,Wholesale trade,788,Truck,Diesel,Used,9,58600.0,48,2017,2017 Volvo FH,59000.0,4800.0,0.0878
APP-021411,2026-08-30,Dealer,BRK-036,NSW,2873,Partnership,84823965439,17,Construction & trades,585,Trailer,None,New,0,18400.0,48,2026,2026 Tipper trailer,17900.0,900.0,0.1037
APP-021412,2026-08-30,Broker,BRK-002,NSW,2525,Sole trader,49211890553,150,Agriculture,677,Truck,Diesel,Used,9,42000.0,84,2017,2017 Hino 300 Series,39400.0,4500.0,0.0882
APP-021413,2026-08-30,Broker,BRK-005,NSW,2424,Company,19915964262,19,Construction & trades,735,Trailer,None,Used,7,5600.0,48,2019,2019 Flat top trailer,5000.0,300.0,0.1028
APP-021414,2026-08-30,Broker,BRK-003,VIC,3620,Company,84980681464,166,Hospitality,907,Other equipment,None,Used,8,27000.0,48,2018,2018 Commercial kitchen fit-out,25100.0,0.0,0.0763
APP-021415,2026-08-30,Dealer,BRK-002,VIC,3763,Trust,66287331599,480,Construction & trades,842,Ute / van,Diesel,New,0,63900.0,36,2026,2026 Toyota HiAce,61500.0,0.0,0.0744
APP-021416,2026-08-30,Broker,BRK-039,ACT,2602,Company,23899803457,60,Construction & trades,732,Ute / van,Diesel,New,0,68400.0,120,2026,2026 Ford Transit Custom,61600.0,25800.0,0.0779
APP-021417,2026-08-30,Broker,BRK-094,TAS,7267,Sole trader,44102337998,480,Admin & support services,1051,Car / SUV,Hybrid,Used,4,33300.0,60,2022,2022 Toyota RAV4 Hybrid,32100.0,7400.0,0.069
APP-021418,2026-08-30,Broker,BRK-144,QLD,4755,Sole trader,25488726095,142,Wholesale trade,871,Ute / van,Diesel,Used,8,27600.0,48,2018,2018 Toyota HiAce,28100.0,9300.0,0.0784
APP-021419,2026-08-30,Dealer,BRK-003,NSW,2525,Sole trader,72496065446,18,Other,855,Car / SUV,Petrol,Used,1,48600.0,48,2025,2025 Mazda CX-5,38900.0,0.0,0.08
APP-021420,2026-08-30,Dealer,BRK-044,NSW,2407,Company,30715010731,57,Other services,831,Other equipment,None,Used,3,40600.0,48,2023,2023 Rooftop solar PV system,40700.0,0.0,0.0708
APP-021421,2026-08-30,Broker,BRK-001,QLD,4779,Trust,59435324076,19,Hospitality,761,Other equipment,None,New,0,50600.0,24,2026,2026 Dental chair,51800.0,0.0,0.0851
APP-021422,2026-08-30,Broker,BRK-004,QLD,4932,Company,30755585067,448,Construction & trades,871,Ute / van,Plug-in hybrid,Used,4,44300.0,48,2022,2022 BYD Shark 6,44700.0,0.0,0.0751
APP-021423,2026-08-30,Broker,BRK-087,NSW,2644,Sole trader,51898627128,223,Construction & trades,631,Ute / van,Diesel,New,0,48000.0,48,2026,2026 Toyota HiLux SR5,49200.0,0.0,0.0843
APP-021424,2026-08-30,Broker,BRK-123,WA,6103,Sole trader,74269716738,173,Other services,737,Ute / van,Plug-in hybrid,Used,9,14900.0,48,2017,2017 BYD Shark 6,14500.0,5900.0,0.0881
APP-021425,2026-08-30,Broker,BRK-136,QLD,4157,Company,92994363129,41,Retail trade,680,Ute / van,Diesel,New,0,41200.0,48,2026,2026 Toyota HiAce,41400.0,0.0,0.0749
APP-021426,2026-08-30,Broker,BRK-016,NSW,2593,Trust,88465033106,459,Hospitality,874,Other equipment,None,Used,10,17800.0,48,2016,2016 Dental chair,18500.0,1800.0,0.0811
APP-021427,2026-08-31,Broker,BRK-056,SA,5267,Company,88527363248,87,Professional services,788,Ute / van,Plug-in hybrid,Used,5,22100.0,48,2021,2021 BYD Shark 6,22100.0,6900.0,0.0874
APP-021428,2026-08-31,Broker,BRK-009,QLD,4878,Sole trader,82143456776,19,Other,768,Ute / van,Diesel,New,0,53300.0,60,2026,2026 Toyota HiLux SR5,51200.0,0.0,0.0838
APP-021429,2026-08-31,Broker,BRK-049,SA,5078,Trust,83639441420,37,Manufacturing,535,Other equipment,None,Used,10,16000.0,60,2016,2016 Rooftop solar PV system,13100.0,0.0,0.1055
APP-021430,2026-08-31,Dealer,BRK-002,SA,5207,Company,39423545689,41,Retail trade,911,Ute / van,Diesel,Used,9,23300.0,36,2017,2017 Ford Ranger XLT,22800.0,8900.0,0.0792
APP-021431,2026-08-31,Broker,BRK-002,NSW,2880,Trust,31246143812,25,Manufacturing,438,Car / SUV,Petrol,New,0,36900.0,60,2026,2026 Mazda CX-5,37400.0,0.0,0.0991
APP-021432,2026-08-31,Broker,BRK-142,VIC,3706,Company,67013085977,47,Hospitality,753,Ute / van,Diesel,New,0,66900.0,60,2026,2026 Toyota HiLux SR5,69200.0,0.0,0.074
APP-021433,2026-08-31,Broker,BRK-007,NSW,2306,Company,72813059103,84,Transport & logistics,729,Truck,Diesel,New,0,124700.0,84,2026,2026 Kenworth T610,128800.0,0.0,0.0715
APP-021434,2026-08-31,Broker,BRK-105,VIC,3452,Sole trader,93086374701,40,Transport & logistics,597,Truck,Diesel,New,0,92700.0,48,2026,2026 Isuzu NPR 45-155,94100.0,0.0,0.0897
APP-021435,2026-08-31,Broker,BRK-001,NSW,2673,Company,48050800648,20,Construction & trades,615,Earthmoving equipment,Diesel,Used,8,55000.0,36,2018,2018 Komatsu PC55 excavator,50500.0,0.0,0.1027
APP-021436,2026-08-31,Dealer,BRK-082,VIC,3999,Sole trader,59620311752,62,Agriculture,918,Agricultural machinery,Diesel,Used,9,43800.0,48,2017,2017 Kubota M7 tractor,44700.0,0.0,0.069
APP-021437,2026-08-31,Broker,BRK-121,WA,6737,Sole trader,71934040380,19,Professional services,941,Ute / van,Diesel,New,0,45000.0,48,2026,2026 Ford Ranger XLT,46600.0,3700.0,0.0727
APP-021438,2026-08-31,Dealer,BRK-001,NSW,2898,Trust,85603707948,63,Manufacturing,762,Ute / van,Diesel,New,0,49900.0,48,2026,2026 Mitsubishi Triton,51600.0,10300.0,0.0716
APP-021439,2026-08-31,Broker,BRK-011,VIC,3682,Trust,24648581335,24,Transport & logistics,842,Other equipment,None,Used,10,8100.0,60,2016,2016 Espresso machine,8400.0,0.0,0.0891
APP-021440,2026-08-31,Broker,BRK-075,WA,6088,Company,97984955617,257,Other,850,Ute / van,Plug-in hybrid,New,0,70000.0,60,2026,2026 BYD Shark 6,64200.0,0.0,0.069
APP-021441,2026-08-31,Dealer,BRK-001,VIC,3137,Company,32248732350,49,Transport & logistics,816,Truck,Diesel,Used,5,173600.0,84,2021,2021 Kenworth T610,173900.0,17600.0,0.0724
APP-021442,2026-08-31,Broker,BRK-006,NSW,2857,Company,92313187288,125,Construction & trades,625,Ute / van,Diesel,Used,3,43800.0,36,2023,2023 Mitsubishi Triton,40900.0,0.0,0.0882
APP-021443,2026-08-31,Broker,BRK-005,VIC,3065,Company,93794308810,289,Agriculture,449,Agricultural machinery,Diesel,Used,10,59200.0,48,2016,2016 Kubota M7 tractor,61500.0,11800.0,0.1037
APP-021444,2026-08-31,Broker,BRK-002,NSW,2882,Trust,20623383685,26,Professional services,927,Car / SUV,Electric,New,0,53800.0,36,2026,2026 BYD Atto 3,52100.0,8900.0,0.069
APP-021445,2026-08-31,Broker,BRK-001,VIC,3405,Sole trader,14980773010,21,Transport & logistics,685,Truck,Diesel,New,0,213000.0,72,2026,2026 Volvo FH,196100.0,43700.0,0.0948
APP-021446,2026-09-01,Broker,BRK-004,VIC,3920,Company,28196173133,123,Admin & support services,913,Ute / van,Diesel,New,0,42300.0,48,2026,2026 Toyota HiAce,33900.0,16300.0,0.069
APP-021447,2026-09-01,Broker,BRK-003,NSW,2480,Sole trader,94622054052,80,Admin & support services,721,Ute / van,Diesel,Used,7,25100.0,48,2019,2019 Ford Transit Custom,24500.0,0.0,0.0968
APP-021448,2026-09-01,Broker,BRK-138,NSW,2016,Company,85041895480,66,Health care,568,Other equipment,None,Used,2,53100.0,48,2024,2024 Rooftop solar PV system,54900.0,0.0,0.0939
APP-021449,2026-09-01,Broker,BRK-001,NSW,2160,Sole trader,83191187057,44,Construction & trades,716,Earthmoving equipment,Diesel,Used,8,90200.0,36,2018,2018 Komatsu PC55 excavator,91000.0,0.0,0.0839
APP-021450,2026-09-01,Broker,BRK-002,SA,5424,Sole trader,10704149874,128,Construction & trades,753,Car / SUV,Electric,New,0,63800.0,60,2026,2026 BYD Atto 3,61000.0,22500.0,0.0782
APP-021451,2026-09-01,Broker,BRK-075,NSW,2889,Trust,50577006946,129,Construction & trades,872,Ute / van,Diesel,New,0,49500.0,60,2026,2026 Ford Transit Custom,48300.0,0.0,0.069
APP-021452,2026-09-01,Broker,BRK-063,SA,5358,Sole trader,67253272611,157,Retail trade,806,Other equipment,None,New,0,82200.0,60,2026,2026 Espresso machine,75200.0,4600.0,0.0723
APP-021453,2026-09-01,Broker,BRK-016,SA,5045,Company,21747809405,36,Construction & trades,807,Ute / van,Diesel,Used,4,35800.0,36,2022,2022 Toyota HiAce,36300.0,0.0,0.0729
APP-021454,2026-09-01,Broker,BRK-010,QLD,4441,Trust,73477014445,8,Mining,722,Ute / van,Diesel,Used,10,12500.0,48,2016,2016 Ford Transit Custom,10500.0,4800.0,0.1061
APP-021455,2026-09-01,Broker,BRK-008,SA,5666,Trust,99679770150,333,Health care,675,Car / SUV,Petrol,Used,8,10800.0,60,2018,2018 Hyundai Tucson,10400.0,0.0,0.0832
APP-021456,2026-09-01,Broker,BRK-138,VIC,3690,Trust,40980724904,40,Transport & logistics,676,Truck,Diesel,New,0,87100.0,72,2026,2026 Kenworth T610,87400.0,24700.0,0.0775
APP-021457,2026-09-01,Broker,BRK-094,NSW,2660,Company,53807783897,51,Retail trade,510,Ute / van,Diesel,New,0,48800.0,36,2026,2026 Mitsubishi Triton,82000.0,9000.0,0.092
APP-021458,2026-09-01,Broker,BRK-005,NSW,2796,Trust,23263869864,32,Construction & trades,793,Ute / van,Diesel,Used,6,29100.0,48,2020,2020 Ford Ranger XLT,28600.0,0.0,0.0792
APP-021459,2026-09-01,Broker,BRK-016,TAS,7459,Sole trader,78561245778,480,Construction & trades,628,Earthmoving equipment,Diesel,New,0,50500.0,36,2026,2026 Kubota KX040 excavator,46200.0,4700.0,0.0822
APP-021460,2026-09-01,Broker,BRK-059,WA,6119,Company,21990581179,8,Retail trade,1082,Other equipment,None,New,0,118200.0,48,2026,2026 Commercial kitchen fit-out,120300.0,0.0,0.069
APP-021461,2026-09-01,Broker,BRK-080,ACT,2605,Trust,77257526252,26,Retail trade,875,Car / SUV,Petrol,Used,4,32400.0,48,2022,2022 Hyundai Tucson,32800.0,0.0,0.0703
APP-021462,2026-09-01,Broker,BRK-002,VIC,3744,Company,56940162622,35,Hospitality,715,Car / SUV,Petrol,Used,6,19700.0,60,2020,2020 Kia Sportage,20100.0,0.0,0.0876
APP-021463,2026-09-01,Broker,BRK-129,NSW,2794,Company,99490897530,15,Hospitality,573,Other equipment,LPG,New,0,44000.0,36,2026,2026 Toyota 8FG25 forklift,45600.0,300.0,0.1012
APP-021464,2026-09-01,Broker,BRK-079,NSW,2817,Trust,60568674511,480,Professional services,548,Car / SUV,Petrol,New,0,63900.0,36,2026,2026 Hyundai Tucson,65300.0,24000.0,0.0922
APP-021465,2026-09-01,Broker,BRK-020,WA,6183,Trust,19778574951,70,Construction & trades,805,Ute / van,Diesel,New,0,58300.0,36,2026,2026 Isuzu D-Max,59000.0,0.0,0.0722
APP-021466,2026-09-01,Broker,BRK-019,NSW,2706,Partnership,99166049945,480,Retail trade,728,Car / SUV,Petrol,New,0,49200.0,36,2026,2026 Kia Sportage,46900.0,0.0,0.0732
APP-021467,2026-09-01,Broker,BRK-020,QLD,4918,Company,48186258725,88,Other services,540,Other equipment,None,New,0,107000.0,24,2026,2026 Espresso machine,110200.0,3700.0,0.0862
APP-021468,2026-09-02,Broker,BRK-078,SA,5609,Sole trader,59866797210,15,Other,795,Car / SUV,Petrol,Used,5,27400.0,36,2021,2021 Mazda CX-5,28200.0,0.0,0.0957
APP-021469,2026-09-02,Broker,BRK-024,WA,6056,Company,87804451246,51,Professional services,588,Car / SUV,Petrol,New,0,63400.0,36,2026,2026 Mazda CX-5,64300.0,23600.0,0.0779
APP-021470,2026-09-02,Broker,BRK-077,VIC,3577,Sole trader,90365948536,12,Agriculture,883,Agricultural machinery,Diesel,Used,5,111100.0,72,2021,2021 Kubota M7 tractor,113200.0,17500.0,0.0726
APP-021471,2026-09-02,Broker,BRK-093,VIC,3578,Sole trader,59929669139,129,Hospitality,972,Car / SUV,Petrol,New,0,72100.0,60,2026,2026 Mazda CX-5,73800.0,0.0,0.069
APP-021472,2026-09-02,Broker,BRK-049,QLD,4310,Sole trader,64717852207,39,Professional services,649,Car / SUV,Electric,New,0,49700.0,36,2026,2026 Tesla Model Y,48300.0,51900.0,0.0817
APP-021473,2026-09-02,Dealer,BRK-001,VIC,3561,Sole trader,51995402035,7,Construction & trades,831,Earthmoving equipment,Diesel,Used,6,27600.0,60,2020,2020 CAT 305 mini excavator,28700.0,0.0,0.0966
APP-021474,2026-09-02,Broker,BRK-015,NSW,2810,Company,41429762163,75,Retail trade,873,Car / SUV,Electric,Used,2,52200.0,48,2024,2024 BYD Atto 3,54100.0,4300.0,0.0748
APP-021475,2026-09-02,Broker,BRK-005,NSW,2181,Company,34249665441,37,Health care,781,Other equipment,LPG,Used,6,6500.0,36,2020,2020 Toyota 8FG25 forklift,6600.0,0.0,0.0784
APP-021476,2026-09-02,Broker,BRK-001,VIC,3420,Company,94823015969,67,Retail trade,752,Other equipment,None,New,0,109800.0,24,2026,2026 Dental chair,110200.0,0.0,0.0725
APP-021477,2026-09-02,Broker,BRK-039,NSW,2472,Trust,72549798146,43,Construction & trades,620,Ute / van,Diesel,Used,1,54300.0,60,2025,2025 Mitsubishi Triton,54700.0,0.0,0.0843
APP-021478,2026-09-02,Broker,BRK-021,NSW,2866,Company,21255247869,28,Transport & logistics,1160,Truck,Diesel,New,0,89700.0,60,2026,2026 Isuzu NPR 45-155,85300.0,0.0,0.069
APP-021479,2026-09-02,Broker,BRK-001,SA,5204,Sole trader,11849446777,30,Hospitality,876,Ute / van,Diesel,New,0,49100.0,60,2026,2026 Mitsubishi Triton,49300.0,15600.0,0.069
APP-021480,2026-09-02,Broker,BRK-035,QLD,4007,Sole trader,85108289560,247,Agriculture,707,Agricultural machinery,Diesel,Used,4,46800.0,65,2022,2022 Case IH Farmall tractor,47100.0,2400.0,0.0906
APP-021481,2026-09-02,Broker,BRK-003,TAS,7284,Company,11366335626,182,Other services,668,Other equipment,None,New,0,99000.0,36,2026,2026 CNC router,96600.0,0.0,0.0725
APP-021482,2026-09-02,Broker,BRK-121,QLD,4701,Company,40547989558,31,Professional services,436,Car / SUV,Petrol,New,0,71600.0,48,2026,2026 Hyundai Tucson,74200.0,23500.0,0.0971
APP-021483,2026-09-02,Broker,BRK-048,QLD,4754,Sole trader,43216253640,28,Retail trade,556,Car / SUV,Petrol,Used,9,15200.0,36,2017,2017 Hyundai Tucson,14100.0,0.0,0.1009
APP-021484,2026-09-02,Broker,BRK-001,VIC,3010,Partnership,58125941693,76,Health care,689,Car / SUV,Hybrid,New,0,69400.0,60,2026,2026 Toyota Camry Hybrid,64300.0,6900.0,0.0699
APP-021485,2026-09-02,Broker,BRK-096,QLD,4778,Trust,15270254281,34,Construction & trades,981,Truck,Diesel,New,0,292000.0,72,2026,2026 uso Canter,269300.0,0.0,0.069
APP-021486,2026-09-02,Broker,BRK-001,NSW,2852,Sole trader,73908352399,95,Other services,654,Car / SUV,Petrol,New,0,66500.0,60,2026,2026 Kia Sportage,66900.0,13100.0,0.0766
APP-021487,2026-09-02,Broker,BRK-001,QLD,4849,Sole trader,64842545826,118,Transport & logistics,768,Truck,Diesel,Used,7,114400.0,60,2019,2019 Fuso Canter,117900.0,24100.0,0.0787
APP-021488,2026-09-02,Dealer,BRK-011,QLD,4659,Company,38089962856,172,Retail trade,708,Car / SUV,Hybrid,New,0,48100.0,48,2026,2026 Toyota RAV4 Hybrid,40000.0,0.0,0.0858
APP-021489,2026-09-02,Broker,BRK-002,VIC,3922,Sole trader,95671078313,16,Construction & trades,785,Earthmoving equipment,Diesel,New,0,168100.0,60,2026,2026 Kubota KX040 excavator,165400.0,0.0,0.0818
APP-021490,2026-09-03,Broker,BRK-078,QLD,4118,Sole trader,93852386349,242,Agriculture,502,Agricultural machinery,Diesel,Used,7,64900.0,60,2019,2019 Case IH Farmall tractor,66500.0,0.0,0.1016
APP-021491,2026-09-03,Dealer,BRK-124,WA,6074,Company,,107,Transport & logistics,913,Trailer,None,New,0,33100.0,36,2026,2026 Tandem box trailer,33300.0,0.0,0.069
APP-021492,2026-09-03,Broker,BRK-068,VIC,3461,Company,31364211761,11,Agriculture,659,Ute / van,Diesel,New,0,72700.0,36,2026,2026 Toyota HiLux SR5,73300.0,0.0,0.0963
APP-021493,2026-09-03,Broker,BRK-009,VIC,3011,Sole trader,58831570062,86,Construction & trades,655,Earthmoving equipment,Diesel,New,0,210100.0,48,2026,2026 Bobcat S650 skid steer,217200.0,26300.0,0.0828
APP-021494,2026-09-03,Broker,BRK-006,NSW,2722,Trust,44187860493,209,Agriculture,1043,Ute / van,Plug-in hybrid,New,0,53500.0,36,2026,2026 BYD Shark 6,42800.0,10700.0,0.069
APP-021495,2026-09-03,Broker,BRK-008,WA,6272,Partnership,55467013488,6,Hospitality,572,Car / SUV,Electric,Used,8,13700.0,48,2018,2018 MG ZS EV,14100.0,2500.0,0.1154
APP-021496,2026-09-03,Broker,BRK-001,TAS,7203,Company,36358894349,132,Professional services,736,Other equipment,None,New,0,81600.0,60,2026,2026 Espresso mahine,65700.0,2200.0,0.0724
APP-021497,2026-09-03,Broker,BRK-108,WA,6789,Company,75756390749,102,Agriculture,583,Agricultural machinery,Diesel,New,0,183400.0,72,2026,2026 John Deere 6120M tractor,189000.0,0.0,0.0813
APP-021498,2026-09-03,Broker,BRK-004,QLD,4411,Company,32199949063,205,Wholesale trade,1107,Ute / van,Diesel,Used,5,38200.0,48,2021,2021 Toyota HiAce,36800.0,0.0,0.069
APP-021499,2026-09-03,Broker,BRK-004,WA,6688,Sole trader,57692172945,155,Other services,755,Car / SUV,Electric,Used,4,28200.0,36,2022,2022 BYD Atto 3,29300.0,0.0,0.0871
APP-021500,2026-09-03,Dealer,BRK-052,QLD,4166,Sole trader,60782026129,70,Mining,559,Ute / van,Diesel,Used,1,68900.0,48,2025,2025 Isuzu D-Max,67600.0,0.0,0.0911
APP-021501,2026-09-03,Broker,BRK-034,NSW,2462,Company,86637749910,24,Other,797,Car / SUV,Electric,Used,7,19100.0,36,2019,2019 MG ZS EV,18400.0,2800.0,0.0818
APP-021502,2026-09-04,Dealer,BRK-131,NSW,2803,Company,12163503002,151,Retail trade,618,Car / SUV,Petrol,Used,2,29000.0,36,2024,2024 Kia Sportage,28000.0,0.0,0.1003
APP-021503,2026-09-04,Dealer,BRK-141,WA,6281,Sole trader,23423503309,52,Construction & trades,546,Trailer,None,New,0,28800.0,24,2026,2026 Flat top trailer,26000.0,1500.0,0.0936
APP-021504,2026-09-04,Broker,BRK-012,WA,6314,Sole trader,80640274895,28,Construction & trades,816,Truck,Diesel,New,0,136100.0,48,2026,2026 Kenworth T610,125800.0,0.0,0.069
APP-021505,2026-09-04,Broker,BRK-114,NSW,2421,Company,71000424411,45,Retail trade,667,Ute / van,Diesel,Used,6,33000.0,48,2020,2020 Ford Ranger XLT,33500.0,13000.0,0.0867
APP-021506,2026-09-04,Broker,BRK-129,NSW,2715,Company,57625128575,11,Manufacturing,706,Ute / van,Plug-in hybrid,Used,3,41400.0,48,2023,2023 BYD Shark 6,41800.0,0.0,0.09
APP-021507,2026-09-04,Dealer,BRK-090,TAS,7538,Company,11832698300,31,Agriculture,580,Agricultural machinery,Diesel,Used,5,106900.0,48,2021,2021 New Holland T6 tractor,98600.0,0.0,0.0959
APP-021508,2026-09-04,Broker,BRK-119,QLD,4570,Sole trader,52456464488,44,Transport & logistics,513,Truck,Diesel,Used,5,178200.0,84,2021,2021 Fuso Canter,174500.0,24700.0,0.0907
APP-021509,2026-09-04,Broker,BRK-031,QLD,4232,Company,67932225152,28,Transport & logistics,795,Truck,Diesel,Used,7,123600.0,72,2019,2019 Hino 300 Series,117900.0,21500.0,0.0729
APP-021510,2026-09-04,Broker,BRK-002,NSW,2118,Company,83410445174,61,Construction & trades,757,Truck,Diesel,Used,8,34100.0,84,2018,2018 Isuzu NPR 45-155,33100.0,7200.0,0.0719
APP-021511,2026-09-04,Broker,BRK-092,VIC,3332,Company,79776279405,313,Construction & trades,795,Ute / van,Diesel,Used,5,27300.0,60,2021,2021 Isuzu D-Max,27700.0,0.0,0.0852
APP-021512,2026-09-04,Dealer,BRK-006,VIC,3316,Company,85881229085,67,Professional services,399,Car / SUV,Petrol,Used,2,50900.0,36,2024,2024 Kia Sportage,51000.0,0.0,0.1119
APP-021513,2026-09-04,Broker,BRK-116,NSW,2421,Trust,65093674711,392,Agriculture,326,Trailer,None,Used,6,13800.0,48,2020,2020 Tandem box trailer,13400.0,0.0,0.1231
APP-021514,2026-09-04,Dealer,BRK-021,VIC,3315,Trust,31632986738,53,Other services,795,Car / SUV,Electric,New,0,61400.0,36,2026,2026 BYD Atto 3,56500.0,0.0,0.0707
APP-021515,2026-09-04,Broker,BRK-018,WA,6451,Sole trader,44485740602,95,Transport & logistics,831,Ute / van,Diesel,New,0,65300.0,48,2026,2026 Toyota HiAce,66800.0,13100.0,0.0722
APP-021516,2026-09-04,Broker,BRK-082,NSW,2258,Trust,14430640297,195,Construction & trades,507,Ute / van,Diesel,Used,7,25500.0,60,2019,2019 Ford Ranger XLT,26000.0,10000.0,0.1071
APP-021517,2026-09-04,Dealer,BRK-011,QLD,4302,Company,37935660292,23,Professional services,600,Car / SUV,Petrol,New,0,39100.0,36,2026,2026 Hyundai Tucson,39300.0,3300.0,0.1018
APP-021518,2026-09-04,Dealer,BRK-001,VIC,3829,Trust,21789346216,59,Construction & trades,920,Trailer,None,Used,8,20500.0,60,2018,2018 Tipper trailer,19100.0,0.0,0.0757
APP-021519,2026-09-04,Broker,BRK-068,VIC,3971,Sole trader,22187450248,103,Other,730,Other equipment,None,Used,10,6000.0,36,2016,2016 CNC router,6200.0,500.0,0.0882
APP-021520,2026-09-04,Dealer,BRK-006,SA,5137,Company,30232048397,29,Construction & trades,1040,Truck,Diesel,Used,9,83900.0,48,2017,2017 Kenworth T610,68800.0,12900.0,0.069
APP-021521,2026-09-04,Broker,BRK-087,QLD,4186,Trust,43365706308,67,Transport & logistics,885,Trailer,None,New,0,22400.0,36,2026,2026 Flat top trailer,22500.0,600.0,0.072
APP-021522,2026-09-05,Dealer,BRK-112,QLD,4917,Company,75113958656,30,Agriculture,634,Ute / van,Diesel,Used,7,21500.0,48,2019,2019 Toyota HiAce,22000.0,5700.0,0.095
APP-021523,2026-09-05,Dealer,BRK-011,VIC,3387,Company,81775354545,144,Manufacturing,749,Ute / van,Plug-in hybrid,New,0,78600.0,60,2026,2026 BYD Shark 6,71400.0,12200.0,0.0795
APP-021524,2026-09-05,Broker,BRK-043,SA,5639,Sole trader,84500125009,283,Manufacturing,516,Other equipment,None,Used,8,9000.0,36,2018,2018 Dental chair,8600.0,0.0,0.1127
APP-021525,2026-09-05,Broker,BRK-001,SA,5548,Sole trader,33540295882,80,Transport & logistics,830,Truck,Diesel,Used,7,131200.0,84,2019,2019 Hino 300 Series,124800.0,0.0,0.0753
APP-021526,2026-09-05,Broker,BRK-071,QLD,4936,Company,31338682154,37,Retail trade,592,Car / SUV,Petrol,Used,4,29200.0,48,2022,2022 Mazda CX-5,29800.0,9100.0,0.1055
APP-021527,2026-09-05,Broker,BRK-016,VIC,3269,Company,96268707340,289,Wholesale trade,557,Truck,Diesel,New,0,193100.0,84,2026,2026 Hino 300 Series,180700.0,0.0,0.0929
APP-021528,2026-09-05,Broker,BRK-005,ACT,2910,Sole trader,83216987026,75,Admin & support services,475,Ute / van,Diesel,Used,3,44700.0,48,2023,2023 Ford Ranger XLT,46200.0,3500.0,0.1002
APP-021529,2026-09-05,Broker,BRK-097,NSW,2821,Sole trader,25658670737,73,Wholesale trade,581,Truck,Diesel,Used,10,82800.0,60,2016,2016 Volvo FH,81900.0,8000.0,0.0945
APP-021530,2026-09-05,Broker,BRK-012,WA,6612,Sole trader,11456546633,41,Other,737,Ute / van,Diesel,New,0,68500.0,36,2026,2026 Toyota HiAce,69100.0,0.0,0.0695
APP-021531,2026-09-05,Broker,BRK-080,NSW,2681,Sole trader,33736965648,84,Hospitality,583,Other equipment,None,New,0,118300.0,36,2026,2026 CNC router,108200.0,4900.0,0.0882
APP-021532,2026-09-05,Broker,BRK-013,VIC,3541,Company,28205480934,71,Transport & logistics,875,Truck,Diesel,New,0,247900.0,84,2026,2026 Fuso Canter,257100.0,1200.0,0.069
APP-021533,2026-09-05,Broker,BRK-127,NSW,2437,Sole trader,46057898400,32,Other,794,Ute / van,Diesel,New,0,66000.0,60,2026,2026 Toyota HiAce,60700.0,7200.0,0.07
APP-021534,2026-09-05,Broker,BRK-043,VIC,3752,Company,79128460850,49,Construction & trades,990,Ute / van,Diesel,New,0,60900.0,48,2026,2026 Ford Transit Cstom,61600.0,21600.0,0.069
APP-021535,2026-09-05,Broker,BRK-042,NSW,2811,Trust,85607733627,32,Manufacturing,573,Other equipment,None,Used,3,28800.0,48,2023,2023 Commercial kitchen fit-out,29300.0,100.0,0.1072
APP-021536,2026-09-05,Broker,BRK-002,VIC,3348,Trust,28482444418,49,Construction & trades,823,Ute / van,Plug-in hybrid,New,0,50500.0,36,2026,2026 BYD Shark 6,49300.0,3600.0,0.07
APP-021537,2026-09-05,Dealer,BRK-059,VIC,3430,Company,84126726333,59,Construction & trades,930,Ute / van,Diesel,Used,9,15200.0,36,2017,2017 Isuzu D-Max,15600.0,0.0,0.0747
APP-021538,2026-09-05,Broker,BRK-021,TAS,7366,Sole trader,,125,Manufacturing,783,Truck,Diesel,Used,9,67900.0,60,2017,2017 Kenworth T610,68000.0,8100.0,0.0771
APP-021539,2026-09-05,Broker,BRK-052,NSW,2519,Company,32219577210,140,Construction & trades,813,Ute / van,Diesel,Used,4,37700.0,48,2022,2022 Mitsubishi Triton,36400.0,0.0,0.0725
APP-021540,2026-09-05,Dealer,BRK-094,VIC,3335,Trust,30391691633,62,Construction & trades,887,Ute / van,Diesel,New,0,42900.0,60,2026,2026 Toyota HiAce,43300.0,12200.0,0.069
APP-021541,2026-09-05,Broker,BRK-049,NSW,2782,Sole trader,81400413272,52,Construction & trades,459,Truck,Diesel,Used,8,30600.0,72,2018,2018 Fuso Canter,29400.0,5400.0,0.1206
APP-021542,2026-09-05,Broker,BRK-019,VIC,3017,Company,21566677124,57,Transport & logistics,758,Truck,Diesel,New,0,100400.0,48,2026,2026 Isuzu NPR 45-155,102000.0,0.0,0.069
APP-021543,2026-09-05,Broker,BRK-089,NSW,2538,Company,28835858661,186,Admin & support services,805,Ute / van,Diesel,New,0,66500.0,60,2026,2026 Toyota HiLux SR5,53300.0,0.0,0.0722
APP-021544,2026-09-06,Broker,BRK-057,NSW,2732,Company,86943258765,99,Retail trade,396,Other equipment,None,New,0,10800.0,48,2026,2026 Dental chair,10600.0,0.0,0.1088
APP-021545,2026-09-06,Broker,BRK-063,QLD,4444,Sole trader,50855151405,88,Mining,755,Truck,Diesel,New,0,103400.0,72,2026,2026 Volvo FH,104500.0,0.0,0.0703
APP-021546,2026-09-06,Broker,BRK-111,NSW,2785,Partnership,97333034801,43,Transport & logistics,791,Other equipment,None,Used,9,9800.0,24,2017,2017 Espresso machine,8900.0,0.0,0.0886
APP-021547,2026-09-06,Broker,BRK-002,VIC,3342,Trust,78209296679,74,Transport & logistics,660,Ute / van,Plug-in hybrid,Used,6,25800.0,60,2020,2020 BYD Shark 6,26100.0,8600.0,0.095
APP-021548,2026-09-06,Dealer,BRK-019,NSW,2767,Sole trader,75812267799,55,Construction & trades,462,Ute / van,Diesel,New,0,46700.0,48,2026,2026 Ford Ranger XLT,48000.0,0.0,0.0952
APP-021549,2026-09-06,Broker,BRK-002,QLD,4125,Sole trader,94107994749,438,Retail trade,848,Car / SUV,Electric,New,0,52700.0,36,2026,2026 BYD Atto 3,53600.0,12700.0,0.069
APP-021550,2026-09-06,Dealer,BRK-060,NSW,2121,Sole trader,14221948312,115,Wholesale trade,830,Ute / van,Diesel,New,0,62100.0,36,2026,2026 Mitsubishi Triton,64300.0,0.0,0.069
APP-021551,2026-09-06,Broker,BRK-013,QLD,4068,Company,58621013170,104,Professional services,800,Car / SUV,Petrol,Used,2,37900.0,60,2024,2024 Mazda X-5,37200.0,0.0,0.0722
APP-021552,2026-09-06,Broker,BRK-053,NSW,2729,Company,52419571953,59,Construction & trades,451,Truck,Diesel,Used,9,24600.0,60,2017,2017 Fuso Canter,24000.0,0.0,0.117
APP-021553,2026-09-06,Broker,BRK-002,QLD,4804,Sole trader,58534940269,43,Construction & trades,551,Earthmoving equipment,Diesel,Used,10,45200.0,36,2016,2016 Kubota KX040 excavator,36900.0,4200.0,0.0966
APP-021554,2026-09-06,Broker,BRK-034,NSW,2095,Sole trader,41180971462,89,Manufacturing,637,Ute / van,Diesel,Used,3,36900.0,48,2023,2023 Mitsubishi Triton,35200.0,2700.0,0.0907
APP-021555,2026-09-06,Broker,BRK-002,VIC,3598,Company,73547885573,31,Agriculture,693,Trailer,None,Used,2,48100.0,36,2024,2024 Tipper trailer,44400.0,2200.0,0.0865
APP-021556,2026-09-06,Dealer,BRK-009,QLD,4218,Sole trader,51906408204,131,Retail trade,679,Other equipment,None,New,0,18000.0,36,2026,2026 Commercial kitchen fit-out,16600.0,0.0,0.0906
APP-021557,2026-09-06,Broker,BRK-023,QLD,4959,Company,42122327121,43,Professional services,573,Car / SUV,Petrol,New,0,73500.0,48,2026,2026 Hyundai Tucson,68500.0,22900.0,0.0903
APP-021558,2026-09-06,Broker,BRK-047,NSW,2467,Company,90104690574,98,Hospitality,746,Other equipment,None,Used,10,4700.0,24,2016,2016 Dental chair,4800.0,0.0,0.0914
APP-021559,2026-09-06,Broker,BRK-019,VIC,3205,Sole trader,23983685987,37,Health care,650,Other equipment,None,New,0,87100.0,60,2026,2026 Commercial kitchen fit-out,87600.0,0.0,0.0755
APP-021560,2026-09-06,Broker,BRK-055,VIC,3912,Sole trader,37361596017,83,Other services,603,Other equipment,None,New,0,77600.0,24,2026,2026 Commercial kitchen fit-out,71400.0,4700.0,0.0892
APP-021561,2026-09-06,Broker,BRK-003,NSW,2757,Sole trader,60442098099,93,Construction & trades,576,Ute / van,Diesel,New,0,63600.0,60,2026,2026 Ford Ranger XLT,51600.0,0.0,0.089
APP-021562,2026-09-06,Broker,BRK-038,VIC,3294,Company,28745923783,293,Professional services,941,Car / SUV,Petrol,New,0,58900.0,48,2026,2026 Hyundai Tucson,53200.0,4900.0,0.069
APP-021563,2026-09-06,Dealer,BRK-010,ACT,2609,Sole trader,86628149395,15,Health care,602,Car / SUV,Electric,Used,2,33600.0,60,2024,2024 BYD Atto 3,31300.0,9500.0,0.1028
APP-021564,2026-09-07,Broker,BRK-002,VIC,3244,Trust,43010765490,95,Admin & support services,767,Car / SUV,Electric,Used,8,13300.0,48,2018,2018 BYD Atto 3,12200.0,600.0,0.0904
APP-021565,2026-09-07,Dealer,BRK-089,VIC,3412,Company,92064107931,173,Transport & logistics,726,Truck,Diesel,Used,2,254100.0,72,2024,2024 Isuzu NPR 45-155,255700.0,68200.0,0.078
APP-021566,2026-09-07,Broker,BRK-139,VIC,3481,Company,47518054193,55,Transport & logistics,694,Ute / van,Diesel,New,0,58000.0,60,2026,2026 Ford Ranger XLT,56100.0,2000.0,0.0799
APP-021567,2026-09-07,Broker,BRK-004,QLD,4144,Company,91532554578,54,Wholesale trade,642,Car / SUV,Electric,Used,9,13600.0,36,2017,2017 MG ZS EV,12600.0,4200.0,0.0971
APP-021568,2026-09-07,Broker,BRK-002,NSW,2109,Company,60686173375,212,Retail trade,620,Other equipment,None,Used,8,32300.0,60,2018,2018 Commercial kitchen fit-out,29900.0,0.0,0.1037
APP-021569,2026-09-07,Broker,BRK-063,VIC,3460,Sole trader,25441544086,31,Retail trade,844,Ute / van,Plug-in hybrid,Used,3,31400.0,60,2023,2023 BYD Shark 6,31700.0,11000.0,0.0698
APP-021570,2026-09-07,Broker,BRK-146,NSW,2863,Company,15492499548,176,Professional services,836,Other equipment,LPG,Used,10,11100.0,60,2016,2016 Toyota 8FG25 forklift,11500.0,600.0,0.087
APP-021571,2026-09-07,Broker,BRK-012,QLD,4204,Sole trader,11578663583,60,Manufacturing,698,Ute / van,Diesel,New,0,66100.0,48,2026,2026 Toyota HiAce,64600.0,17600.0,0.0719
APP-021572,2026-09-07,Broker,BRK-070,SA,6500,Sole trader,37225405754,36,Other services,871,Car / SUV,Petrol,New,0,43600.0,60,2026,2026 Kia Sportage,43800.0,0.0,0.069
APP-021573,2026-09-07,Dealer,BRK-002,NSW,2678,Partnership,56205294312,89,Other services,785,Ute / van,Diesel,New,0,65900.0,48,2026,2026 Mitsubishi Triton,67700.0,0.0,0.0763
APP-021574,2026-09-07,Dealer,BRK-004,VIC,3514,Company,14093908944,113,Manufacturing,640,Other equipment,LPG,New,0,82700.0,24,2026,2026 Toyota 8FG25 forklift,76400.0,0.0,0.0851
APP-021575,2026-09-07,Broker,BRK-002,NSW,2729,Partnership,76199409719,11,Transport & logistics,856,Truck,Diesel,Used,3,57400.0,84,2023,2023 Fuso Canter,58600.0,2600.0,0.0834
APP-021576,2026-09-07,Broker,BRK-042,VIC,3603,Sole trader,62702431709,156,Wholesale trade,796,Ute / van,Diesel,Used,6,21800.0,60,2020,2020 Ford Transit Custom,22400.0,1100.0,0.087
APP-021577,2026-09-07,Broker,BRK-029,VIC,3897,Sole trader,66115589556,141,Construction & trades,720,Ute / van,Plug-in hybrid,Used,1,60400.0,60,2025,2025 BYD Shark 6,56100.0,0.0,0.0823
APP-021578,2026-09-07,Broker,BRK-041,QLD,4367,Sole trader,47052875243,137,Transport & logistics,669,Ute / van,Plug-in hybrid,Used,4,28400.0,36,2022,2022 BYD Shark 6,23200.0,6600.0,0.0996
APP-021579,2026-09-07,Broker,BRK-002,VIC,3151,Company,34451499205,150,Construction & trades,561,Car / SUV,Electric,Used,10,14300.0,60,2016,2016 BYD Atto 3,14400.0,4100.0,0.1008
APP-021580,2026-09-07,Broker,BRK-001,VIC,3202,Sole trader,23645015651,185,Admin & support services,843,Ute / van,Diesel,New,0,60900.0,36,2026,2026 Toyota HiLux SR5,62700.0,0.0,0.0699
APP-021581,2026-09-07,Broker,BRK-023,NSW,2257,Sole trader,55227640139,45,Retail trade,476,Ute / van,Diesel,New,0,66800.0,60,2026,2026 Isuzu D-Max,54700.0,0.0,0.0907
APP-021582,2026-09-07,Broker,BRK-022,NSW,2846,Trust,56163856111,480,Manufacturing,813,Truck,Diesel,Used,10,41600.0,48,2016,2016 Kenworth T610,37800.0,0.0,0.0752
APP-021583,2026-09-07,Dealer,BRK-013,WA,6166,Trust,64247994966,33,Manufacturing,494,Truck,Diesel,Used,2,104600.0,72,2024,2024 Hino 300 Series,106100.0,0.0,0.098
APP-021584,2026-09-08,Broker,BRK-045,WA,6782,Company,35290295466,48,Retail trade,811,Ute / van,Plug-in hybrid,New,0,65400.0,60,2026,2026 BYD Shark 6,67200.0,4600.0,0.069
APP-021585,2026-09-08,Broker,BRK-013,NSW,2158,Company,58805181801,46,Construction & trades,882,Truck,Diesel,New,0,89400.0,60,2026,2026 Isuzu NPR 45-155,82600.0,1100.0,0.069
APP-021586,2026-09-08,Broker,BRK-090,WA,6103,Sole trader,78684651790,32,Construction & trades,682,Ute / van,Plug-in hybrid,Used,8,20200.0,36,2018,2018 BYD Shark 6,20900.0,0.0,0.0954
APP-021587,2026-09-08,Broker,BRK-067,TAS,7644,Sole trader,50547914916,246,Construction & trades,447,Trailer,None,New,0,48200.0,48,2026,2026 Flat top trailer,49400.0,1000.0,0.0857
APP-021588,2026-09-08,Broker,BRK-008,QLD,4870,Trust,23649506296,62,Hospitality,851,Car / SUV,Hybrid,New,0,68100.0,48,2026,2026 Toyota Camry Hybrid,63100.0,16900.0,0.069
APP-021589,2026-09-08,Broker,BRK-104,VIC,3038,Company,32448523175,111,Construction & trades,807,Car / SUV,Hybrid,New,0,46400.0,48,2026,2026 Toyota RAV4 Hybrid,42300.0,0.0,0.069
APP-021590,2026-09-08,Broker,BRK-018,NSW,2830,Trust,75403249433,140,Professional services,854,Other equipment,None,Used,7,25200.0,24,2019,2019 CNC router,24500.0,0.0,0.0861
APP-021591,2026-09-08,Broker,BRK-016,WA,6776,Company,97060706579,28,Health care,252,Car / SUV,Hybrid,Used,7,13500.0,36,2019,2019 Toyota RAV4 Hybrid,13500.0,0.0,0.1299
APP-021592,2026-09-08,Broker,BRK-053,VIC,3842,Company,36603049350,69,Health care,743,Other equipment,None,Used,1,29000.0,48,2025,2025 CNC router,29700.0,0.0,0.0905
APP-021593,2026-09-08,Broker,BRK-130,NSW,2183,Company,21629356501,169,Construction & trades,571,Ute / van,Plug-in hybrid,Used,6,21000.0,36,2020,2020 BYD Shark 6,19600.0,900.0,0.1002
APP-021594,2026-09-08,Broker,BRK-001,QLD,4977,Sole trader,45553622915,122,Construction & trades,889,Car / SUV,Petrol,New,0,44400.0,36,2019,2019 Hyundai Tucson,44600.0,700.0,0.069
APP-021595,2026-09-08,Dealer,BRK-003,SA,5564,Company,46245687395,65,Construction & trades,682,Truck,Diesel,New,0,176200.0,60,2026,2026 Kenworth T610,180600.0,0.0,0.0803
APP-021596,2026-09-08,Broker,BRK-074,WA,6207,Company,97909321435,59,Other services,941,Car / SUV,Electric,New,0,43100.0,60,2026,2026 MG ZS EV,35800.0,4400.0,0.069
APP-021597,2026-09-08,Broker,BRK-014,WA,6768,Trust,33875397688,48,Construction & trades,657,Trailer,None,Used,3,8900.0,24,2023,2023 Flat top trailer,8800.0,0.0,0.0991
APP-021598,2026-09-08,Broker,BRK-091,NSW,2398,Company,12783236702,57,Transport & logistics,791,Truck,Diesel,Used,3,121800.0,72,2023,2023 Volvo FH,115800.0,0.0,0.0794
APP-021599,2026-09-08,Broker,BRK-008,QLD,4496,Company,72045103222,120,Transport & logistics,863,Other equipment,LPG,New,0,15100.0,24,2026,2026 Toyota 8FG25 forklift,15100.0,1100.0,0.0822
APP-021600,2026-09-08,Dealer,BRK-138,SA,5474,Company,83425861370,24,Admin & support services,689,Car / SUV,Petrol,New,0,69100.0,36,2026,2026 Kia Sportage,71000.0,600.0,0.077
APP-021601,2026-09-08,Broker,BRK-003,WA,6378,Sole trader,61824496426,74,Construction & trades,802,Ute / van,Diesel,New,0,48400.0,36,2026,2026 Ford Ranger XLT,48600.0,11700.0,0.073
APP-021602,2026-09-09,Broker,BRK-126,QLD,4082,Sole trader,67332261758,85,Manufacturing,502,Ute / van,Diesel,New,0,43500.0,36,2026,2026 Toyota HiLux SR5,44900.0,0.0,0.0927
APP-021603,2026-09-09,Broker,BRK-070,VIC,3580,Company,70460052821,15,Construction & trades,677,Earthmoving equipment,Diesel,Used,4,32900.0,36,2022,2022 Bobcat S650 skid steer,33600.0,3500.0,0.0944
APP-021604,2026-09-09,Broker,BRK-138,WA,6173,Company,44396204730,39,Manufacturing,841,Ute / van,Diesel,New,0,62000.0,36,2026,2026 Ford Transit Custom,62100.0,0.0,0.069
APP-021605,2026-09-09,Dealer,BRK-002,VIC,3064,Company,49063535278,62,Manufacturing,876,Other equipment,None,New,0,51500.0,24,2026,2026 Commercial kitchen fit-out,48000.0,0.0,0.069
APP-021606,2026-09-09,Broker,BRK-009,NSW,2518,Sole trader,94083626003,75,Wholesale trade,784,Ute / van,Plug-in hybrid,New,0,79100.0,36,2026,2026 BYD Shark 6,71400.0,10600.0,0.0725
APP-021607,2026-09-09,Broker,BRK-003,VIC,3165,Company,75378009207,195,Other services,625,Ute / van,Diesel,Used,7,29200.0,36,2019,2019 Toyota HiAce,29600.0,0.0,0.0967
APP-021608,2026-09-09,Dealer,BRK-082,WA,6566,Trust,53187804109,198,Construction & trades,812,Ute / van,Diesel,New,0,59600.0,36,2026,2026 Toyota HiLux SR5,55200.0,16100.0,0.0724
APP-021609,2026-09-09,Broker,BRK-005,NSW,2345,Company,49954397859,75,Other services,671,Ute / van,Diesel,Used,6,31300.0,60,2020,2020 For Ranger XLT,31500.0,0.0,0.0832
APP-021610,2026-09-09,Broker,BRK-022,VIC,3880,Sole trader,98746401468,19,Health care,761,Car / SUV,Hybrid,Used,7,20400.0,36,2019,2019 Toyota Camry Hybrid,20900.0,0.0,0.1045
APP-021611,2026-09-09,Broker,BRK-003,WA,6310,Sole trader,79324043040,12,Professional services,840,Car / SUV,Petrol,New,0,38100.0,48,2026,2026 Hyundai Tucson,38500.0,0.0,0.0774
APP-021612,2026-09-09,Broker,BRK-050,VIC,3195,Company,65148332404,480,Construction & trades,868,Car / SUV,Petrol,Used,6,26900.0,60,2020,2020 Kia Sportage,26300.0,3900.0,0.0793
APP-021613,2026-09-09,Broker,BRK-058,VIC,3331,Trust,43735187333,76,Wholesale trade,682,Ute / van,Diesel,New,0,44700.0,48,2026,2026 Toyota HiLux SR5,40800.0,0.0,0.0827
APP-021614,2026-09-09,Broker,BRK-002,QLD,4863,Sole trader,96374477091,36,Agriculture,707,Agricultural machinery,Diesel,Used,5,179000.0,48,2021,2021 New Holland T6 tractor,163800.0,12700.0,0.0852
APP-021615,2026-09-09,Broker,BRK-046,QLD,4906,Trust,39304185391,23,Retail trade,521,Ute / van,Diesel,Used,5,21800.0,36,2021,2021 Isuzu D-Max,22400.0,200.0,0.1174
APP-021616,2026-09-09,Broker,BRK-002,VIC,3937,Sole trader,13244280132,35,Construction & trades,840,Ute / van,Diesel,New,0,46000.0,60,2026,2026 Ford Ranger XLT,46600.0,600.0,0.069
APP-021617,2026-09-09,Broker,BRK-129,NSW,2249,Company,93939301440,29,Other services,403,Car / SUV,Petrol,New,0,53500.0,60,2026,2026 Hyundai Tucson,89700.0,14000.0,0.1107
APP-021618,2026-09-09,Broker,BRK-099,SA,5279,Company,33122826364,70,Construction & trades,670,Earthmoving equipment,Diesel,Used,8,46800.0,36,2018,2018 Kubota KX040 excavator,44700.0,1900.0,0.0808
APP-021619,2026-09-10,Broker,BRK-003,NSW,2151,Company,31540223503,50,Transport & logistics,764,Truck,Diesel,New,0,277600.0,60,2026,2026 Volvo FH,286000.0,44600.0,0.0724
APP-021620,2026-09-10,Broker,BRK-008,QLD,4799,Company,18015427176,61,Transport & logistics,641,Trailer,None,Used,10,19000.0,36,2016,2016 Tipper trailer,19600.0,0.0,0.0999
APP-021621,2026-09-10,Broker,BRK-031,QLD,4044,Sole trader,35572040607,8,Manufacturing,681,Car / SUV,Hybrid,New,0,50300.0,48,2026,2026 Toyota Camry Hybrid,41500.0,16900.0,0.0887
APP-021622,2026-09-10,Broker,BRK-075,NSW,2837,Sole trader,84834061404,94,Manufacturing,874,Ute / van,Diesel,Used,10,21200.0,36,2016,2016 Toyota HiLux SR5,20500.0,0.0,0.0799
APP-021623,2026-09-10,Broker,BRK-124,NSW,2342,Trust,65822465763,40,Health care,590,Other equipment,None,Used,6,22900.0,60,2020,2020 Dental chair,21500.0,0.0,0.1023
APP-021624,2026-09-10,Broker,BRK-013,VIC,3337,Partnership,19296747612,14,Admin & support services,625,Ute / van,Diesel,New,0,54100.0,60,2026,2026 Ford Ranger XLT,55800.0,13700.0,0.0953
APP-021625,2026-09-10,Dealer,BRK-018,NSW,2461,Sole trader,87939184891,99,Professional services,982,Car / SUV,Hybrid,Used,3,26400.0,36,2023,2023 Toyota Camry Hybrid,26600.0,9400.0,0.0769
APP-021626,2026-09-10,Broker,BRK-002,SA,5326,Company,73621961547,150,Other services,606,Ute / van,Plug-in hybrid,New,0,75300.0,60,2026,2026 BYD Shark 6,62000.0,0.0,0.0837
APP-021627,2026-09-10,Dealer,BRK-008,WA,6004,Sole trader,78755054376,23,Transport & logistics,697,Trailer,None,New,0,18100.0,48,2026,2026 Tipper trailer,18300.0,800.0,0.0972
APP-021628,2026-09-10,Broker,BRK-146,SA,5297,Partnership,98843117768,68,Retail trade,686,Car / SUV,Hybrid,Used,9,14200.0,48,2017,2017 Toyota Camry Hybrid,13700.0,1300.0,0.09
APP-021629,2026-09-10,Broker,BRK-121,ACT,2606,Sole trader,71554533169,147,Admin & support services,594,Ute / van,Diesel,New,0,44100.0,60,2026,2026 Toyota HiLux SR5,41200.0,4800.0,0.0901
APP-021630,2026-09-10,Dealer,BRK-012,NSW,2418,Sole trader,53600548060,346,Construction & trades,509,Trailer,None,Used,9,18500.0,48,2017,2017 Flat top trailer,18600.0,0.0,0.1043
APP-021631,2026-09-10,Broker,BRK-004,QLD,4814,Company,41879909597,480,Retail trade,722,Other equipment,None,New,0,48900.0,60,2026,2026 Rooftop solar PV system,49600.0,3700.0,0.0731
APP-021632,2026-09-10,Broker,BRK-028,VIC,3899,Company,30583371572,84,Agriculture,673,Ute / van,Diesel,Used,7,20800.0,36,2019,2019 Isuzu D-Max,21000.0,1900.0,0.09
APP-021633,2026-09-10,Broker,BRK-013,NSW,2319,Trust,27080594935,102,Construction & trades,643,Truck,Diesel,Used,6,124500.0,48,2020,2020 Kenworth T610,127000.0,22000.0,0.0849
APP-021634,2026-09-10,Broker,BRK-060,VIC,3618,Sole trader,63640056648,121,Agriculture,648,Agricultural machinery,Diesel,New,0,85000.0,60,2026,2026 New Holland T6 tractor,86700.0,3500.0,0.0843
APP-021635,2026-09-10,Broker,BRK-036,NSW,2344,Company,94225728223,110,Construction & trades,910,Ute / van,Diesel,Used,8,17300.0,36,2018,2018 Toyota HiLux SR5,15800.0,1800.0,0.0782
APP-021636,2026-09-10,Broker,BRK-041,ACT,2617,Company,27515544685,42,Other services,949,Ute / van,Diesel,Used,2,38500.0,60,2024,2024 Isuzu D-Max,39000.0,0.0,0.069
APP-021637,2026-09-11,Dealer,BRK-010,WA,6589,Sole trader,67263063955,51,Manufacturing,569,Other equipment,None,Used,3,57700.0,36,2023,2023 Dental chair,59600.0,0.0,0.0964
APP-021638,2026-09-11,Broker,BRK-034,WA,6062,Company,25575314523,385,Other services,863,Car / SUV,Electric,New,0,64000.0,36,2026,2026 BYD Atto 3,65000.0,0.0,0.069
APP-021639,2026-09-11,Broker,BRK-047,NSW,2288,Company,84899276518,75,Wholesale trade,822,Truck,Diesel,New,0,75500.0,72,2026,2026 Fuso Canter,76800.0,0.0,0.0692
APP-021640,2026-09-11,Dealer,BRK-039,NSW,2536,Company,48651378707,133,Professional services,954,Car / SUV,Hybrid,Used,3,24800.0,60,2023,2023 Toyota RAV4 Hybrid,22400.0,0.0,0.0717
APP-021641,2026-09-11,Broker,BRK-048,NSW,2767,Company,39430063042,175,Admin & support services,623,Car / SUV,Electric,Used,1,44600.0,48,2025,2025 Tesla Model Y,40800.0,0.0,0.0906
APP-021642,2026-09-11,Dealer,BRK-102,WA,6258,Company,16326845001,17,Construction & trades,934,Truck,Diesel,New,0,325200.0,72,2026,2026 Volvo FH,338100.0,82500.0,0.0737
APP-021643,2026-09-11,Broker,BRK-005,QLD,4960,Company,99611529053,55,Agriculture,945,Trailer,None,New,0,32600.0,48,2026,2026 Tandem box trailer,30000.0,0.0,0.069
APP-021644,2026-09-11,Broker,BRK-002,QLD,4128,Company,34887789138,21,Transport & logistics,740,Truck,Diesel,New,0,233400.0,60,2026,2026 Kenworth T610,234700.0,0.0,0.0822
APP-021645,2026-09-11,Broker,BRK-001,NSW,2362,Company,71323239122,21,Manufacturing,749,Car / SUV,Petrol,New,0,57300.0,48,2026,2026 Kia Sportage,58800.0,15100.0,0.0889
APP-021646,2026-09-11,Dealer,BRK-049,VIC,3479,Company,91115372254,161,Transport & logistics,794,Ute / van,Plug-in hybrid,New,0,42900.0,60,2026,2026 BYD Shark 6,44600.0,0.0,0.069
APP-021647,2026-09-11,Broker,BRK-008,VIC,3187,Company,23660850627,79,Retail trade,977,Ute / van,Plug-in hybrid,Used,2,54800.0,60,2024,2024 BYD Shark 6,56800.0,0.0,0.069
APP-021648,2026-09-11,Dealer,BRK-020,TAS,7642,Company,40403035123,120,Construction & trades,459,Ute / van,Diesel,Used,8,25100.0,48,2018,2018 Isuzu D-Max,25800.0,0.0,0.1091
APP-021649,2026-09-11,Broker,BRK-001,QLD,4499,Trust,14872350065,54,Manufacturing,764,Ute / van,Diesel,Used,6,28600.0,60,2020,2020 Mitsubishi Triton,26000.0,0.0,0.0791
APP-021650,2026-09-11,Broker,BRK-117,NSW,2151,Company,39938441161,8,Wholesale trade,591,Truck,Diesel,Used,8,69700.0,60,2018,2018 Volvo FH,64600.0,7300.0,0.0997
APP-021651,2026-09-11,Broker,BRK-030,VIC,3250,Sole trader,31099461981,18,Manufacturing,783,Ute / van,Diesel,New,0,42000.0,48,2026,2026 Toyota HiLux SR5,42800.0,0.0,0.0779
APP-021652,2026-09-11,Broker,BRK-002,QLD,4905,Sole trader,70488170173,38,Retail trade,751,Car / SUV,Petrol,New,0,53700.0,48,2026,2026 Kia Sportage,49800.0,12600.0,0.0742
APP-021653,2026-09-11,Broker,BRK-012,WA,6087,Sole trader,94409071480,82,Professional services,700,Other equipment,None,Used,4,58000.0,60,2022,2022 Espresso machine,59200.0,3200.0,0.0889
APP-021654,2026-09-11,Broker,BRK-007,VIC,3357,Company,30296062649,72,Construction & trades,920,Earthmoving equipment,Diesel,New,0,124200.0,36,2026,2026 Kubota KX040 excavator,126100.0,8500.0,0.069
APP-021655,2026-09-11,Broker,BRK-094,WA,6676,Trust,52174498498,29,Manufacturing,428,Truck,Diesel,Used,8,29800.0,72,2018,2018 Fuso Canter,28400.0,5200.0,0.1223
APP-021656,2026-09-11,Broker,BRK-097,VIC,3876,Company,17988561303,480,Construction & trades,847,Ute / van,Diesel,Used,10,20300.0,36,2016,2016 Toyota HiAce,20700.0,8000.0,0.0817
APP-021657,2026-09-11,Broker,BRK-070,NSW,2306,Company,46419595896,84,Transport & logistics,695,Truck,Diesel,Used,4,174500.0,48,2022,2022 Isuzu NPR 45-155,176600.0,0.0,0.079
APP-021658,2026-09-11,Broker,BRK-011,WA,6106,Company,93244133347,125,Retail trade,736,Other equipment,None,Used,2,38300.0,60,2024,2024 Espresso machine,35200.0,0.0,0.0827
APP-021659,2026-09-11,Broker,BRK-124,ACT,2908,Sole trader,70442546334,39,Retail trade,802,Car / SUV,Hybrid,Used,1,38400.0,48,2025,2025 Toyota Camry Hybrid,38800.0,7800.0,0.0739
APP-021660,2026-09-11,Broker,BRK-005,NSW,2880,Company,21339557988,169,Admin & support services,485,Ute / van,Diesel,Used,4,27600.0,36,2022,2022 Toyota HiAce,28000.0,2200.0,0.1146
APP-021661,2026-09-11,Broker,BRK-041,QLD,4835,Company,79357684840,108,Admin & support services,653,Other equipment,None,Used,6,15000.0,60,2020,2020 Rooftop solar PV system,13800.0,0.0,0.1021
APP-021662,2026-09-11,Broker,BRK-022,VIC,3578,Company,94001620182,91,Manufacturing,561,Car / SUV,Petrol,New,0,36100.0,36,2026,2026 Mazda CX-5,34800.0,9500.0,0.0858
APP-021663,2026-09-11,Dealer,BRK-014,VIC,3196,Company,57734835758,61,Construction & trades,535,Ute / van,Diesel,Used,8,19900.0,36,2018,2018 Mitsubishi Triton,19000.0,900.0,0.1104
APP-021634-R,2026-09-11,Broker,BRK-060,VIC,3618,Sole trader,63640056648,121,Agriculture,648,Agricultural machinery,Diesel,New,0,85000.0,60,2026,2026 New Holland T6 tractor,86700.0,3500.0,0.0843
APP-021664,2026-09-12,Broker,BRK-003,SA,6414,Company,73623438938,191,Health care,733,Other equipment,None,New,0,13800.0,48,2026,2026 Rooftop solar PV system,14100.0,0.0,0.0882
APP-021665,2026-09-12,Dealer,BRK-004,SA,5714,Sole trader,47572523658,68,Construction & trades,563,Ute / van,Diesel,Used,1,41400.0,36,2025,2025 Toyota HiLux SR5,33600.0,0.0,0.0991
APP-021666,2026-09-12,Broker,BRK-079,NSW,2716,Company,84116900310,31,Agriculture,881,Ute / van,Plug-in hybrid,New,0,45900.0,48,2026,2026 BYD Shark 6,41400.0,2400.0,0.069
APP-021667,2026-09-12,Broker,BRK-043,QLD,4282,Sole trader,30076402066,317,Wholesale trade,942,Ute / van,Plug-in hybrid,New,0,59600.0,36,2026,2026 BYD Shark 6,48300.0,0.0,0.069
APP-021668,2026-09-12,Broker,BRK-119,NSW,2626,Company,72055531798,76,Mining,722,Ute / van,Diesel,Used,8,15400.0,48,2018,2018 Ford Transit Custom,15600.0,2100.0,0.091
APP-021669,2026-09-12,Broker,BRK-045,VIC,3652,Company,53825785403,145,Professional services,303,Car / SUV,Electric,Used,10,10300.0,36,2016,2016 Tesla Model Y,9400.0,0.0,0.1225
APP-021670,2026-09-12,Broker,BRK-001,WA,6285,Partnership,39804038459,35,Manufacturing,698,Car / SUV,Petrol,Used,4,34700.0,36,2022,2022 Mazda CX-5,36000.0,13300.0,0.0785
APP-021671,2026-09-12,Broker,BRK-002,NSW,2796,Sole trader,19313634998,224,Construction & trades,807,Ute / van,Diesel,Used,5,33300.0,36,2021,2021 Ford Ranger XLT,33700.0,6600.0,0.0703
APP-021672,2026-09-12,Broker,BRK-054,VIC,3293,Trust,45758144891,56,Transport & logistics,773,Ute / van,Diesel,Used,6,31800.0,60,2020,2020 Mitsubishi Triton,28900.0,0.0,0.0872
APP-021673,2026-09-12,Broker,BRK-004,SA,5714,Company,93056962742,71,Mining,552,Truck,Diesel,New,0,325700.0,72,2026,2026 Volvo FH,333300.0,41100.0,0.0887
APP-021674,2026-09-12,Broker,BRK-004,VIC,3742,Sole trader,45277586746,128,Construction & trades,713,Ute / van,Diesel,New,0,79400.0,60,2026,2026 Ford Ranger XLT,79600.0,0.0,0.076
APP-021675,2026-09-12,Broker,BRK-012,NSW,2777,Sole trader,57584834640,44,Health care,591,Other equipment,LPG,New,0,112200.0,60,2026,2026 Toyota 8FG25 forklift,115500.0,8500.0,0.0858
APP-021676,2026-09-12,Broker,BRK-059,VIC,3584,Sole trader,95776844727,67,Construction & trades,576,Ute / van,Diesel,Used,8,14800.0,60,2018,2018 Mitsubishi Triton,13400.0,1300.0,0.0984
APP-021677,2026-09-12,Broker,BRK-037,VIC,3186,Sole trader,36938772518,37,Hospitality,544,Ute / van,Diesel,Used,8,17100.0,36,2018,2018 Mitsubishi Triton,15500.0,6500.0,0.1064
APP-021678,2026-09-12,Broker,BRK-003,QLD,4720,Company,28333254190,148,Professional services,795,Car / SUV,Hybrid,Used,7,19600.0,36,2019,2019 Toyota Camry Hybrid,19900.0,0.0,0.0938
APP-021679,2026-09-12,Broker,BRK-105,VIC,3288,Sole trader,46789105774,171,Other services,901,Other equipment,None,New,0,63500.0,48,2026,2026 CNC router,65600.0,0.0,0.069
APP-021680,2026-09-12,Broker,BRK-137,NSW,2547,Sole trader,19609403448,86,Transport & logistics,962,Truck,Diesel,New,0,121700.0,48,2026,2026 Volvo FH,98200.0,0.0,0.069
APP-021681,2026-09-12,Broker,BRK-071,QLD,4888,Sole trader,16356411124,18,Professional services,631,Car / SUV,Petrol,New,0,71900.0,48,2026,2026 Kia Sportage,58100.0,3000.0,0.0908
APP-021682,2026-09-12,Dealer,BRK-003,VIC,3046,Company,24083495375,169,Health care,910,Car / SUV,Electric,New,0,62900.0,60,2026,2026 MG ZS EV,51400.0,0.0,0.069
APP-021683,2026-09-12,Broker,BRK-071,NSW,2715,Sole trader,34484414301,79,Retail trade,800,Car / SUV,Petrol,New,0,44800.0,48,2026,2026 Hyundai Tucson,46300.0,0.0,0.069
APP-021684,2026-09-13,Broker,BRK-021,WA,6423,Sole trader,67201674967,18,Professional services,569,Car / SUV,Petrol,Used,3,23100.0,65,2023,2023 Hyundai Tucson,18800.0,0.0,0.1253
APP-021685,2026-09-13,Broker,BRK-001,TAS,7697,Company,62545694873,38,Manufacturing,794,Other equipment,LPG,New,0,73700.0,48,2026,2026 Toyota 8FG25 forklift,75700.0,2700.0,0.0751
APP-021686,2026-09-13,Broker,BRK-042,TAS,7512,Sole trader,54248555997,109,Professional services,968,Car / SUV,Hybrid,New,0,40800.0,48,2026,2026 Toyota RAV4 Hybrid,37600.0,0.0,0.069
APP-021687,2026-09-13,Broker,BRK-139,QLD,4480,Company,56879096263,42,Construction & trades,901,Ute / van,Diesel,New,0,47600.0,60,2026,2026 Isuzu D-Max,48000.0,0.0,0.069
APP-021688,2026-09-13,Broker,BRK-013,NSW,2119,Company,80585556868,124,Wholesale trade,679,Ute / van,Diesel,New,0,69100.0,60,2026,2026 Isuzu D-Max,71200.0,11400.0,0.0762
APP-021689,2026-09-13,Broker,BRK-001,WA,6503,Company,32999269122,40,Construction & trades,827,Ute / van,Diesel,Used,10,18700.0,60,2016,2016 Toyota HiAce,19300.0,800.0,0.0909
APP-021690,2026-09-13,Broker,BRK-004,NSW,2071,Sole trader,42062671242,28,Agriculture,926,Truck,Diesel,Used,8,88700.0,60,2018,2018 Isuzu NPR 45-155,92200.0,26500.0,0.069
APP-021691,2026-09-13,Broker,BRK-026,QLD,4098,Company,59664785100,36,Manufacturing,622,Ute / van,Diesel,New,0,66700.0,36,2026,2026 Mitsubishi Triton,60700.0,23300.0,0.083
APP-021692,2026-09-13,Broker,BRK-070,WA,6399,Sole trader,81705579659,46,Health care,651,Car / SUV,Petrol,New,0,42000.0,60,2026,2026 Kia Sportage,43300.0,5800.0,0.0827
APP-021693,2026-09-13,Broker,BRK-003,SA,5550,Partnership,90933149454,126,Other services,850,Other equipment,None,New,0,36100.0,48,2026,2026 Rooftop solar PV system,29500.0,3100.0,0.0779
APP-021694,2026-09-13,Broker,BRK-004,VIC,3822,Trust,28193069650,165,Health care,630,Car / SUV,Petrol,Used,9,17200.0,60,2017,2017 Kia Sportage,14400.0,0.0,0.0912
APP-021695,2026-09-13,Broker,BRK-115,SA,5670,Trust,81804078694,166,Construction & trades,612,Car / SUV,Hybrid,New,0,59000.0,36,2026,2026 Toyota Camry Hybrid,59700.0,21700.0,0.0831
APP-021696,2026-09-13,Broker,BRK-099,NSW,2015,Company,15722410456,320,Retail trade,754,Other equipment,None,New,0,53700.0,24,2026,2026 Commercial kitchen fit-out,44800.0,5100.0,0.0795
APP-021697,2026-09-13,Broker,BRK-112,NSW,2087,Sole trader,95248678503,18,Manufacturing,635,Truck,Diesel,Used,2,236100.0,72,2024,2024 Hino 300 Series,244200.0,0.0,0.0927
APP-021698,2026-09-13,Broker,BRK-003,QLD,4631,Company,49272934475,64,Professional services,787,Ute / van,Diesel,New,0,53900.0,60,2026,2026 Ford Transit Custom,48600.0,1900.0,0.0712
APP-021699,2026-09-13,Broker,BRK-119,NT,0862,Company,81252164615,379,Transport & logistics,740,Truck,Diesel,Used,10,80700.0,48,2016,2016 Isuzu NPR 45-155,66000.0,0.0,0.0829
APP-021700,2026-09-13,Broker,BRK-008,NSW,2745,Sole trader,65711876738,28,Other services,518,Car / SUV,Petrol,Used,9,11100.0,6,2017,2017 Hyundai Tucson,10000.0,300.0,0.1028
APP-021701,2026-09-13,Broker,BRK-021,VIC,3163,Trust,34377579258,129,Hospitality,562,Other equipment,None,Used,10,4800.0,48,2016,2016 Commercial kitchen fit-out,4400.0,300.0,0.1051
APP-021702,2026-09-13,Broker,BRK-015,ACT,2606,Sole trader,93015404612,10,Admin & support services,631,Ute / van,Diesel,Used,9,13500.0,48,2017,2017 Toyota HiLux SR5,13900.0,5200.0,0.1096
APP-021703,2026-09-13,Broker,BRK-140,WA,6652,Company,22442619850,91,Agriculture,975,Agricultural machinery,Diesel,New,0,280000.0,72,2026,2026 John Deere 6120M tractor,261100.0,12000.0,0.069
APP-021704,2026-09-13,Broker,BRK-005,VIC,3016,Sole trader,57368611517,21,Admin & support services,646,Car / SUV,Electric,New,0,73000.0,36,2026,2026 MG ZS EV,73300.0,0.0,0.0972
APP-021705,2026-09-13,Broker,BRK-130,SA,5520,Company,72069732659,433,Construction & trades,541,Truck,Diesel,Used,6,158600.0,72,2020,2020 Fuso Canter,154900.0,0.0,0.0918
APP-021706,2026-09-13,Broker,BRK-131,VIC,3796,Sole trader,99227452082,21,Wholesale trade,876,Other equipment,None,Used,3,46500.0,60,2023,2023 Espresso machine,46600.0,0.0,0.0817
APP-021707,2026-09-13,Broker,BRK-113,VIC,3639,Company,36618354629,32,Retail trade,802,Ute / van,Diesel,New,0,44000.0,60,2026,2026 Mitsubishi Triton,45600.0,0.0,0.0707
APP-021708,2026-09-13,Broker,BRK-009,QLD,4813,Company,67261782708,59,Retail trade,836,Car / SUV,Electric,Used,9,9900.0,36,2017,2017 BYD Atto 3,9200.0,900.0,0.0832
APP-021709,2026-09-13,Dealer,BRK-010,NSW,2768,Company,66681261071,87,Health care,857,Other equipment,None,New,0,99700.0,48,2026,2026 Commercial kitchen fit-out,98300.0,0.0,0.069
APP-021710,2026-09-13,Broker,BRK-003,QLD,4212,Partnership,78776693299,62,Transport & logistics,746,Truck,Diesel,New,0,200600.0,60,2026,2026 Hino 300 Series,196300.0,41000.0,0.069
APP-021711,2026-09-13,Broker,BRK-017,NSW,2629,Company,24211988369,13,Professional services,924,Car / SUV,Electric,New,0,72300.0,36,2026,2026 BYD Atto 3,74800.0,6000.0,0.0696
APP-021665-R,2026-09-13,Dealer,BRK-004,SA,5714,Sole trader,47572523658,68,Construction & trades,563,Ute / van,Diesel,Used,1,41400.0,36,2025,2025 Toyota HiLux SR5,33600.0,0.0,0.0991
APP-021712,2026-09-14,Broker,BRK-004,VIC,3110,Company,47831128201,40,Transport & logistics,588,Trailer,None,New,0,53400.0,48,2026,2026 Tandem box trailer,43000.0,1600.0,0.0854
APP-021713,2026-09-14,Broker,BRK-035,QLD,4600,Sole trader,91255536215,28,Professional services,621,Ute / van,Diesel,New,0,49400.0,48,2026,2026 Isuzu D-Max,51000.0,14200.0,0.081
APP-021714,2026-09-14,Broker,BRK-094,WA,6509,Sole trader,49171445309,74,Transport & logistics,644,Ute / van,Diesel,Used,5,32200.0,36,2021,2021 Ford Transit Custom,29000.0,0.0,0.094
APP-021715,2026-09-14,Broker,BRK-127,NSW,2120,Company,13081746417,74,Retail trade,1122,Other equipment,LPG,Used,3,71500.0,36,2023,2023 Toyota 8FG25 forklift,72200.0,4700.0,0.069
APP-021716,2026-09-14,Broker,BRK-014,QLD,4296,Company,50587599138,57,Agriculture,920,Agricultural machinery,Diesel,New,0,243300.0,72,2026,2026 Kubota M7 tractor,249700.0,0.0,0.069
APP-021717,2026-09-14,Dealer,BRK-013,WA,6278,Company,10799697135,22,Hospitality,691,Car / SUV,Petrol,New,0,41500.0,60,2026,2026 Mazda CX-5,41800.0,0.0,0.0911
APP-021718,2026-09-14,Dealer,BRK-021,QLD,4997,Company,61234831508,106,Professional services,932,Car / SUV,Electric,Used,4,36400.0,60,2022,2022 Tesla Model Y,36600.0,10300.0,0.069
APP-021719,2026-09-14,Broker,BRK-111,NSW,2454,Trust,18038863182,213,Construction & trades,696,Ute / van,Diesel,New,0,66200.0,48,2026,2026 Toyota HiLux SR5,61000.0,23500.0,0.0791
APP-021720,2026-09-14,Dealer,BRK-001,QLD,4138,Sole trader,95080249711,178,Construction & trades,683,Earthmoving equipment,Diesel,Used,1,172300.0,48,2025,2025 Komatsu PC55 excavator,179100.0,0.0,0.0737
APP-021721,2026-09-14,Broker,BRK-006,WA,6056,Company,57440430232,28,Other services,591,Car / SUV,Hybrid,Used,5,33200.0,60,2021,2021 Toyota Camry Hybrid,31900.0,11800.0,0.0867
APP-021722,2026-09-14,Broker,BRK-003,NSW,2017,Company,29745800263,97,Retail trade,717,Ute / van,Plug-in hybrid,New,0,69400.0,48,2026,2026 BYD Shark 6,62600.0,5300.0,0.0744
APP-021723,2026-09-14,Broker,BRK-066,SA,5456,Sole trader,64790346316,113,Transport & logistics,635,Truck,Diesel,Used,2,225100.0,84,2024,2024 Hino 300 Series,228900.0,0.0,0.086
APP-021724,2026-09-14,Broker,BRK-010,NSW,2291,Trust,96675864230,61,Admin & support services,597,Other equipment,None,Used,8,3300.0,60,2018,2018 Commercial kitchen fit-out,2700.0,300.0,0.0987
APP-021725,2026-09-14,Broker,BRK-133,SA,5228,Sole trader,16094175481,85,Construction & trades,730,Ute / van,Diesel,Used,6,25100.0,60,2020,2020 Toyota HiAce,25200.0,0.0,0.0918
APP-021726,2026-09-14,Broker,BRK-140,VIC,3976,Sole trader,38821231396,63,Other services,1003,Car / SUV,Electric,Used,4,26500.0,48,2022,2022 Tesla Model Y,26000.0,8300.0,0.069
APP-021727,2026-09-14,Broker,BRK-099,NSW,2843,Trust,78263578533,19,Retail trade,519,Car / SUV,Petrol,New,0,50600.0,36,2026,2026 Hyundai Tucson,40600.0,4900.0,0.1039
APP-021728,2026-09-14,Broker,BRK-020,QLD,4942,Company,10971800788,90,Agriculture,853,Ute / van,Plug-in hybrid,New,0,57300.0,48,2022,2022 BYD Shark 6,58600.0,22400.0,0.0705
APP-021729,2026-09-14,Broker,BRK-119,VIC,3052,Sole trader,15925762927,35,Construction & trades,703,Ute / van,Diesel,Used,7,23400.0,48,2019,2019 Ford Ranger XLT,21400.0,4500.0,0.0933
APP-021730,2026-09-14,Dealer,BRK-010,QLD,4164,Sole trader,33705312927,224,Construction & trades,730,Ute / van,Diesel,Used,5,28900.0,36,2021,2021 Toyota HiAce,27900.0,0.0,0.0968
APP-021731,2026-09-14,Broker,BRK-011,NSW,2117,Trust,41023567704,97,Wholesale trade,884,Truck,Diesel,Used,8,111300.0,48,2018,2018 Volvo FH,114000.0,28700.0,0.0709
APP-021732,2026-09-15,Broker,BRK-017,NSW,2853,Company,69608831877,404,Health care,906,Car / SUV,Electric,New,0,53100.0,48,2015,2015 MG ZS EV,54300.0,12500.0,0.069
APP-021733,2026-09-15,Broker,BRK-048,NSW,2787,Sole trader,27256439952,114,Other,745,Other equipment,None,Used,1,87200.0,60,2025,2025 CNC router,83100.0,0.0,0.0799
APP-021734,2026-09-15,Broker,BRK-001,VIC,3986,Sole trader,72142990555,16,Manufacturing,737,Truck,Diesel,New,0,274600.0,72,2026,2026 Kenworth T610,252400.0,0.0,0.0857
APP-021735,2026-09-15,Broker,BRK-023,NSW,2023,Company,58652437055,36,Construction & trades,841,Earthmoving equipment,Diesel,New,0,191200.0,48,2026,2026 CAT 305 mini excavator,176800.0,0.0,0.069
APP-021736,2026-09-15,Broker,BRK-134,QLD,4418,Sole trader,27310253797,73,Health care,688,Other equipment,None,Used,3,52300.0,60,2023,2023 Espresso machine,47900.0,1900.0,0.0859
APP-021737,2026-09-15,Broker,BRK-001,VIC,3918,Partnership,79140646641,110,Agriculture,735,Agricultural machinery,Diesel,New,0,124800.0,60,2026,2026 Kubota M7 tractor,117300.0,0.0,0.0724
APP-021738,2026-09-15,Broker,BRK-001,NSW,2807,Company,14372908697,22,Manufacturing,737,Ute / van,Diesel,New,0,61300.0,48,2026,2026 Toyota HiLux SR5,57500.0,73000.0,0.083
APP-021739,2026-09-15,Dealer,BRK-124,WA,6456,Sole trader,44995582757,60,Retail trade,969,Car / SUV,Hybrid,New,0,74500.0,60,2026,2026 Toyota RAV4 Hybrid,68400.0,6400.0,0.069
APP-021740,2026-09-15,Broker,BRK-082,QLD,4477,Company,12349638906,99,Professional services,674,Ute / van,Diesel,New,0,70600.0,60,2026,2026 Mitsubishi Triton,70800.0,0.0,0.0794
APP-021741,2026-09-15,Broker,BRK-001,VIC,3370,Sole trader,82148290803,158,Other,962,Car / SUV,Electric,New,0,54200.0,60,2026,2026 BYD Atto 3,54700.0,8500.0,0.069
APP-021742,2026-09-16,Dealer,BRK-015,QLD,4268,Company,55816529482,174,Transport & logistics,812,Other equipment,LPG,Used,10,19100.0,36,2016,2016 Toyota 8FG25 forklift,17600.0,0.0,0.0817
APP-021743,2026-09-16,Broker,BRK-007,QLD,4527,Trust,,46,Professional services,641,Car / SUV,Petrol,Used,4,27400.0,48,2022,2022 Hyundai Tucson,28500.0,1300.0,0.0993
APP-021744,2026-09-16,Dealer,BRK-002,NSW,2819,Sole trader,88167504840,79,Wholesale trade,624,Truck,Diesel,Used,7,66100.0,72,2019,2019 Volvo FH,61100.0,0.0,0.0885
APP-021745,2026-09-16,Broker,BRK-001,VIC,3698,Company,39371373973,96,Construction & trades,946,Ute / van,Diesel,Used,4,39400.0,60,2022,2022 Toyota HiLux SR5,37400.0,4400.0,0.069
APP-021746,2026-09-16,Broker,BRK-004,NSW,2681,Company,77312707917,60,Professional services,731,Other equipment,LPG,Used,8,16800.0,60,2018,2018 Toyota 8FG25 forklift,17400.0,1000.0,0.0955
APP-021747,2026-09-16,Broker,BRK-040,QLD,4415,Sole trader,40199487097,7,Hospitality,738,Car / SUV,Electric,Used,2,52600.0,48,2024,2024 Tesla Model Y,54200.0,6300.0,0.098
APP-021748,2026-09-16,Broker,BRK-006,QLD,4829,Company,41637230967,116,Professional services,797,Car / SUV,Electric,New,0,71400.0,36,2026,2026 Tesla Model Y,68900.0,0.0,0.069
APP-021749,2026-09-16,Broker,BRK-006,QLD,4349,Trust,71511039922,40,Construction & trades,728,Trailer,None,New,0,44200.0,60,2026,2026 Flat top trailer,41100.0,1000.0,0.0765
APP-021750,2026-09-16,Broker,BRK-005,VIC,3851,Sole trader,41081905567,129,Retail trade,578,Ute / van,Diesel,Used,7,23300.0,48,2019,2019 Ford Transit Custom,21100.0,0.0,0.0959
APP-021751,2026-09-16,Broker,BRK-001,NSW,2798,Company,72913406309,34,Other services,969,Other equipment,LPG,Used,2,68300.0,60,2024,2024 Toyota 8FG25 forklift,64200.0,0.0,0.069
APP-021752,2026-09-16,Broker,BRK-030,QLD,4549,Partnership,67384806086,17,Hospitality,406,Ute / van,Diesel,New,0,59500.0,48,2026,2026 Toyota HiLux SR5,60800.0,0.0,0.113
APP-021753,2026-09-16,Broker,BRK-055,WA,6410,Trust,53749348020,159,Wholesale trade,856,Ute / van,Diesel,Used,2,44000.0,48,2024,2024 Toyota HiLux SR5,36900.0,17400.0,0.0726
APP-021754,2026-09-16,Broker,BRK-141,VIC,3343,Company,17323884994,48,Other services,801,Car / SUV,Electric,Used,3,32900.0,36,2023,2023 Tesla Model Y,33400.0,3800.0,0.0793
APP-021755,2026-09-16,Broker,BRK-004,VIC,3905,Company,88699970447,28,Transport & logistics,929,Truck,Diesel,Used,8,59900.0,72,2018,2018 Kenworth T610,55800.0,0.0,0.069
APP-021756,2026-09-16,Broker,BRK-002,SA,5365,Sole trader,45424184887,20,Agriculture,605,Ute / van,Diesel,New,0,50600.0,60,2026,2026 Isuzu D-Max,50800.0,6100.0,0.0935
APP-021757,2026-09-16,Broker,BRK-050,WA,6288,Sole trader,10731208141,83,Construction & trades,725,Ute / van,Diesel,Used,5,34000.0,48,2021,2021 Toyota HiAce,34700.0,300.0,0.0785
APP-021758,2026-09-16,Broker,BRK-007,NSW,2372,Company,58000762527,87,Agriculture,623,Truck,Diesel,Used,2,180800.0,60,2024,2024 Volvo FH,177500.0,0.0,0.0909
APP-021759,2026-09-16,Broker,BRK-020,NSW,2267,Sole trader,36044292978,428,Manufacturing,688,Other equipment,None,Used,1,24800.0,48,2025,2025 Rooftop solar PV system,25200.0,1100.0,0.0877
APP-021760,2026-09-16,Dealer,BRK-050,WA,6793,Company,62587394818,7,Manufacturing,775,Other equipment,LPG,Used,9,8100.0,24,2017,2017 Toyota 8FG25 forklift,6500.0,0.0,0.0964
APP-021761,2026-09-16,Broker,BRK-013,QLD,4313,Sole trader,44330802818,208,Construction & trades,844,Earthmoving equipment,Diesel,Used,1,66900.0,36,2025,2025 Kubota KX040 excavator,67600.0,7600.0,0.0735
APP-021762,2026-09-17,Broker,BRK-010,NSW,2555,Trust,46699286953,30,Retail trade,855,Other equipment,None,New,0,52200.0,24,2026,2026 Rooftop solar PV system,52500.0,0.0,0.069
APP-021763,2026-09-17,Broker,BRK-014,VIC,3863,Company,63927199375,48,Professional services,844,Other equipment,None,Used,7,35600.0,24,2019,2019 Rooftop solar PV system,33000.0,1700.0,0.0718
APP-021764,2026-09-17,Broker,BRK-015,NSW,2473,Sole trader,99712831827,85,Construction & trades,1047,Ute / van,Diesel,New,0,42900.0,36,2026,2026 Mitsubishi Triton,39100.0,0.0,0.069
APP-021765,2026-09-17,Broker,BRK-001,QLD,4636,Company,26176127184,94,Health care,750,Car / SUV,Electric,Used,4,26400.0,60,2022,2022 BYD Atto 3,27100.0,0.0,0.0877
APP-021766,2026-09-17,Broker,BRK-003,NSW,2166,Sole trader,50106995525,436,Construction & trades,641,Ute / van,Diesel,New,0,69500.0,36,2026,2026 Ford Transit Custom,71800.0,0.0,0.0788
APP-021767,2026-09-17,Broker,BRK-033,NSW,2788,Company,89799869857,198,Hospitality,851,Other equipment,None,Used,3,13500.0,36,2023,2023 Commercial kitchen fit-out,14000.0,18900.0,0.0844
APP-021768,2026-09-17,Broker,BRK-001,NSW,2832,Trust,77169749586,114,Other services,375,Other equipment,None,Used,10,6500.0,36,2016,2016 Espresso machine,6700.0,0.0,0.1201
APP-021769,2026-09-17,Dealer,BRK-005,SA,5030,Trust,34868686217,18,Professional services,867,Car / SUV,Petrol,New,0,41400.0,36,2026,2026 Mazda CX-5,34200.0,0.0,0.0799
APP-021770,2026-09-17,Broker,BRK-014,NSW,2526,Company,77355163010,30,Health care,1006,Other equipment,None,Used,1,69900.0,48,2025,2025 Espresso machine,58200.0,400.0,0.069
APP-021771,2026-09-17,Broker,BRK-014,VIC,3434,Sole trader,42068816361,106,Other services,750,Car / SUV,Hybrid,Used,6,26100.0,48,2020,2020 Toyota RAV4 Hybrid,24200.0,8700.0,0.0865
APP-021772,2026-09-17,Broker,BRK-001,NSW,2295,Company,25936133429,169,Agriculture,825,Trailer,None,New,0,46100.0,36,2026,2026 Tipper trailer,47900.0,2800.0,0.069
APP-021773,2026-09-17,Broker,BRK-097,NSW,2769,Company,34611600095,59,Manufacturing,547,Ute / van,Plug-in hybrid,Used,3,54100.0,48,2023,2023 BYD Shark 6,55300.0,0.0,0.0971
APP-021774,2026-09-17,Broker,BRK-001,NSW,2762,Company,93214037024,36,Manufacturing,674,Truck,Diesel,Used,9,96800.0,72,2017,2017 Volvo FH,80500.0,0.0,0.083
APP-021775,2026-09-17,Broker,BRK-097,NSW,2095,Trust,36605453522,37,Manufacturing,715,Truck,Diesel,Used,9,39000.0,84,2017,2017 Isuzu NPR 45-155,61400.0,3600.0,0.0807
APP-021776,2026-09-17,Broker,BRK-146,VIC,3982,Sole trader,13806752702,85,Transport & logistics,707,Trailer,None,Used,2,10400.0,60,2024,2024 Flat top trailer,10400.0,1000.0,0.0973
APP-021777,2026-09-17,Broker,BRK-003,VIC,3597,Trust,90406948781,102,Construction & trades,563,Trailer,None,Used,10,9600.0,36,2016,2016 Tandem box trailer,9200.0,700.0,0.1044
APP-021778,2026-09-17,Broker,BRK-001,NSW,2456,Company,45830608571,42,Construction & trades,788,Ute / van,Diesel,Used,7,31400.0,36,2019,2019 Toyota HiLux SR5,31600.0,0.0,0.0692
APP-021779,2026-09-17,Dealer,BRK-002,SA,5224,Sole trader,56530810308,33,Admin & support services,849,Ute / van,Diesel,Used,6,32600.0,36,2020,2020 Isuzu D-Max,33200.0,0.0,0.0773
APP-021780,2026-09-17,Dealer,BRK-089,VIC,3732,Company,20766727749,127,Agriculture,430,Agricultural machinery,Diesel,Used,1,181900.0,60,2025,2025 Kubota M7 tractor,167700.0,12100.0,0.1014
APP-021781,2026-09-17,Broker,BRK-137,WA,6738,Sole trader,98650639088,47,Professional services,593,Ute / van,Diesel,New,0,40900.0,60,2026,2026 Isuzu D-Max,58400.0,0.0,0.0871
APP-021782,2026-09-17,Broker,BRK-030,VIC,3661,Trust,96984233212,29,Agriculture,642,Truck,Diesel,Used,8,109400.0,84,2018,2018 Hino 300 Series,109500.0,0.0,0.0944
APP-021783,2026-09-17,Broker,BRK-126,NSW,2729,Company,48098130957,480,Construction & trades,611,Car / SUV,Petrol,New,0,43400.0,48,2026,2026 Kia Sportage,35900.0,12500.0,0.0932
APP-021784,2026-09-17,Dealer,BRK-065,NSW,2768,Sole trader,53579772214,81,Transport & logistics,806,Truck,Diesel,New,0,134900.0,84,2026,2026 Hino 300 Series,125200.0,0.0,0.069
APP-021785,2026-09-17,Broker,BRK-027,NSW,2840,Trust,32205122699,64,Construction & trades,581,Earthmoving equipment,Diesel,New,0,160400.0,60,2026,2026 CAT 305 mini excavator,157400.0,18300.0,0.0844
APP-021786,2026-09-18,Broker,BRK-112,QLD,4942,Company,52850509854,60,Transport & logistics,774,Truck,Diesel,New,0,199700.0,60,2026,2026 Hino 300 Series,342300.0,40200.0,0.069
APP-021787,2026-09-18,Broker,BRK-016,QLD,4138,Sole trader,52952078875,104,Transport & logistics,719,Trailer,None,New,0,19100.0,36,2026,2026 Tandem box trailer,19600.0,0.0,0.0833
APP-021788,2026-09-18,Broker,BRK-012,NSW,2288,Trust,73019456725,34,Hospitality,872,Ute / van,Diesel,New,0,51200.0,36,2026,2026 Ford Transit Custom,47700.0,17100.0,0.069
APP-021789,2026-09-18,Broker,BRK-053,ACT,2608,Company,37092768805,333,Retail trade,592,Ute / van,Diesel,Used,6,18800.0,48,2020,2020 Toyota HiAce,15100.0,0.0,0.0978
APP-021790,2026-09-18,Dealer,BRK-059,SA,5285,Company,85541669217,22,Construction & trades,647,Ute / van,Diesel,New,0,44000.0,60,2026,2026 Mitsubishi Triton,35400.0,51700.0,0.0956
APP-021791,2026-09-18,Broker,BRK-009,NSW,2744,Partnership,32507779335,27,Mining,788,Earthmoving equipment,Diesel,Used,3,112800.0,36,2023,2023 CAT 305 mini excavator,105700.0,0.0,0.0748
APP-021792,2026-09-18,Broker,BRK-017,VIC,3721,Company,76040859525,226,Construction & trades,1040,Ute / van,Diesel,Used,1,49500.0,36,2025,2025 Ford Ranger XLT,41400.0,17900.0,0.069
APP-021793,2026-09-18,Broker,BRK-003,TAS,7052,Sole trader,19109545179,27,Hospitality,705,Other equipment,None,New,0,94100.0,48,2026,2026 CNC router,76900.0,0.0,0.0793
APP-021794,2026-09-18,Broker,BRK-002,NT,0821,Sole trader,82994784289,20,Retail trade,792,Ute / van,Diesel,New,0,45400.0,48,2026,2026 Ford Transit Custom,43600.0,8700.0,0.08
APP-021795,2026-09-18,Broker,BRK-008,VIC,3860,Trust,56776951861,97,Agriculture,881,Truck,Diesel,Used,5,125100.0,84,2021,2021 Kenworth T610,114600.0,9700.0,0.069
APP-021796,2026-09-18,Broker,BRK-019,WA,6147,Sole trader,60275900496,77,Construction & trades,781,Earthmoving equipment,Diesel,New,0,201600.0,36,2026,2026 CAT 305 mini excavator,206100.0,0.0,0.0703
APP-021797,2026-09-18,Broker,BRK-002,SA,5585,Company,38846405630,105,Construction & trades,767,Trailer,None,Used,10,23200.0,36,2016,2016 Tandem box trailer,23200.0,700.0,0.0819
APP-021798,2026-09-18,Broker,BRK-002,WA,6121,Company,40802371830,93,Manufacturing,529,Ute / van,Diesel,Used,8,27800.0,48,2018,2018 Ford Ranger XLT,28400.0,0.0,0.1066
APP-021799,2026-09-18,Broker,BRK-002,QLD,4478,Sole trader,11732315485,116,Other services,589,Ute / van,Diesel,New,0,49800.0,36,2026,2026 Isuzu D-Max,50000.0,0.0,0.0897
APP-021800,2026-09-18,Broker,BRK-097,VIC,3638,Sole trader,96642880667,22,Transport & logistics,689,Truck,Diesel,New,0,139100.0,60,2026,2026 Fuso Canter,128700.0,0.0,0.0883
APP-021801,2026-09-18,Broker,BRK-047,VIC,3712,Company,96339499601,332,Construction & trades,620,Ute / van,Diesel,Used,10,16500.0,36,2016,2016 Toyota HiAce,16900.0,3600.0,0.1005
APP-021802,2026-09-18,Broker,BRK-002,QLD,4597,Company,33182735476,195,Professional services,972,Other equipment,None,Used,8,18000.0,48,2018,2018 Rooftop solar PV system,18000.0,0.0,0.069
APP-021803,2026-09-18,Broker,BRK-041,NSW,2669,Sole trader,97455937488,101,Construction & trades,768,Ute / van,Diesel,Used,1,66100.0,60,2025,2025 Isuzu D-Max,67000.0,20500.0,0.0804
APP-021804,2026-09-18,Broker,BRK-018,QLD,4141,Partnership,12288215947,134,Agriculture,894,Ute / van,Diesel,New,0,67200.0,60,2026,2026 Mitsubishi Triton,60800.0,9600.0,0.069
APP-021805,2026-09-18,Broker,BRK-027,VIC,3599,Trust,46140041649,92,Agriculture,584,Agricultural machinery,Diesel,Used,9,95600.0,60,2017,2017 Case IH Farmall tractor,96200.0,0.0,0.0902
APP-021806,2026-09-18,Broker,BRK-081,QLD,4606,Trust,21307991533,14,Construction & trades,664,Truck,Diesel,Used,3,202000.0,60,2023,2023 Isuzu NPR 45-155,189300.0,16900.0,0.0944
APP-021807,2026-09-18,Dealer,BRK-017,WA,6625,Company,49906187707,83,Construction & trades,620,Ute / van,Plug-in hybrid,New,0,77400.0,60,2026,2026 BYD Shark 6,78900.0,0.0,0.0816
APP-021808,2026-09-18,Broker,BRK-006,SA,5259,Sole trader,39128018621,27,Construction & trades,714,Ute / van,Diesel,New,0,47900.0,48,2026,2026 Mitsubishi Triton,45000.0,13600.0,0.0756
APP-021809,2026-09-18,Broker,BRK-067,NSW,2165,Sole trader,69809937484,43,Construction & trades,810,Ute / van,Diesel,New,0,71400.0,48,2026,2026 Toyota HiAce,71900.0,26000.0,0.0708
APP-021810,2026-09-19,Broker,BRK-002,QLD,4207,Sole trader,12078603488,49,Construction & trades,799,Truck,Diesel,New,0,109200.0,72,2026,2026 Isuzu NPR 45-155,110500.0,13400.0,0.069
APP-021811,2026-09-19,Broker,BRK-116,QLD,4454,Company,83872229409,50,Manufacturing,925,Other equipment,None,New,0,61600.0,36,2026,2026 CNC router,61900.0,4200.0,0.069
APP-021812,2026-09-19,Broker,BRK-123,NSW,2077,Company,84504216599,96,Transport & logistics,854,Trailer,None,New,0,31200.0,60,2026,2026 Tipper trailer,29000.0,800.0,0.069
APP-021813,2026-09-19,Broker,BRK-008,QLD,4663,Company,93984665911,81,Construction & trades,844,Car / SUV,Petrol,New,0,65300.0,48,2026,2026 Hyundai Tucson,62500.0,0.0,0.0724
APP-021814,2026-09-19,Broker,BRK-065,QLD,4101,Company,60012283279,116,Professional services,580,Car / SUV,Petrol,New,0,42200.0,36,2026,2026 Kia Sportage,42900.0,0.0,0.089
APP-021815,2026-09-19,Broker,BRK-115,WA,6714,Company,59359276481,222,Retail trade,814,Ute / van,Diesel,New,0,66000.0,60,2026,2026 Ford Ranger XLT,66000.0,0.0,0.069
APP-021816,2026-09-19,Broker,BRK-114,VIC,3643,Partnership,91489368694,21,Construction & trades,586,Ute / van,Plug-in hybrid,New,0,59500.0,60,2026,2026 BYD Shark 6,61200.0,0.0,0.0898
APP-021817,2026-09-19,Broker,BRK-002,WA,6042,Partnership,43945290620,480,Agriculture,764,Ute / van,Diesel,Used,4,32500.0,48,2022,2022 Mitsubishi Triton,32700.0,1800.0,0.0872
APP-021818,2026-09-19,Broker,BRK-002,NSW,2515,Trust,99519583831,20,Agriculture,850,Agricultural machinery,Diesel,New,0,108700.0,60,2026,2026 Case IH Farmall tractor,109000.0,12600.0,0.0806
APP-021819,2026-09-19,Broker,BRK-018,VIC,3929,Sole trader,46946401014,34,Hospitality,947,Other equipment,None,New,0,102800.0,48,2026,2026 Dental chair,92500.0,2500.0,0.069
APP-021820,2026-09-19,Broker,BRK-025,QLD,4412,Sole trader,38475086871,263,Other services,723,Other equipment,LPG,New,0,11700.0,36,2026,2026 Toyota 8FG25 forklift,11800.0,0.0,0.0841
APP-021821,2026-09-19,Broker,BRK-008,QLD,4918,Partnership,93102184836,58,Health care,777,Other equipment,LPG,Used,1,53900.0,48,2025,2025 Toyota 8FG25 forklift,55900.0,3800.0,0.0822
APP-021822,2026-09-19,Broker,BRK-001,NSW,2803,Sole trader,47393569926,28,Construction & trades,737,Ute / van,Plug-in hybrid,New,0,41400.0,60,2026,2026 BYD Shark 6,42000.0,0.0,0.078
APP-021823,2026-09-19,Broker,BRK-013,VIC,3832,Company,54080763277,171,Transport & logistics,820,Trailer,None,Used,6,32200.0,48,2020,2020 Flat top trailer,31300.0,0.0,0.069
APP-021824,2026-09-19,Broker,BRK-005,VIC,3898,Sole trader,52227446104,429,Professional services,776,Car / SUV,Electric,Used,9,15000.0,60,2017,2017 BYD Atto 3,15300.0,4000.0,0.0798
APP-021825,2026-09-19,Broker,BRK-015,TAS,7515,Company,90446120911,78,Admin & support services,543,Car / SUV,Hybrid,Used,2,47100.0,60,2024,2024 Toyota Camry Hybrid,47500.0,11600.0,0.0967
APP-021826,2026-09-19,Broker,BRK-005,TAS,7200,Trust,82816339011,30,Transport & logistics,825,Ute / van,Diesel,New,0,53400.0,48,2026,2026 Toyota HiLux SR5,53400.0,0.0,0.069
APP-021827,2026-09-19,Broker,BRK-014,VIC,3242,Trust,78847754972,19,Retail trade,640,Ute / van,Diesel,Used,6,34400.0,60,2020,2020 Toyota HiLux SR5,35200.0,9600.0,0.0988
APP-021828,2026-09-19,Broker,BRK-030,WA,6205,Sole trader,50392719067,126,Health care,830,Other equipment,LPG,Used,6,36500.0,24,2020,2020 Toyota 8FG25 forklift,34700.0,0.0,0.0747
APP-021829,2026-09-19,Broker,BRK-009,VIC,3029,Company,97002817488,7,Transport & logistics,585,Trailer,None,Used,10,18400.0,36,2016,2016 Tipper trailer,18600.0,0.0,0.1168
APP-021830,2026-09-19,Broker,BRK-003,VIC,3740,Sole trader,87272365469,46,Other services,781,Ute / van,Diesel,New,0,75900.0,36,2026,2026 Ford Ranger XLT,70200.0,8000.0,0.0763
APP-021831,2026-09-19,Broker,BRK-011,WA,6135,Trust,89302937508,95,Construction & trades,886,Ute / van,Diesel,New,0,79200.0,60,2026,2026 Ford Transit Custom,80600.0,29100.0,0.069
APP-021832,2026-09-19,Dealer,BRK-005,SA,5416,Sole trader,28379071630,32,Construction & trades,495,Earthmoving equipment,Diesel,Used,1,94700.0,48,2025,2025 Bobcat S650 skid steer,95900.0,16400.0,0.0976
APP-021833,2026-09-19,Broker,BRK-001,VIC,3321,Company,28245382404,480,Manufacturing,750,Ute / van,Diesel,Used,3,53200.0,36,2023,2023 Isuzu D-Max,54700.0,0.0,0.0842
APP-021834,2026-09-19,Broker,BRK-036,NSW,2835,Company,22593536868,30,Construction & trades,1027,Ute / van,Diesel,Used,2,61000.0,60,2024,2024 Isuzu D-Max,56000.0,0.0,0.069
APP-021835,2026-09-19,Broker,BRK-036,SA,5358,Sole trader,31895368214,37,Hospitality,781,Ute / van,Plug-in hybrid,Used,1,44700.0,48,2025,2025 BYD Shark 6,44800.0,12000.0,0.0751
APP-021836,2026-09-19,Dealer,BRK-007,QLD,4713,Sole trader,51010902972,73,Transport & logistics,652,Other equipment,None,New,0,58900.0,48,2026,2026 Rooftop solar PV system,54200.0,0.0,0.0753
APP-021837,2026-09-19,Broker,BRK-131,NSW,2313,Company,48000667561,143,Other services,968,Car / SUV,Hybrid,Used,9,11600.0,36,2017,2017 Toyota Camry Hybrid,12000.0,2400.0,0.0723
APP-021838,2026-09-19,Broker,BRK-070,NSW,2019,Sole trader,81191825663,250,Construction & trades,782,Ute / van,Diesel,New,0,40300.0,60,2026,2026 Ford Transit Custom,41900.0,14000.0,0.0732
APP-021839,2026-09-20,Broker,BRK-107,QLD,4290,Company,24989687202,40,Agriculture,820,Agricultural machinery,Diesel,New,0,204400.0,72,2026,2026 John Deere 6120M tractor,164700.0,0.0,0.069
APP-021840,2026-09-20,Broker,BRK-016,QLD,4117,Trust,72737015973,112,Hospitality,633,Car / SUV,Petrol,Used,1,40300.0,36,2025,2025 Kia Sportage,37000.0,14900.0,0.0852
APP-021841,2026-09-20,Broker,BRK-022,NSW,2556,Company,40133572914,17,Transport & logistics,630,Ute / van,Plug-in hybrid,New,0,45300.0,48,2026,2026 BYD Shark 6,41600.0,58000.0,0.0918
APP-021842,2026-09-20,Broker,BRK-047,QLD,4798,Trust,11728568102,312,Transport & logistics,928,Truck,Diesel,Used,2,167100.0,84,2024,2024 Volvo FH,171600.0,42800.0,0.0743
APP-021843,2026-09-20,Broker,BRK-030,NSW,2763,Sole trader,90875755803,18,Construction & trades,718,Ute / van,Diesel,Used,1,61700.0,36,2025,2025 Ford Ragner XLT,63700.0,0.0,0.0899
APP-021844,2026-09-20,Broker,BRK-042,VIC,3914,Trust,96406629079,21,Transport & logistics,769,Ute / van,Diesel,Used,10,15800.0,48,2016,2016 Mitsubishi Triton,16100.0,600.0,0.1017
APP-021845,2026-09-20,Broker,BRK-013,VIC,3694,Sole trader,82137203906,17,Transport & logistics,588,Truck,Diesel,New,0,142900.0,72,2026,2026 Volvo FH,116700.0,0.0,0.1014
APP-021846,2026-09-20,Dealer,BRK-002,WA,6430,Trust,69646566322,47,Retail trade,633,Ute / van,Diesel,New,0,71200.0,60,2026,2026 Toyota HiAce,70000.0,0.0,0.0832
APP-021847,2026-09-20,Broker,BRK-076,NSW,2033,Trust,41997511996,480,Transport & logistics,855,Ute / van,Diesel,New,0,51500.0,60,2026,2026 Ford Ranger XLT,53100.0,6500.0,0.0692
APP-021848,2026-09-20,Broker,BRK-010,NSW,2838,Company,24038234659,71,Manufacturing,830,Ute / van,Plug-in hybrid,Used,4,39400.0,36,2022,2022 BYD Shark 6,38400.0,4400.0,0.0742
APP-021849,2026-09-20,Broker,BRK-032,QLD,4091,Partnership,14557464633,30,Health care,640,Car / SUV,Petrol,New,0,47400.0,48,2026,2026 Mazda CX-5,48100.0,0.0,0.0852
APP-021850,2026-09-20,Broker,BRK-009,NSW,2782,Company,87940174290,346,Hospitality,691,Other equipment,LPG,Used,1,43200.0,36,2025,2025 Toyota 8FG25 forklift,44700.0,1800.0,0.0849
APP-021851,2026-09-20,Broker,BRK-018,QLD,4510,Sole trader,92061418731,55,Retail trade,759,Other equipment,None,Used,7,26600.0,60,2019,2019 Espresso machine,27100.0,1000.0,0.088
APP-021852,2026-09-20,Broker,BRK-037,NSW,2052,Sole trader,12168052005,137,Construction & trades,553,Car / SUV,Electric,Used,3,24200.0,48,2023,2023 MG ZS EV,25100.0,0.0,0.0982
APP-021853,2026-09-20,Broker,BRK-028,NSW,2798,Sole trader,77170983422,23,Construction & trades,783,Ute / van,Diesel,Used,3,48100.0,36,2023,2023 Mitsubishi Triton,43900.0,12400.0,0.0844
APP-021854,2026-09-20,Broker,BRK-002,VIC,3187,Company,92045613589,207,Transport & logistics,812,Truck,Diesel,New,0,145500.0,84,2026,2026 Hino 300 Series,140900.0,29800.0,0.069
APP-021855,2026-09-20,Broker,BRK-004,SA,5605,Company,68910965491,50,Other services,490,Ute / van,Diesel,New,0,55500.0,48,2026,2026 Toyota HiLux SR5,56700.0,9700.0,0.0892
APP-021856,2026-09-20,Dealer,BRK-003,NSW,2852,Company,20149673551,128,Construction & trades,840,Trailer,None,Used,1,29700.0,24,2025,2025 Flat top trailer,30300.0,2800.0,0.0724
APP-021857,2026-09-21,Broker,BRK-028,NSW,2830,Sole trader,58253419704,63,Other services,1060,Ute / van,Diesel,New,0,76000.0,36,2026,2026 Isuzu D-Max,69800.0,87000.0,0.069
APP-021858,2026-09-21,Dealer,BRK-011,QLD,4628,Trust,70868934714,84,Transport & logistics,845,Trailer,None,New,0,30800.0,24,2026,2026 Flat top trailer,31900.0,0.0,0.069
APP-021859,2026-09-21,Broker,BRK-004,SA,5783,Sole trader,81064732926,38,Other,877,Car / SUV,Electric,New,0,40600.0,60,2026,2026 BYD Atto 3,34000.0,14900.0,0.069
APP-021860,2026-09-21,Dealer,BRK-001,VIC,3283,Trust,90266774118,89,Transport & logistics,669,Ute / van,Diesel,Used,8,25900.0,60,2018,2018 Ford Ranger XLT,26800.0,9800.0,0.0959
APP-021861,2026-09-21,Dealer,BRK-064,VIC,3383,Company,46174251384,103,Transport & logistics,560,Truck,Diesel,Used,8,74200.0,48,2018,2018 Hino 300 Series,76800.0,0.0,0.0923
APP-021862,2026-09-21,Broker,BRK-001,VIC,3919,Trust,79132456876,31,Manufacturing,691,Other equipment,None,Used,9,24300.0,48,2017,2017 Espresso machine,22300.0,0.0,0.0847
APP-021863,2026-09-21,Broker,BRK-010,VIC,3740,Company,50951379156,13,Wholesale trade,531,Car / SUV,Electric,Used,2,51700.0,60,2024,2024 Tesla Model Y,42400.0,19700.0,0.1061
APP-021864,2026-09-21,Broker,BRK-015,NSW,2821,Sole trader,83961657114,37,Hospitality,1035,Ute / van,Diesel,Used,5,29500.0,60,2021,2021 Isuzu D-Max,29800.0,4300.0,0.069
APP-021865,2026-09-21,Broker,BRK-015,NSW,2229,Sole trader,24914146310,14,Hospitality,609,Other equipment,None,Used,3,9300.0,60,2023,2023 Espresso machine,9600.0,300.0,0.1092
APP-021866,2026-09-21,Broker,BRK-002,QLD,4027,Company,19701419211,10,Manufacturing,437,Other equipment,None,Used,7,36000.0,60,2019,2019 Commercial kitchen fit-out,53000.0,0.0,0.1112
APP-021867,2026-09-21,Broker,BRK-051,VIC,3892,Sole trader,94659625038,40,Transport & logistics,708,Trailer,None,New,0,6700.0,60,2026,2026 Tandem box trailer,6600.0,0.0,0.0891
APP-021868,2026-09-21,Broker,BRK-004,QLD,2890,Trust,93190580493,101,Manufacturing,778,Truck,Diesel,New,0,314900.0,60,2026,2026 Kenworth T610,319300.0,61700.0,0.0728
APP-021869,2026-09-22,Broker,BRK-036,QLD,4238,Sole trader,36342595993,12,Admin & support services,768,Other equipment,None,Used,4,33200.0,24,2022,2022 Commercial kitchen fit-out,34300.0,2600.0,0.0885
APP-021870,2026-09-22,Broker,BRK-010,NSW,2809,Company,77785726296,88,Professional services,736,Car / SUV,Electric,Used,4,39000.0,48,2022,2022 BYD Atto 3,38100.0,8600.0,0.0823
APP-021871,2026-09-22,Broker,BRK-021,VIC,3472,Trust,77715644059,87,Admin & support services,861,Other equipment,None,Used,5,13600.0,24,2021,2021 Commercial kitchen fit-out,13400.0,0.0,0.0863
APP-021872,2026-09-22,Broker,BRK-015,VIC,3406,Partnership,42504878629,10,Agriculture,672,Ute / van,Plug-in hybrid,Used,9,21400.0,36,2017,2017 BYD Shark 6,22200.0,6700.0,0.1095
APP-021873,2026-09-22,Dealer,BRK-129,NSW,2167,Sole trader,33857511442,89,Transport & logistics,712,Truck,Diesel,New,0,339000.0,84,2026,2026 Kenworth T610,273700.0,0.0,0.0756
APP-021874,2026-09-22,Broker,BRK-008,SA,5730,Sole trader,50284295658,33,Retail trade,814,Other equipment,None,New,0,55300.0,24,2026,2026 Espresso machine,56700.0,3800.0,0.069
APP-021875,2026-09-22,Broker,BRK-002,WA,6090,Sole trader,77638245541,143,Construction & trades,736,Truck,Diesel,New,0,101000.0,48,2026,2026 Isuzu NPR 45-155,94600.0,114800.0,0.0778
APP-021876,2026-09-22,Broker,BRK-009,SA,5447,Company,20335027050,29,Professional services,742,Car / SUV,Petrol,New,0,64500.0,48,2026,2026 Kia Sportage,66900.0,21200.0,0.0804
APP-021877,2026-09-22,Broker,BRK-019,QLD,4007,Company,21610673910,78,Wholesale trade,721,Ute / van,Diesel,Used,6,20000.0,65,2020,2020 Isuzu D-Max,18500.0,0.0,0.092
APP-021878,2026-09-22,Broker,BRK-001,WA,6394,Sole trader,56929399919,20,Retail trade,636,Ute / van,Diesel,Used,9,13400.0,60,2017,2017 Ford Ranger XLT,12900.0,3100.0,0.1074
APP-021879,2026-09-22,Broker,BRK-113,NSW,2552,Company,77276089632,29,Professional services,844,Car / SUV,Petrol,Used,2,40000.0,48,2024,2024 Mazda CX-5,70300.0,0.0,0.0693
APP-021880,2026-09-22,Dealer,BRK-003,WA,6573,Partnership,15516793916,81,Transport & logistics,808,Trailer,None,New,0,19400.0,60,2026,2026 Flat top trailer,18200.0,0.0,0.0862
APP-021881,2026-09-22,Broker,BRK-118,SA,5731,Company,25342240473,17,Wholesale trade,596,Car / SUV,Hybrid,New,0,36000.0,36,2026,2026 Toyota RAV4 Hybrid,30200.0,700.0,0.0951
APP-021882,2026-09-22,Broker,BRK-012,NSW,2257,Trust,31589703606,480,Professional services,918,Car / SUV,Petrol,Used,1,36500.0,36,2025,2025 Mazda CX-5,35300.0,7600.0,0.069
APP-021883,2026-09-22,Broker,BRK-025,QLD,4764,Sole trader,60979468608,62,Construction & trades,844,Earthmoving equipment,Diesel,Used,8,93100.0,60,2018,2018 Kubota KX040 excavator,84300.0,0.0,0.069
APP-021884,2026-09-22,Broker,BRK-045,NSW,2582,Trust,88566044971,23,Transport & logistics,563,Ute / van,Diesel,Used,3,33100.0,60,2023,2023 Toyota HiLux SR5,34000.0,12100.0,0.108
APP-021885,2026-09-22,Broker,BRK-001,QLD,4567,Company,72895711692,60,Other services,474,Ute / van,Diesel,New,0,57600.0,48,2026,2026 Mitsubishi Triton,59000.0,5500.0,0.1044
APP-021886,2026-09-22,Broker,BRK-012,SA,5121,Company,60536758831,28,Retail trade,637,Other equipment,None,New,0,65300.0,24,2026,2026 Commercial kitchen fit-out,52700.0,0.0,0.085
APP-021887,2026-09-22,Broker,BRK-005,NSW,2716,Company,58513341420,37,Manufacturing,735,Ute / van,Diesel,New,0,48300.0,60,2026,2026 Toyota HiLux SR5,48700.0,2800.0,0.069
APP-021888,2026-09-22,Broker,BRK-002,VIC,3831,Trust,65091404086,117,Construction & trades,531,Trailer,None,Used,5,34600.0,24,2021,2021 Flat top trailer,31300.0,0.0,0.1028
APP-021889,2026-09-23,Broker,BRK-043,NSW,2400,Partnership,87015026801,42,Professional services,711,Other equipment,None,Used,1,100500.0,60,2025,2025 Rooftop solar PV system,102400.0,5100.0,0.0808
APP-021890,2026-09-23,Dealer,BRK-002,QLD,4585,Sole trader,35006621688,31,Retail trade,593,Ute / van,Diesel,Used,10,21300.0,36,2016,2016 Isuzu D-Max,19600.0,3100.0,0.1005
APP-021891,2026-09-23,Broker,BRK-029,NSW,2459,Sole trader,23623004252,132,Professional services,745,Other equipment,None,New,0,46300.0,60,2026,2026 Commercial kitchen fit-out,47700.0,3200.0,0.0714
APP-021892,2026-09-23,Dealer,BRK-011,TAS,7082,Company,87419291591,120,Wholesale trade,724,Truck,Diesel,Used,1,154700.0,60,2025,2025 Volvo FH,158100.0,20000.0,0.074
APP-021893,2026-09-23,Broker,BRK-139,VIC,3214,Sole trader,48463665257,110,Agriculture,686,Ute / van,Diesel,New,0,50600.0,48,2026,2026 Toyota HiAce,51600.0,8000.0,0.0802
APP-021894,2026-09-23,Dealer,BRK-109,NSW,2479,Sole trader,63595588351,312,Hospitality,735,Other equipment,None,New,0,116500.0,60,2026,2026 Rooftop solar PV system,107500.0,10800.0,0.0828
APP-021895,2026-09-23,Broker,BRK-001,SA,5142,Partnership,66285578862,48,Agriculture,686,Agricultural machinery,Diesel,New,0,297400.0,48,2026,2026 John Deere 6120M tractor,268100.0,27200.0,0.0773
APP-021896,2026-09-23,Broker,BRK-076,QLD,4039,Company,23588808838,79,Wholesale trade,879,Truck,Diesel,Used,9,61300.0,72,2017,2017 Hino 300 Series,63100.0,0.0,0.0748
APP-021897,2026-09-23,Broker,BRK-002,VIC,3151,Sole trader,92828658270,10,Construction & trades,812,Truck,Diesel,Used,7,84700.0,84,2019,2019 Fuso Canter,77900.0,10800.0,0.0871
APP-021898,2026-09-23,Broker,BRK-017,QLD,4648,Company,68653402334,39,Construction & trades,696,Ute / van,Diesel,New,0,61500.0,36,2026,2026 Mitsubishi Triton,63200.0,0.0,0.0802
APP-021899,2026-09-23,Broker,BRK-076,WA,6452,Partnership,89058200226,96,Transport & logistics,789,Ute / van,Diesel,New,0,53500.0,36,2026,2026 Mitsubishi Triton,54700.0,0.0,0.0744
APP-021900,2026-09-23,Broker,BRK-006,WA,6676,Trust,20085789493,21,Transport & logistics,827,Truck,Diesel,Used,4,104100.0,48,2022,2022 Fuso Canter,107900.0,21800.0,0.0795
APP-021901,2026-09-23,Broker,BRK-056,VIC,3019,Company,35556942272,71,Construction & trades,699,Ute / van,Diesel,Used,7,23400.0,36,2019,2019 Ford Transit Custom,22500.0,1800.0,0.0881
APP-021902,2026-09-23,Broker,BRK-004,VIC,3917,Company,41661117112,82,Transport & logistics,743,Truck,Diesel,Used,9,88500.0,72,2017,2017 Isuzu NPR 45-155,89800.0,13300.0,0.0838
APP-021903,2026-09-23,Broker,BRK-096,VIC,3694,Sole trader,22795582772,101,Retail trade,804,Car / SUV,Electric,New,0,54500.0,60,2026,2026 BYD Atto 3,56300.0,21700.0,0.0718
APP-021904,2026-09-23,Broker,BRK-014,QLD,4355,Company,44419019038,95,Construction & trades,733,Earthmoving equipment,Diesel,New,0,84400.0,48,2026,2026 CAT 305 mini excavator,86300.0,0.0,0.0856
APP-021905,2026-09-23,Broker,BRK-003,NSW,2649,Company,15024538016,12,Transport & logistics,858,Ute / van,Diesel,New,0,42900.0,60,2026,2026 Ford Transit Custom,44500.0,0.0,0.0803
APP-021906,2026-09-23,Broker,BRK-001,NSW,2759,Sole trader,26101616547,325,Retail trade,640,Car / SUV,Electric,Used,5,25400.0,36,2021,2021 Tesla Model Y,25500.0,0.0,0.1018
APP-021907,2026-09-23,Broker,BRK-032,VIC,3870,Company,58338060622,13,Manufacturing,561,Ute / van,Diesel,New,0,53900.0,60,2026,2026 Toyota HiAce,52500.0,0.0,0.098
APP-021908,2026-09-23,Broker,BRK-045,WA,6371,Sole trader,20767243919,19,Transport & logistics,639,Other equipment,None,Used,7,33800.0,60,2019,2019 Dental chair,30600.0,0.0,0.0997
APP-021909,2026-09-23,Broker,BRK-045,NSW,2794,Sole trader,42729681839,33,Professional services,782,Car / SUV,Electric,New,0,52100.0,60,2026,2026 BYD Atto 3,53400.0,20100.0,0.0745
APP-021910,2026-09-23,Dealer,BRK-019,VIC,3910,Company,28709364471,97,Construction & trades,879,Ute / van,Diesel,New,0,45500.0,60,2026,2026 Mitsubishi Triton,36800.0,5400.0,0.069
APP-021911,2026-09-23,Broker,BRK-011,NSW,2628,Sole trader,78104316711,106,Other services,648,Ute / van,Diesel,New,0,49900.0,48,2026,2026 Ford Transit Custom,45500.0,0.0,0.0831
APP-021912,2026-09-23,Broker,BRK-034,QLD,4198,Sole trader,95318685140,67,Construction & trades,537,Ute / van,Plug-in hybrid,New,0,79700.0,48,2026,2026 BYD Shark 6,82000.0,6100.0,0.0905
APP-021913,2026-09-24,Broker,BRK-001,SA,5030,Company,89676108640,24,Admin & support services,509,Other equipment,LPG,Used,4,21100.0,48,2022,2022 Toyota 8FG25 forklift,21600.0,200.0,0.1081
APP-021914,2026-09-24,Dealer,BRK-004,NSW,2086,Company,39840903207,56,Manufacturing,773,Other equipment,None,Used,2,38000.0,24,2024,2024 Dental chair,39300.0,0.0,0.0769
APP-021915,2026-09-24,Broker,BRK-005,QLD,4970,Trust,11224240776,114,Other,801,Ute / van,Diesel,New,0,45700.0,60,2026,2026 Ford Transit Custom,47100.0,0.0,0.0711
APP-021916,2026-09-24,Broker,BRK-067,QLD,4145,Trust,67639351146,11,Retail trade,599,Ute / van,Diesel,Used,8,22000.0,36,2018,2018 Ford Ranger XLT,20400.0,7600.0,0.1129
APP-021917,2026-09-24,Dealer,BRK-014,ACT,2618,Company,48164601782,48,Construction & trades,788,Earthmoving equipment,Diesel,Used,8,26000.0,48,2018,2018 CAT 305 mini excavator,24300.0,3100.0,0.082
APP-021918,2026-09-24,Broker,BRK-001,NSW,2739,Company,25735849675,181,Construction & trades,680,Ute / van,Diesel,New,0,77300.0,36,2026,2026 Isuzu D-Max,70500.0,0.0,0.0839
APP-021919,2026-09-24,Broker,BRK-104,SA,5029,Company,83915424074,43,Agriculture,741,Ute / van,Diesel,Used,1,66200.0,36,2025,2025 Mitsubishi Triton,67500.0,0.0,0.0827
APP-021920,2026-09-24,Broker,BRK-010,WA,6134,Trust,94143745482,63,Mining,787,Truck,Diesel,New,0,84500.0,60,2026,2026 Kenworth T610,86200.0,0.0,0.069
APP-021921,2026-09-24,Broker,BRK-001,SA,5139,Company,91151148528,52,Transport & logistics,662,Truck,Diesel,Used,2,139700.0,72,2024,2024 Volvo FH,136700.0,6300.0,0.0968
APP-021922,2026-09-24,Dealer,BRK-012,QLD,4644,Partnership,91227105193,44,Other,650,Ute / van,Diesel,New,0,55100.0,36,2026,2026 Mitsubishi Triton,55500.0,0.0,0.0878
APP-021923,2026-09-24,Broker,BRK-127,NSW,2386,Company,56309691329,346,Construction & trades,724,Earthmoving equipment,Diesel,New,0,122200.0,36,2026,2026 CAT 305 mini excavator,125400.0,24000.0,0.0742
APP-021924,2026-09-24,Broker,BRK-073,VIC,3452,Company,14623394318,23,Manufacturing,833,Car / SUV,Petrol,Used,6,23000.0,36,2020,2020 Kia Sportage,23700.0,9000.0,0.0909
APP-021925,2026-09-24,Dealer,BRK-030,NSW,2688,Company,64402364129,21,Professional services,736,Car / SUV,Petrol,New,0,46200.0,60,2026,2026 Mazda CX-5,47800.0,800.0,0.0846
APP-021926,2026-09-24,Broker,BRK-062,NSW,2481,Company,87818950392,480,Agriculture,1022,Trailer,None,Used,6,16800.0,48,2020,2020 Flat top trailer,16100.0,800.0,0.069
APP-021927,2026-09-24,Broker,BRK-021,SA,5332,Company,53141639708,34,Transport & logistics,863,Ute / van,Plug-in hybrid,Used,9,21200.0,48,2017,2017 BYD Shark 6,19200.0,0.0,0.0866
APP-021928,2026-09-24,Broker,BRK-074,WA,6723,Partnership,67483157550,12,Construction & trades,747,Ute / van,Diesel,Used,3,35000.0,48,2023,2023 Isuzu D-Max,35600.0,0.0,0.0891
APP-021929,2026-09-24,Broker,BRK-085,NSW,2174,Partnership,98645855736,330,Other services,544,Ute / van,Diesel,Used,5,26000.0,60,2021,2021 Ford Ranger XLT,27000.0,4100.0,0.1196
APP-021930,2026-09-24,Broker,BRK-008,VIC,3393,Company,53681970583,45,Construction & trades,785,Ute / van,Diesel,New,0,61800.0,36,2026,2026 Toyota HiLux SR5,57100.0,16100.0,0.0724
APP-021931,2026-09-24,Broker,BRK-014,NSW,2647,Trust,51066902436,480,Transport & logistics,639,Ute / van,Diesel,New,0,56700.0,48,2026,2026 Isuzu D-Max,55300.0,14000.0,0.0787
APP-021932,2026-09-24,Broker,BRK-004,NSW,2094,Company,73415670218,110,Construction & trades,755,Ute / van,Plug-in hybrid,Used,9,12900.0,36,2017,2017 BYD Shark 6,22700.0,0.0,0.0906
APP-021933,2026-09-24,Broker,BRK-046,SA,5083,Company,89219978377,14,Transport & logistics,751,Ute / van,Diesel,Used,6,33000.0,36,2020,2020 Ford Ranger XLT,26600.0,0.0,0.099
APP-021934,2026-09-25,Dealer,BRK-002,ACT,2603,Sole trader,72739964519,164,Retail trade,867,Ute / van,Plug-in hybrid,Used,4,36000.0,48,2022,2022 BYD Shark 6,36500.0,0.0,0.0762
APP-021935,2026-09-25,Broker,BRK-017,VIC,3730,Company,82495084969,206,Professional services,623,Car / SUV,Electric,Used,10,8400.0,36,2016,2016 BYD Atto 3,8600.0,0.0,0.0958
APP-021936,2026-09-25,Dealer,BRK-134,WA,6118,Sole trader,24850093388,56,Transport & logistics,748,Ute / van,Diesel,Used,1,41600.0,36,2025,2025 Mitsubishi Triton,38900.0,200.0,0.0764
APP-021937,2026-09-25,Broker,BRK-016,NSW,2293,Sole trader,73644877970,19,Wholesale trade,630,Truck,Diesel,New,0,198100.0,72,2026,2026 Fuso Canter,198900.0,0.0,0.0932
APP-021938,2026-09-25,Broker,BRK-001,QLD,4154,Partnership,45341516342,164,Transport & logistics,954,Trailer,None,New,0,45500.0,60,2026,2026 Tipper trailer,42300.0,1900.0,0.069
APP-021939,2026-09-25,Broker,BRK-001,NSW,2321,Company,91756451221,25,Professional services,930,Car / SUV,Petrol,Used,1,59100.0,60,2025,2025 Mazda CX-5,59300.0,0.0,0.069
APP-021940,2026-09-25,Broker,BRK-127,VIC,3256,Trust,16001541942,189,Transport & logistics,721,Other equipment,None,New,0,37100.0,60,2026,2026 Espresso machine,38100.0,0.0,0.0726
APP-021941,2026-09-25,Dealer,BRK-050,VIC,3078,Company,73772269688,21,Admin & support services,818,Ute / van,Diesel,Used,1,52200.0,60,2025,2025 Isuzu D-Max,53800.0,5700.0,0.0886
APP-021942,2026-09-25,Dealer,BRK-051,NSW,2535,Trust,77543071685,183,Professional services,825,Car / SUV,Petrol,New,0,51400.0,36,2026,2026 Mazda CX-5,51600.0,0.0,0.0706
APP-021943,2026-09-25,Broker,BRK-009,NSW,2719,Sole trader,89134508911,178,Agriculture,867,Ute / van,Diesel,New,0,61500.0,60,2026,2026 Toyota HiLux SR5,60600.0,3100.0,0.069
APP-021944,2026-09-25,Broker,BRK-019,VIC,3922,Sole trader,88644081381,34,Transport & logistics,469,Truck,Diesel,Used,9,96900.0,48,2017,2017 Isuzu NPR 45-155,94600.0,0.0,0.1015
APP-021945,2026-09-25,Broker,BRK-026,VIC,3603,Company,72978302052,60,Construction & trades,543,Earthmoving equipment,Diesel,New,0,128000.0,36,2026,2026 CAT 305 mini excavator,130000.0,9900.0,0.0924
APP-021946,2026-09-25,Broker,BRK-064,NSW,2073,Sole trader,89848666509,133,Retail trade,571,Ute / van,Diesel,New,0,54900.0,60,2026,2026 Ford Transit Custom,55800.0,0.0,0.0856
APP-021947,2026-09-25,Dealer,BRK-020,VIC,3244,Company,15265121829,44,Hospitality,647,Car / SUV,Hybrid,New,0,74000.0,36,2026,2026 Toyota RAV4 Hybrid,68700.0,0.0,0.0804
APP-021948,2026-09-25,Broker,BRK-006,NSW,2653,Sole trader,30186144116,115,Construction & trades,931,Earthmoving equipment,Diesel,Used,1,132000.0,48,2025,2025 Komatsu PC55 excavator,110200.0,0.0,0.069
APP-021949,2026-09-25,Broker,BRK-023,NSW,2895,Sole trader,79627476227,480,Professional services,607,Car / SUV,Electric,New,0,54700.0,48,2026,2026 Tesla Model Y,56000.0,1600.0,0.0826
APP-021950,2026-09-25,Dealer,BRK-045,VIC,3601,Trust,43375042357,10,Health care,874,Car / SUV,Hybrid,Used,1,36100.0,36,2025,2025 Toyota Camry Hybrid,36800.0,8100.0,0.0818
APP-021951,2026-09-25,Broker,BRK-001,NSW,2756,Sole trader,30525046884,12,Wholesale trade,773,Ute / van,Diesel,New,0,40900.0,48,2026,2026 Ford Ranger XLT,42200.0,4800.0,0.0809
APP-021952,2026-09-25,Broker,BRK-017,QLD,4365,Sole trader,74224104498,84,Construction & trades,683,Car / SUV,Electric,New,0,62400.0,60,2026,2026 MG ZS EV,64300.0,19100.0,0.0729
APP-021953,2026-09-25,Broker,BRK-008,NSW,2013,Company,29227662481,64,Other services,988,Car / SUV,Petrol,New,0,59500.0,48,2026,2026 Hyundai Tucson,60800.0,14200.0,0.069
APP-021954,2026-09-26,Broker,BRK-105,NSW,2767,Sole trader,93638211198,42,Construction & trades,691,Trailer,None,Used,9,26900.0,120,2017,2017 Tipper trailer,27500.0,0.0,0.0852
APP-021955,2026-09-26,Broker,BRK-011,VIC,3824,Company,44753165395,33,Professional services,661,Car / SUV,Petrol,Used,9,16500.0,60,2017,2017 Hyundai Tucson,16200.0,5100.0,0.0985
APP-021956,2026-09-26,Broker,BRK-036,NSW,2153,Sole trader,78212366704,50,Transport & logistics,520,Truck,Diesel,New,0,87300.0,60,2026,2026 Isuzu NPR 45-155,90500.0,1000.0,0.0887
APP-021957,2026-09-26,Broker,BRK-015,NSW,2282,Sole trader,55314857111,150,Manufacturing,633,Other equipment,None,Used,4,10800.0,60,2022,2022 Dental chair,10000.0,0.0,0.092
APP-021958,2026-09-26,Broker,BRK-077,QLD,4392,Company,35217914002,94,Construction & trades,932,Earthmoving equipment,Diesel,Used,7,62800.0,60,2019,2019 CAT 305 mini excavator,63500.0,10500.0,0.0694
APP-021959,2026-09-26,Broker,BRK-118,NSW,2396,Trust,64009055070,33,Transport & logistics,765,Truck,Diesel,New,0,211100.0,84,2026,2026 Hino 300 Series,212800.0,8100.0,0.0697
APP-021960,2026-09-26,Dealer,BRK-001,QLD,4217,Company,17858451224,200,Transport & logistics,839,Ute / van,Diesel,New,0,69900.0,36,2026,2026 Toyota HiAce,72500.0,16000.0,0.069
APP-021961,2026-09-26,Broker,BRK-001,NSW,2806,Sole trader,25983498692,139,Manufacturing,708,Ute / van,Diesel,New,0,40500.0,60,2026,2026 Toyota HiAce,39900.0,0.0,0.0719
APP-021962,2026-09-26,Broker,BRK-050,VIC,3258,Company,33031924956,57,Construction & trades,669,Ute / van,Diesel,New,0,66600.0,60,2026,2026 Ford Ranegr XLT,68800.0,0.0,0.0814
APP-021963,2026-09-26,Broker,BRK-036,NSW,2290,Partnership,25198340587,14,Retail trade,980,Ute / van,Diesel,Used,3,27500.0,48,2023,2023 Ford Ranger XLT,22400.0,0.0,0.0858
APP-021964,2026-09-26,Dealer,BRK-025,NSW,2823,Sole trader,41127871831,47,Other services,1047,Ute / van,Diesel,New,0,51800.0,36,2026,2026 Toyota HiLux SR5,53600.0,17000.0,0.069
APP-021965,2026-09-26,Broker,BRK-013,QLD,4259,Company,17011119688,136,Manufacturing,792,Truck,Diesel,New,0,305600.0,60,2026,2026 Fuso Canter,306800.0,73700.0,0.0732
APP-021966,2026-09-26,Broker,BRK-060,QLD,4989,Sole trader,71013160732,153,Construction & trades,895,Ute / van,Diesel,New,0,61500.0,36,2026,2026 Ford Transit Custom,60200.0,300.0,0.069
APP-021967,2026-09-26,Broker,BRK-049,NSW,2552,Partnership,18213761357,89,Construction & trades,714,Trailer,None,Used,4,7800.0,36,2022,2022 Flat top trailer,8100.0,0.0,0.0937
APP-021968,2026-09-26,Broker,BRK-012,NSW,2188,Sole trader,44313199374,111,Retail trade,426,Ute / van,Plug-in hybrid,New,0,60800.0,60,2026,2026 BYD Shark 6,60900.0,0.0,0.1083
APP-021969,2026-09-26,Broker,BRK-007,VIC,3562,Company,58162178906,60,Health care,763,Other equipment,None,New,0,39900.0,60,2026,2026 Espresso machine,40600.0,0.0,0.069
APP-021970,2026-09-26,Broker,BRK-132,NSW,2058,Company,22118113292,99,Transport & logistics,1001,Ute / van,Diesel,Used,8,14800.0,48,2018,2018 Ford Transit Custom,14900.0,5500.0,0.069
APP-021971,2026-09-26,Broker,BRK-012,VIC,3927,Company,70767543315,32,Construction & trades,680,Ute / van,Plug-in hybrid,Used,4,38100.0,36,2022,2022 BYD Shark 6,39400.0,12100.0,0.0913
APP-021972,2026-09-26,Broker,BRK-003,WA,6358,Company,93065715721,78,Transport & logistics,796,Trailer,None,Used,4,11900.0,24,2022,2022 Tandem box trailer,12200.0,600.0,0.0819
APP-021973,2026-09-26,Broker,BRK-131,QLD,4563,Partnership,22697365239,133,Agriculture,1004,Trailer,None,Used,9,21600.0,36,2017,2017 Tandem box trailer,20100.0,1100.0,0.0692
APP-021974,2026-09-26,Broker,BRK-050,NSW,2622,Sole trader,46317876507,398,Hospitality,679,Car / SUV,Electric,Used,2,25500.0,60,2024,2024 BYD Atto 3,25600.0,9900.0,0.0944
APP-021975,2026-09-26,Broker,BRK-026,NSW,2429,Sole trader,42658112713,79,Professional services,677,Car / SUV,Petrol,New,0,59000.0,48,2026,2026 Kia Sportage,59500.0,0.0,0.0788
APP-021976,2026-09-26,Broker,BRK-064,VIC,3784,Sole trader,46313303431,16,Hospitality,684,Ute / van,Diesel,Used,8,21300.0,48,2018,2018 Ford Transit Custom,17600.0,0.0,0.1065
APP-021977,2026-09-27,Broker,BRK-004,SA,5370,Trust,91903950249,27,Hospitality,602,Car / SUV,Petrol,Used,10,12600.0,48,2016,2016 Hyundai Tucson,11600.0,4300.0,0.1025
APP-021978,2026-09-27,Broker,BRK-026,NSW,2832,Partnership,50191979370,323,Professional services,594,Car / SUV,Electric,Used,9,17300.0,36,2017,2017 MG ZS V,15600.0,300.0,0.1031
APP-021979,2026-09-27,Broker,BRK-005,NSW,2548,Trust,62816542986,17,Retail trade,838,Ute / van,Diesel,New,0,79500.0,60,2026,2026 Mitsubishi Triton,82300.0,3100.0,0.0752
APP-021980,2026-09-27,Broker,BRK-093,VIC,3702,Company,10569269549,21,Agriculture,623,Agricultural machinery,Diesel,Used,10,42500.0,60,2016,2016 John Deere 6120M tractor,44000.0,0.0,0.0998
APP-021981,2026-09-27,Broker,BRK-002,VIC,3370,Sole trader,81490593607,222,Construction & trades,637,Truck,Diesel,Used,6,143200.0,48,2020,2020 Hino 300 Series,141400.0,0.0,0.0843
APP-021982,2026-09-27,Broker,BRK-004,ACT,2608,Sole trader,80910211084,382,Health care,770,Other equipment,None,New,0,111300.0,36,2026,2026 Dental chair,113400.0,0.0,0.069
APP-021983,2026-09-27,Broker,BRK-004,VIC,3472,Sole trader,37846976362,18,Construction & trades,550,Earthmoving equipment,Diesel,New,0,82600.0,36,2026,2026 CAT 305 mini excavator,82800.0,2000.0,0.1045
APP-021984,2026-09-27,Broker,BRK-014,NSW,2325,Sole trader,21852306835,61,Retail trade,779,Other equipment,LPG,Used,5,6300.0,36,2021,2021 Toyota 8FG25 forklift,6500.0,0.0,0.0863
APP-021985,2026-09-27,Broker,BRK-002,QLD,4386,Trust,70365855377,23,Construction & trades,699,Earthmoving equipment,Diesel,Used,3,79800.0,60,2023,2023 Bobcat S650 skid steer,82600.0,8400.0,0.0898
APP-021986,2026-09-27,Broker,BRK-024,NSW,2754,Sole trader,45425036527,99,Construction & trades,773,Truck,Diesel,New,0,284300.0,48,2026,2026 Hino 300 Series,292800.0,55500.0,0.069
APP-021987,2026-09-27,Dealer,BRK-056,WA,6700,Company,82860964800,46,Retail trade,730,Other equipment,None,Used,4,7400.0,60,2022,2022 CNC router,6800.0,0.0,0.0934
APP-021988,2026-09-27,Broker,BRK-001,VIC,3621,Trust,86308817495,71,Transport & logistics,676,Trailer,None,New,0,37100.0,48,2026,2026 Tandem box trailer,34800.0,3400.0,0.086
APP-021989,2026-09-27,Broker,BRK-101,WA,6485,Company,50615051863,68,Construction & trades,1015,Car / SUV,Petrol,New,0,47000.0,48,2026,2026 Hyundai Tucson,47500.0,0.0,0.069
APP-021990,2026-09-27,Broker,BRK-089,NSW,2173,Company,66183142185,25,Professional services,725,Other equipment,None,Used,2,36900.0,24,2024,2024 CNC router,35700.0,3400.0,0.0803
APP-021991,2026-09-27,Broker,BRK-001,QLD,4866,Company,86444817851,136,Wholesale trade,819,Ute / van,Diesel,Used,10,17300.0,48,2016,2016 Toyota HiLux SR5,17400.0,4000.0,0.0839
APP-021992,2026-09-27,Broker,BRK-001,QLD,2112,Trust,56050533465,231,Construction & trades,693,Earthmoving equipment,Diesel,Used,6,80300.0,48,2020,2020 CAT 305 mini excavator,82000.0,0.0,0.0897
APP-021993,2026-09-27,Broker,BRK-028,NSW,2653,Sole trader,69253157470,44,Transport & logistics,746,Trailer,None,Used,2,34700.0,36,2024,2024 Tipper traile,34900.0,600.0,0.0726
APP-021994,2026-09-27,Dealer,BRK-007,VIC,3184,Company,91903979689,80,Transport & logistics,904,Truck,Diesel,Used,3,70000.0,72,2023,2023 Isuzu NPR 45-155,72200.0,18000.0,0.0793
APP-021995,2026-09-27,Broker,BRK-018,QLD,4051,Trust,85138763747,87,Admin & support services,802,Car / SUV,Petrol,New,0,49400.0,36,2026,2026 Kia Sportage,45600.0,2500.0,0.069
APP-021996,2026-09-27,Broker,BRK-027,QLD,4119,Trust,45104818660,109,Transport & logistics,744,Truck,Diesel,New,0,173000.0,72,2026,2026 Hino 300 Series,162000.0,0.0,0.0713
APP-021997,2026-09-27,Broker,BRK-037,NSW,2424,Company,88727700900,78,Hospitality,745,Ute / van,Plug-in hybrid,New,0,68700.0,60,2026,2026 BYD Shark 6,69500.0,0.0,0.0709
APP-021998,2026-09-27,Broker,BRK-055,NSW,2886,Sole trader,55814744037,235,Agriculture,798,Agricultural machinery,Diesel,Used,9,77500.0,60,2017,2017 Kubota M7 tractor,80600.0,14300.0,0.0758
APP-021999,2026-09-27,Broker,BRK-091,NSW,2089,Partnership,47186336475,161,Admin & support services,922,Car / SUV,Electric,Used,1,49500.0,48,2025,2025 BYD Atto 3,51000.0,0.0,0.069
APP-022000,2026-09-27,Dealer,BRK-032,NSW,2849,Company,35689365969,339,Retail trade,911,Other equipment,None,Used,1,67300.0,48,2025,2025 Dental chair,69600.0,5500.0,0.0708
APP-022000-R,2026-09-28,Dealer,BRK-032,NSW,2849,Company,35689365969,339,Retail trade,911,Other equipment,None,Used,1,67300.0,48,2025,2025 Dental chair,69600.0,5500.0,0.0708
