tree
version=v4
num_class=1
num_tree_per_iteration=1
label_index=0
max_feature_idx=11
objective=binary sigmoid:1
feature_names=credit_score abn_age_months loan_amount term_months balloon_pct balloon_gap asset_age_years asset_age_at_end lvr industry asset_category condition
monotone_constraints=-1 -1 0 0 0 1 0 1 1 0 0 0
feature_infos=[215:1200] [1:480] [1800:362500] [24:84] [0:0.40000000000000002] none [0:10] [2:17] [0.79591836734693877:1.0487804878048781] -1:2:11:9:1:5:10:8:4:3:0:12:7 -1:6:1:3:5:4:2:0 -1:0:1
tree_sizes=1692 1748 1759 1730 1755 1753 1751 1761 1758 1750 1762 1750 1744 1755 1728 1752 1739 1750 1765 1740 1749 1753 1751 1753 1760 1731 1734 1755 1757 1734 1757 1750 1732 1754 1747 1754 1738 1744 1736 1764 1739 1723 1759 1750 1733 1746 1729 1744 1747 1730 1748 1718 1744 1747 1763 1767 1746 1742 1742 1742 1737 1726 1767 1751 1745 1765 1742 1753 1729 1715 1756 1753 1742 1734 1746 1738 1721 1741 1764 1755 1730 1723 1755 1741 1532 1748 1745 1751 1743 1763 1444 1754 1733 1751 1735 1741 1757 1746 1751 1745 1769 1765 1745 1759 1742 1757 1741 1743 1763

Tree=0
num_leaves=15
num_cat=1
split_feature=0 0 0 9 7 8 8 1 7 1 1 1 4 0
split_gain=189.868 53.3318 23.1093 10.325 10.2219 7.0136 5.45492 4.06391 3.01665 2.55456 1.63487 1.44667 1.02057 0.941088
threshold=649.50000000000011 494.50000000000006 754.50000000000011 0 10.500000000000002 1.0053529662489122 1.0300048402710555 190.50000000000003 9.5000000000000018 14.500000000000002 62.500000000000007 9.5000000000000018 0.15547680705101999 657.50000000000011
decision_type=2 2 2 9 2 2 2 2 2 2 2 2 2 2
left_child=1 -1 3 5 -3 8 11 -6 12 -5 -8 -4 -2 -11
right_child=2 4 6 9 7 -7 10 -9 -10 13 -12 -13 -14 -15
leaf_value=-2.9002481187873093 -2.9748279612985664 -2.9532089413527189 -2.9748279612985664 -2.9583447177436368 -2.9260375429752679 -2.9532089413527189 -2.9739947057843863 -2.9532089413527189 -2.9557537280274029 -2.962042108068883 -2.9842351876264419 -2.9867396123540817 -2.9633975836263815 -2.9739947057843863
leaf_weight=23.658814340829849 15.275769889354718 94.588684894144535 4.5641019791364661 5.8215586468577376 20.165879152715213 24.310828909277916 12.993718899786474 3.7257975339889517 5.8681311160325995 6.1009934619069091 15.368914827704428 178.97799903899431 4.7969643250107756 85.879633158445358
leaf_count=508 328 2031 98 125 433 522 279 80 126 131 330 3843 103 1844
internal_value=-2.96644 -2.93767 -2.97804 -2.96881 -2.94752 -2.9589 -2.98428 -2.93115 -2.9695 -2.97399 -2.97399 -2.98621 -2.97483 -2.97399
internal_weight=502.098 142.139 359.959 148.054 118.48 50.2517 211.905 23.8917 25.9409 97.8022 28.3626 183.542 20.0727 91.9806
internal_count=10781 3052 7729 3179 2544 1079 4550 513 557 2100 609 3941 431 1975
cat_boundaries=0 1
cat_threshold=1284
is_linear=0
shrinkage=1


Tree=1
num_leaves=15
num_cat=2
split_feature=0 0 0 9 8 7 0 7 8 8 10 8 6 0
split_gain=177.303 46.0526 20.8668 10.2497 12.1631 7.00013 4.25504 2.85157 2.67112 2.51451 2.26237 1.65601 1.21824 1.02528
threshold=651.50000000000011 494.50000000000006 754.50000000000011 0 1.0029009551632315 10.500000000000002 691.50000000000011 12.500000000000002 1.0270334376121855 1.0300048402710555 1 0.90284557547715449 4.5000000000000009 667.50000000000011
decision_type=2 2 2 9 2 2 2 2 2 2 1 2 2 2
left_child=1 -1 3 4 7 11 12 10 -8 -4 -2 -3 -5 -12
right_child=2 5 9 6 -6 -7 8 -9 -10 -11 13 -13 -14 -15
leaf_value=0.061994309071483053 0.0048482164389255416 0.0048482164389255416 -0.018782454080710387 -0.00064142436052496777 0.016910374817818517 0.033274374774216943 -0.017423728357533929 0.010075528494350318 -0.00064142436052496777 -0.0073425336429938648 -3.5794243978079503e-06 0.016910374817818517 0.0048482164389255416 -0.016651578201749548
leaf_weight=23.920530885457993 5.4219910576939592 12.299613151699303 181.74641240388155 18.906917005777373 36.633361842483282 24.718607272952795 39.392032712697983 3.8345498964190474 8.5610838681459409 28.811051733791828 3.8058168627321782 84.581921696662903 7.4148318804800502 21.714328665286303
leaf_count=484 117 261 3974 408 782 514 851 82 185 626 82 1795 160 468
internal_value=-9.30773e-05 0.0272635 -0.0114906 -0.0026218 0.00517523 0.0182528 -0.00943443 -0.00645716 -0.0155263 -0.0174237 -0.00962261 0.0169104 -0.000641424 -0.0109789
internal_weight=501.763 145.521 356.242 145.685 71.41 121.6 74.2749 34.7767 47.9531 210.557 30.9421 96.8815 26.3217 25.5201
internal_count=10789 3054 7735 3135 1531 2570 1604 749 1036 4600 667 2056 568 550
cat_boundaries=0 1 2
cat_threshold=1415 49
is_linear=0
shrinkage=0.03


Tree=2
num_leaves=15
num_cat=1
split_feature=0 0 0 9 8 1 1 6 6 1 0 4 4 1
split_gain=163.977 36.4075 15.383 9.37699 7.88368 6.46645 4.24611 4.24567 3.09034 2.85897 2.80765 2.7867 2.40226 3.2916
threshold=589.50000000000011 750.50000000000011 494.50000000000006 0 1.0040472290472293 30.500000000000004 8.5000000000000018 4.5000000000000009 6.5000000000000009 69.500000000000014 661.50000000000011 0.15547680705101999 0.21001503164734725 51.500000000000007
decision_type=2 2 2 9 2 2 2 2 2 2 2 2 2 2
left_child=2 3 -1 4 9 -5 -3 -4 -8 10 -2 -7 -13 -14
right_child=1 6 7 5 -6 11 8 -9 -10 -11 -12 12 13 -15
leaf_value=0.055800538246447415 0.017583655640326049 -0.00042599961524090275 0.018990939242103627 0.0078737302340878158 0.018990939242103627 -0.0086080938805700828 -0.019145832048304244 0.037664890867208554 -0.0086080938805700828 -0.0080736559733320511 -0.00042599961524090275 0.0078737302340878158 0.0078737302340878158 -0.0086080938805700828
leaf_weight=25.594908967614174 6.7526862584054497 4.1026272960007182 41.963723424822092 28.674353957176208 35.484463449567556 85.592784103006124 168.15159606561065 16.762833837419748 43.833953361958265 17.053182445466518 10.960643190890549 6.4211112298071411 4.2066114582121399 12.386171549558638
leaf_count=490 141 90 878 612 740 1833 3730 342 972 365 238 137 90 266
internal_value=-0.000356803 -0.00805911 0.0366237 0.000943242 0.00881981 -0.00362112 -0.0165308 0.0245434 -0.0172154 -0.000426 0.00709316 -0.0071877 0.00192449 -0.00479126
internal_weight=507.942 423.62 84.3215 207.532 70.251 137.281 216.088 58.7266 211.986 34.7665 17.7133 108.607 23.0139 16.5928
internal_count=10924 9214 1710 4422 1484 2938 4792 1220 4702 744 379 2326 493 356
cat_boundaries=0 1
cat_threshold=1284
is_linear=0
shrinkage=0.03


Tree=3
num_leaves=15
num_cat=0
split_feature=0 0 2 0 0 1 6 1 0 4 4 0 2 7
split_gain=175.531 39.1525 19.1087 9.0443 8.15449 8.37879 7.69961 4.51536 2.87634 2.85253 5.36939 4.21382 2.67478 2.31994
threshold=647.50000000000011 494.50000000000006 29450.000000000004 756.50000000000011 779.50000000000011 18.500000000000004 5.5000000000000009 15.500000000000002 569.50000000000011 0.036875802674321979 0.061057606958991657 669.50000000000011 58550.000000000007 13.500000000000002
decision_type=2 2 2 2 2 2 2 2 2 2 2 2 2 2
left_child=1 -1 3 -2 5 -4 8 -5 12 -7 -11 -12 -3 -9
right_child=2 6 4 7 -6 9 -8 13 -10 10 11 -13 -14 -15
leaf_value=0.057470607625017163 0.010461450928068796 0.027334235650808929 0.0097654984815209126 0.010461450928068796 -0.020835214077702304 -0.016423197004889228 0.031267233420371993 -0.012387348102489199 0.010461450928068796 0.0097654984815209126 0.0070368944859475237 -0.013632756481431156 0.010461450928068796 0.0038029492642435011
leaf_weight=26.673251822590828 40.178314071148634 18.544598009437323 14.069699827581642 3.6820798180997363 125.53897996246815 65.046809792518616 29.44965124130249 44.124425232410431 59.584313694387674 7.5114181116223326 7.6370083838701239 42.38432202860713 15.337962906807659 7.1139385700225821
leaf_count=486 864 381 303 82 2832 1417 588 992 1240 164 162 924 315 159
internal_value=0.000233646 0.0269948 -0.0111887 0.000342179 -0.0152992 -0.0096574 0.0183935 -0.00731602 0.0129555 -0.0121821 -0.00645736 -0.0101243 0.02028 -0.0100012
internal_weight=506.877 149.59 357.287 95.0988 262.188 136.649 122.917 54.9204 93.4669 122.58 57.5327 50.0213 33.8826 51.2384
internal_count=10909 3010 7899 2097 5802 2970 2524 1233 1936 2667 1250 1086 696 1151
is_linear=0
shrinkage=0.03


Tree=4
num_leaves=15
num_cat=1
split_feature=0 0 2 9 2 0 8 1 1 0 1 0 4 2
split_gain=179.876 45.9628 12.1351 9.47471 8.43704 8.86169 7.31555 7.69208 4.86088 4.31196 4.57599 2.09914 2.92031 1.86958
threshold=575.50000000000011 716.50000000000011 17550.000000000004 0 33550.000000000007 452.50000000000006 1.0148468928525507 68.500000000000014 118.50000000000001 822.50000000000011 34.500000000000007 620.50000000000011 0.022776685201167723 56050.000000000007
decision_type=2 2 2 9 2 2 2 2 2 2 2 2 2 2
left_child=4 2 8 6 -1 -6 7 13 -2 10 -3 12 -5 -4
right_child=1 9 3 11 5 -7 -8 -9 -10 -11 -12 -13 -14 -15
leaf_value=0.05693707525621098 0.030327025541452703 -0.0050372548508364366 0.0031499033636262796 -0.0050372548508364366 0.051009962034514265 0.022815580613603514 0.022815580613603514 -0.011011049079262602 0.00025771592872803528 -0.020325975702964599 -0.014800024072296365 -0.0050372548508364366 0.012829281970980561 0.022250298094548593
leaf_weight=22.819969192147255 14.499297812581064 33.714490875601768 10.771070905029775 12.469716671854259 11.026633586734532 44.551076106727123 19.095042794942856 17.266194723546505 6.5501093901693812 122.51622759178281 103.39588490873575 70.823429346084595 10.027725681662558 6.848205041140317
leaf_count=426 297 750 225 256 191 869 391 365 136 2804 2319 1523 205 143
internal_value=-0.000443721 -0.00821031 0.00393918 0.000581265 0.0399048 0.0287892 0.00919343 0.00170812 0.0228156 -0.016014 -0.0115815 -0.00503725 0.00358004 0.0138512
internal_weight=506.375 427.977 168.351 147.301 78.3977 55.5777 53.9805 34.8855 21.0494 259.627 137.11 93.3209 22.4974 17.6193
internal_count=10900 9414 3541 3108 1486 1060 1124 733 433 5873 3069 1984 461 368
cat_boundaries=0 1
cat_threshold=1412
is_linear=0
shrinkage=0.03


Tree=5
num_leaves=15
num_cat=1
split_feature=9 2 3 1 7 8 1 8 2 4 2 1 2 8
split_gain=26.1317 15.3252 9.9291 7.64777 7.02824 5.78991 4.55113 3.80647 6.09953 6.75418 5.20701 3.56834 3.72199 3.2897
threshold=0 19650.000000000004 42.000000000000007 34.500000000000007 6.5000000000000009 1.0014513818672059 47.500000000000007 1.0001747640685077 43650.000000000007 0.0036875412086978397 225250.00000000003 95.500000000000014 39450.000000000007 1.0162118358228571
decision_type=9 2 2 2 2 2 2 2 2 2 2 2 2 2
left_child=4 2 -2 -4 5 6 12 -3 9 -9 -10 -7 -1 -12
right_child=1 7 3 -5 -6 11 -8 8 10 -11 13 -13 -14 -15
leaf_value=-0.0085009417350083941 -0.0059959842799240347 -0.012158782249721212 0.041907695769435212 0.007642181410723905 0.015176478548847169 0.014704893587798765 -0.0085009417350083941 0.016367746373215263 -0.010674188562495917 -0.0062504720461433469 -0.0069969788287435044 0.00069376410985490559 0.012699454673443142 0.019408037661240468
leaf_weight=4.0715857371687951 17.598924558609724 111.50112101063132 5.7158848308026817 19.680374532938004 85.618016112595797 41.844238236546516 38.341878287494183 18.32572353258729 87.4038289450109 20.206543654203415 3.8727624006569368 25.930179353803396 18.225370056927204 5.1608755476772785
leaf_count=88 377 2427 117 420 1810 892 843 396 1903 436 85 555 393 112
internal_value=0.000732154 -0.00506232 0.0104633 0.0209792 0.0083552 0.00403513 -0.00261976 -0.00812615 -0.00447939 0.00515105 -0.00839153 0.00976027 0.00719819 0.0096283
internal_weight=503.497 289.466 42.9952 25.3963 214.031 128.413 60.6388 246.471 134.97 38.5323 96.4375 67.7744 22.297 9.03364
internal_count=10854 6273 914 537 4581 2771 1324 5359 2932 832 2100 1447 481 197
cat_boundaries=0 1
cat_threshold=1428
is_linear=0
shrinkage=0.03


Tree=6
num_leaves=15
num_cat=1
split_feature=0 0 9 0 7 2 4 0 1 7 2 2 2 7
split_gain=163.59 19.6432 16.071 10.7209 9.59111 8.1417 12.3039 6.77579 4.66722 4.36865 2.60951 1.91693 1.67475 1.51792
threshold=653.50000000000011 494.50000000000006 0 764.50000000000011 3.5000000000000004 20750.000000000004 0.1491045138720179 691.50000000000011 11.500000000000002 12.500000000000002 96450.000000000015 285650.00000000006 39050.000000000007 9.5000000000000018
decision_type=2 2 9 2 2 2 2 2 2 2 2 2 2 2
left_child=1 4 3 5 -1 -2 10 12 -9 11 -7 -10 -4 -3
right_child=2 13 7 -5 -6 6 -8 8 9 -11 -12 -13 -14 -15
leaf_value=0.018408846466455166 0.018408846466455166 0.018408846466455166 0.0063240040374790557 -0.0098798147041720876 0.053234109884806299 -0.0098798147041720876 0.018408846466455166 -0.0035711119477996878 -0.02223082427049132 -0.0053725507802413362 0.0077296066052881494 -0.0053725507802413362 -0.0035711119477996878 0.026996406216168965
leaf_weight=4.8113079220056632 8.7926686331629735 98.816329635679722 11.045173816382883 66.33213622123003 24.664939284324646 31.499067220836878 13.36124052479863 6.8101656511425963 152.35466802865267 20.575188472867012 4.3611314110457888 3.5805658921599379 21.797619670629501 36.501207049936056
leaf_count=81 182 2005 236 1529 410 673 284 152 3517 464 93 82 481 696
internal_value=0.000380833 0.0244894 -0.0114724 -0.00183834 0.0456857 0.00711877 0.000673939 -0.0160391 -0.0189704 -0.0199884 -0.00860701 -0.0216901 -0.00357111 0.0184088
internal_weight=505.303 164.794 340.51 124.346 29.4762 58.0141 49.2214 216.163 183.321 176.51 35.8602 155.935 32.8428 135.318
internal_count=10885 3192 7693 2761 491 1232 1050 4932 4215 4063 766 3599 717 2701
cat_boundaries=0 1
cat_threshold=1412
is_linear=0
shrinkage=0.03


Tree=7
num_leaves=15
num_cat=1
split_feature=2 3 4 1 1 4 10 4 8 4 4 4 2 2
split_gain=23.6605 15.8132 7.29816 7.24388 7.01012 6.39659 7.57507 5.91601 4.74531 3.84312 6.74167 3.45553 3.36999 3.99857
threshold=29450.000000000004 54.000000000000007 0.093856418650117082 48.500000000000007 17.500000000000004 0.075326346269951536 0 0.0024110989030154003 0.93081421043685209 0.26390570352434767 0.0068454635624526526 0.11031343360461524 135850.00000000003 44550.000000000007
decision_type=2 2 2 2 2 2 1 2 2 2 2 2 2 2
left_child=1 4 -3 5 -1 6 7 12 -6 10 -10 -7 13 -2
right_child=3 2 -4 -5 8 11 -8 -9 9 -11 -12 -13 -14 -15
leaf_value=0.023010673815068491 -0.0020585458390783001 0.031661251610715868 0.0029511192570042303 -0.0070399704655158078 -0.010237373627302244 0.022288738972095164 -0.0070399704655158078 -0.0070399704655158078 0.01050418460125957 0.020539655846156323 -0.0088381970633104549 0.0044596275133563477 -0.0028369516224361754 0.025116532522544741
leaf_weight=8.8650179021060449 5.4329514876008096 30.202406171709299 11.729727201163767 232.8907418102026 23.488678351044655 9.6269403733313066 48.611923277378082 8.2300877682864648 27.962635863572359 6.0846478082239619 26.978766139596701 41.017374437302351 6.7629387192428103 15.777077469974754
leaf_count=178 117 627 248 5091 503 206 1053 178 589 128 569 881 147 338
internal_value=6.43098e-05 0.0105665 0.0248001 -0.00388346 0.00323928 0.00160083 -0.00341128 0.00639293 -4.05987e-06 0.00441168 0.00106122 0.009547 0.0141631 0.0190908
internal_weight=503.662 135.312 41.9321 368.35 93.3797 135.459 84.815 36.2031 84.5147 61.026 54.9414 50.6443 27.973 21.21
internal_count=10853 2842 875 8011 1967 2920 1833 780 1789 1286 1158 1087 602 455
cat_boundaries=0 1
cat_threshold=38
is_linear=0
shrinkage=0.03


Tree=8
num_leaves=15
num_cat=1
split_feature=0 0 0 8 7 9 0 1 1 1 8 7 7 7
split_gain=149.105 28.1692 10.7848 9.32524 6.88103 8.87066 4.73846 4.51809 3.22013 3.10718 2.83543 2.22777 1.81164 0.199362
threshold=649.50000000000011 494.50000000000006 691.50000000000011 1.0300048402710555 9.5000000000000018 0 560.50000000000011 62.500000000000007 62.500000000000007 16.500000000000004 0.98364001338240226 10.500000000000002 3.5000000000000004 11.500000000000002
decision_type=2 2 2 2 2 9 2 2 2 2 2 2 2 2
left_child=1 12 13 9 5 -3 10 -5 -6 -4 -7 -9 -1 -2
right_child=2 4 3 7 8 6 -8 11 -10 -11 -12 -13 -14 -15
leaf_value=0.019696024573738615 -0.00014791398269834764 0.019696024573738615 -0.0039117369895778232 -0.00014791398269834764 0.036593433254963913 -0.00014791398269834764 -0.00014791398269834764 -0.017049178923050197 0.019696024573738615 -0.017701951508053464 0.019696024573738615 -0.00014791398269834764 0.049895430761008844 0.0034433826106944582
leaf_weight=5.0644495263695957 46.501472320407629 30.449102681130171 19.20092124119401 18.448649849742651 17.04706371948123 7.9164817146956947 46.043578833341599 16.346510615199815 18.805636525154114 227.37770244851708 11.212067719548939 4.6359584815800181 26.567317999899387 8.9202444814145547
leaf_count=84 1001 605 427 413 310 155 933 375 352 5291 218 103 421 184
internal_value=-0.00105082 0.0221432 -0.0122905 -0.0146005 0.014946 0.00984997 0.00119679 -0.00091574 0.0256683 -0.0167272 0.0133956 -0.0126983 0.0459345 -0.000147914
internal_weight=504.537 163.106 341.431 286.01 131.474 95.6212 65.1721 39.4311 35.8527 246.579 19.1285 20.9825 31.6318 55.4217
internal_count=10872 3078 7794 6609 2573 1911 1306 891 662 5718 373 478 505 1185
cat_boundaries=0 1
cat_threshold=1936
is_linear=0
shrinkage=0.03


Tree=9
num_leaves=15
num_cat=1
split_feature=0 0 0 2 2 9 3 8 2 2 2 0 1 8
split_gain=132.799 23.4338 17.3149 6.93028 6.69536 9.96266 5.91495 4.73402 3.9864 4.03361 3.57031 3.06942 2.56256 2.40759
threshold=649.50000000000011 462.50000000000006 756.50000000000011 30850.000000000004 35450.000000000007 0 54.000000000000007 1.0042538112399537 145600.00000000003 48250.000000000007 19350.000000000004 601.50000000000011 68.500000000000014 1.0029009551632315
decision_type=2 2 2 2 2 9 2 2 2 2 2 2 2 2
left_child=1 -1 10 7 6 -6 -3 -4 9 12 -2 -8 -7 -12
right_child=2 4 3 -5 5 8 11 -9 -10 -11 13 -13 -14 -15
leaf_value=0.049529517856275532 0.0078412073085131744 0.014452607012519783 -0.015403522622129958 -0.020381334073942235 -0.0030268928043531507 0.013761531155571844 0.049268257417585282 -0.0030268928043531507 -0.0016511933397779144 0.02278279129750594 -0.009758707277541032 0.010992773616418325 -0.0030268928043531507 -0.0030268928043531507
leaf_weight=19.709388934075832 22.592345725744963 32.774463273584843 29.198090750724077 134.99599404633045 16.811645269393921 9.6862645670771617 8.4094878099858708 26.196969788521528 9.2520316839218122 49.0769351311028 57.544450029730797 6.4249217659235009 10.592523779720066 67.867958717048168
leaf_count=301 475 602 687 3259 332 184 143 605 181 950 1303 120 207 1485
internal_value=-0.000195612 0.0216856 -0.010881 -0.0167529 0.0163054 0.0107694 0.0253226 -0.00695536 0.0143634 0.0183989 -0.00302689 0.0396409 0.00538148 -0.00302689
internal_weight=501.133 162.738 338.396 190.391 143.028 95.4194 47.6089 55.3951 78.6078 69.3557 148.005 14.8344 20.2788 125.412
internal_count=10834 3020 7814 4551 2719 1854 865 1292 1522 1341 3263 263 391 2788
cat_boundaries=0 1
cat_threshold=11
is_linear=0
shrinkage=0.03


Tree=10
num_leaves=15
num_cat=1
split_feature=0 0 9 2 0 4 0 7 8 4 8 2 8 8
split_gain=115.218 23.0229 14.4539 9.04927 7.52374 6.40024 5.78804 5.33328 4.50386 4.56255 3.07277 3.28696 2.49576 2.30499
threshold=661.50000000000011 494.50000000000006 0 29450.000000000004 729.50000000000011 0.15928399524467687 821.50000000000011 13.500000000000002 1.0040472290472293 0.0036875412086978397 1.0159299109295306 66050.000000000015 0.95723416098443448 1.0300048402710555
decision_type=2 2 9 2 2 2 2 2 2 2 2 2 2 2
left_child=1 5 3 8 -4 -1 10 13 9 -2 11 -5 -13 -6
right_child=2 -3 4 6 7 -7 -8 -9 -10 -11 -12 12 -14 -15
leaf_value=0.048049521167645111 0.012129951726840142 0.013860492841727657 -0.0053486642248841169 -0.010219157183234278 -0.021709981961623954 0.013860492841727657 -0.01521804008437588 -0.0053486642248841169 0.013860492841727657 -0.013346633838582294 0.0093023453627871008 -0.0080210974863781301 0.0093023453627871008 -0.0076247303529978078
leaf_weight=24.997241262346506 6.8660617657005814 146.46401093900204 61.894781716167927 23.619016278535128 117.15999262407422 8.1359272710978967 28.897702649235725 11.019977450370787 14.381494816392658 8.651251193135975 17.964583810418844 4.2771401666104776 7.3849411867558956 19.275972492992878
leaf_count=372 155 2825 1394 544 2862 121 703 254 311 196 392 99 166 456
internal_value=0.00093414 0.0198677 -0.00978838 -0.000342321 -0.0140466 0.0411232 -0.00552621 -0.0183238 0.012553 -0.00186494 0.000588614 -0.00445222 0.00678919 -0.0200599
internal_weight=500.99 179.597 321.393 112.042 209.351 33.1332 82.1434 147.456 29.8988 15.5173 53.2457 35.2811 11.6621 136.436
internal_count=10850 3318 7532 2566 4966 493 1904 3572 662 351 1201 809 265 3318
cat_boundaries=0 1
cat_threshold=1284
is_linear=0
shrinkage=0.03


Tree=11
num_leaves=15
num_cat=2
split_feature=0 0 0 6 9 1 2 3 0 9 4 4 0 2
split_gain=138.209 21.3927 13.2113 10.737 6.19938 5.92916 5.34123 4.43091 2.7979 2.50232 2.62522 1.51037 1.14415 1.24471
threshold=659.50000000000011 569.50000000000011 754.50000000000011 1.0000000180025095e-35 0 68.500000000000014 49850.000000000007 42.000000000000007 470.50000000000006 1 0.078890887207860264 0.03613755722189458 691.50000000000011 51450.000000000007
decision_type=2 2 2 2 9 2 2 2 2 9 2 2 2 2
left_child=1 8 4 9 -2 -5 -4 -7 -1 10 -3 -9 13 -6
right_child=2 3 6 5 12 7 -8 11 -10 -11 -12 -13 -14 -15
leaf_value=0.045009003884868191 0.00070112448381095876 0.019420933307808402 -0.010483991057108897 0.028909526719313346 0.00070112448381095876 0.00070112448381095876 -0.021640327283707871 0.0037310128700238031 0.028909526719313346 0.00070112448381095876 0.00070112448381095876 0.022493614044931765 -0.010483991057108897 -0.0088842137990223988
leaf_weight=24.585654124617577 72.933551259338856 11.604971408843996 97.38922481611371 26.262274641543627 10.10766599699855 6.6410110816359547 88.729916460812092 8.7715605497360247 57.757812395691872 31.725423038005829 5.6618668884038916 8.4338422231376153 42.007658258080482 9.9355434179306013
leaf_count=350 1590 233 2364 485 218 128 2212 168 1020 633 111 162 977 223
internal_value=0.000646599 0.0212432 -0.0111391 0.0109925 -0.0037912 0.020078 -0.0162296 0.00702677 0.0322446 0.000701124 0.00907828 0.0159221 -0.0097505 -0.00245567
internal_weight=502.548 181.444 321.104 99.1009 134.984 50.1087 186.119 23.8464 82.3435 48.9923 17.2668 17.2054 62.0509 20.0432
internal_count=10874 3290 7584 1920 3008 943 4576 458 1370 977 344 330 1418 441
cat_boundaries=0 1 2
cat_threshold=5383 2944
is_linear=0
shrinkage=0.03


Tree=12
num_leaves=15
num_cat=1
split_feature=0 0 0 6 2 8 9 8 6 0 2 2 0 4
split_gain=128.979 20.0169 10.0278 8.29805 6.85866 9.3847 3.93062 3.47328 3.3498 2.96411 2.70603 2.53972 3.06647 2.02217
threshold=661.50000000000011 488.50000000000006 691.50000000000011 5.5000000000000009 29450.000000000004 1.0103851166134905 0 1.0327937790401085 4.5000000000000009 779.50000000000011 26950.000000000004 164450.00000000003 620.50000000000011 0.13022370771874534
decision_type=2 2 2 2 2 2 9 2 2 2 2 2 2 2
left_child=1 13 -2 6 5 10 -3 -6 11 -9 -4 12 -8 -1
right_child=2 3 4 -5 7 -7 8 9 -10 -11 -12 -13 -14 -15
leaf_value=0.046350775973705655 0.0023286267043596811 0.0023286267043596811 -0.016228037908917466 0.02566724728930064 -0.017836850139220609 0.0023286267043596811 0.020377355997294035 0.0023286267043596811 0.0023286267043596811 -0.01250188063625709 0.0023286267043596811 0.0023286267043596811 0.0061580005273056317 0.02566724728930064
leaf_weight=24.427370518445969 39.520205732434988 21.641395673155785 40.947881478816271 38.887844432145357 175.59913566336036 30.766917567700148 53.224832933396101 8.8082119636237639 7.0347598493099204 11.287119302898644 4.3671350888907901 8.0342794954776746 25.349650528281927 8.5263738818466646
leaf_count=335 856 424 967 675 4340 699 992 199 128 278 104 156 506 120
internal_value=0.000241984 0.0196271 -0.0115369 0.014224 -0.0135587 -0.00543432 0.00945748 -0.0165033 0.0118194 -0.00361804 -0.0139661 0.014828 0.0164328 0.0397014
internal_weight=498.423 187.127 311.297 154.173 271.776 76.0819 115.285 195.694 93.6435 20.0953 45.315 86.6088 78.5745 32.9537
internal_count=10779 3336 7443 2881 6587 1770 2206 4817 1782 477 1071 1654 1498 455
cat_boundaries=0 1
cat_threshold=42
is_linear=0
shrinkage=0.03


Tree=13
num_leaves=15
num_cat=1
split_feature=0 0 0 9 6 1 8 1 7 4 7 7 1 4
split_gain=104.13 15.9385 7.84116 7.18683 7.26998 10.1534 6.92658 4.84618 5.01559 3.76847 3.85522 3.58358 3.92711 2.85175
threshold=661.50000000000011 494.50000000000006 764.50000000000011 0 7.5000000000000009 58.500000000000007 1.0270334376121855 312.50000000000006 10.500000000000002 0.15134024730753892 4.5000000000000009 13.500000000000002 9.5000000000000018 1.0000000180025095e-35
decision_type=2 2 2 9 2 2 2 2 2 2 2 2 2 2
left_child=1 -1 -2 6 13 -6 7 8 9 -3 -11 12 -4 -5
right_child=2 3 11 4 5 -7 -8 -9 -10 10 -12 -13 -14 -15
leaf_value=0.034219507214375305 -0.0047536425418624375 0.0042462840160171159 -0.0047536425418624375 0.0051500264921229971 0.034219507214375305 -0.0047536425418624375 0.034219507214375305 -0.0047536425418624375 0.028778906098945439 0.00010970292649100341 0.028778906098945439 -0.0047536425418624375 -0.01689367896694766 -0.0047536425418624375
leaf_weight=37.367666468024254 140.19894974678755 42.688346657902002 3.9608871154487124 25.304460279643536 5.2730050683021528 5.9821459241211414 15.646529357880352 4.8107605986297122 15.880312908440827 5.6248533725738517 8.2694726474583131 10.698745157569645 155.96118383482099 27.402012567967176
leaf_count=502 3194 803 94 484 86 105 283 91 266 106 155 255 3968 525
internal_value=0.000461127 0.0174391 -0.0102575 0.0125086 0.00234504 0.0202706 0.0170474 0.0134748 0.0155115 0.00975367 0.0210729 -0.0145159 -0.0157866 -0.00250116
internal_weight=505.069 194.25 310.82 156.882 63.9616 11.2552 92.9203 77.2737 72.463 56.5827 13.8943 170.621 159.922 52.7065
internal_count=10917 3406 7511 2904 1200 191 1704 1421 1330 1064 261 4317 4062 1009
cat_boundaries=0 1
cat_threshold=3476
is_linear=0
shrinkage=0.03


Tree=14
num_leaves=15
num_cat=3
split_feature=2 3 1 2 1 9 1 3 8 9 8 10 2 4
split_gain=22.8526 15.0758 10.2549 9.90343 9.51145 6.48659 5.9877 4.96979 4.71644 3.95789 3.71433 4.38463 3.154 3.12592
threshold=31350.000000000004 54.000000000000007 17.500000000000004 17950.000000000004 50.500000000000007 0 134.50000000000003 66.000000000000014 1.0074669754674903 1 1.0143317825635971 2 129550.00000000001 0.06935361377157083
decision_type=2 2 2 2 2 9 2 2 2 9 2 1 2 2
left_child=1 2 3 -1 5 10 8 -7 -3 -4 11 -2 -9 -13
right_child=4 6 9 -5 -6 7 -8 12 -10 -11 -12 13 -14 -15
leaf_value=0.043545621893100885 0.012386140249720953 0.014198734160846169 -0.010110229106315326 -0.00067776236275782253 -0.0075581373307883181 -0.0075481361575041872 0.0034251154239463067 0.020452889010750114 0.041206367616273117 -0.00067776236275782253 0.018293977270358541 -0.0075581373307883181 -0.0038613258587369744 0.0068568113846205689
leaf_weight=5.0599653124809247 10.764286249876021 20.631465844810009 25.165540132671595 5.1546686477959156 220.30718186497688 61.522848445922136 12.315028198063372 6.094456132501362 14.024989042431114 65.010091796517372 22.188293024897575 19.073006939142946 6.1103980652987957 11.577764883637427
leaf_count=91 228 413 537 102 4913 1359 251 128 275 1370 466 421 136 247
internal_value=0.000341222 0.0100876 0.00312906 0.0259145 -0.0037584 0.00238853 0.023228 -0.00358525 0.0289457 -0.000677762 0.00837207 0.00346204 0.0106954 -0.00347046
internal_weight=505 147.362 100.39 10.2146 357.638 137.331 46.9715 73.7277 34.6565 90.1756 63.6034 41.4151 12.2049 30.6508
internal_count=10937 3039 2100 193 7898 2985 939 1623 688 1907 1362 896 264 668
cat_boundaries=0 1 2 3
cat_threshold=5172 4273 6
is_linear=0
shrinkage=0.03


Tree=15
num_leaves=15
num_cat=1
split_feature=9 2 7 8 2 2 3 1 2 8 4 4 4 1
split_gain=20.4538 14.8818 8.82924 7.63261 6.96225 6.24415 4.40892 3.59603 3.16663 6.94185 5.39557 2.8087 2.70677 2.64207
threshold=0 27850.000000000004 13.500000000000002 1.0029009551632315 14650.000000000002 50250.000000000007 42.000000000000007 88.500000000000014 16850.000000000004 1.0034453083269039 0.15756898630914382 0.1382756515312189 0.24574294224635582 32.500000000000007
decision_type=9 2 2 2 2 2 2 2 2 2 2 2 2 2
left_child=3 2 4 6 13 7 -1 -5 -6 10 -10 -7 -8 -2
right_child=1 -3 -4 5 8 11 12 -9 9 -11 -12 -13 -14 -15
leaf_value=-0.0074153264387324652 0.0050148236255808144 -0.0086571039182899139 0.024387019963880711 0.026225039953264098 0.020114769204537825 0.0047836708301626498 0.0047836708301626498 0.0076770852175625896 -0.017051909982203718 0.013749741473713809 0.012000974394869402 0.01621712600053395 -0.0086170482881985453 -0.015166253954741783
leaf_weight=30.09493575617671 5.0004895664751556 232.62471931055188 13.308713987469671 30.839402195066214 8.4829512275755388 32.683476753532887 50.197500947862864 20.350944630801678 14.130701892077925 18.947416547685862 4.1218479909002772 15.212441414594648 9.6869644261896592 19.123984735459089
leaf_count=662 93 5248 260 609 177 689 1078 417 313 393 88 313 207 402
internal_value=-5.84965e-05 -0.00466418 0.00583898 0.00741336 0.000909182 0.0133307 0.00131885 0.0201905 0.00757126 0.00266652 -0.0093213 0.00478367 0.00478367 -0.0108404
internal_weight=504.806 315.741 83.1161 189.066 69.8074 99.0863 89.9794 51.1903 45.6829 37.2 18.2525 47.8959 59.8845 24.1245
internal_count=10949 6974 1726 3975 1466 2028 1947 1026 971 794 401 1002 1285 495
cat_boundaries=0 1
cat_threshold=1412
is_linear=0
shrinkage=0.03


Tree=16
num_leaves=15
num_cat=0
split_feature=0 0 0 8 1 8 7 6 4 0 7 1 0 4
split_gain=102.264 18.0305 15.0764 8.93528 6.54531 4.40602 4.29266 4.26045 2.63512 1.22486 2.09681 1.30831 1.17467 0.592272
threshold=661.50000000000011 569.50000000000011 822.50000000000011 1.0159299109295306 66.500000000000014 0.90847371812574806 3.5000000000000004 6.5000000000000009 0.1914714735768451 737.50000000000011 6.5000000000000009 66.500000000000014 687.50000000000011 0.27386847021223926
decision_type=2 2 2 2 2 2 2 2 2 2 2 2 2 2
left_child=1 5 3 9 -5 -1 -7 12 -8 11 -11 -2 -6 -10
right_child=2 -3 -4 4 7 6 8 -9 13 10 -12 -13 -14 -15
leaf_value=0.0081517863901653526 -0.00021579011684635954 0.0081517863901653526 -0.019426524351665437 0.0081517863901653526 0.0030151195944335889 0.0081517863901653526 0.035500733295769533 0.0081517863901653526 0.0081517863901653526 -0.019426524351665437 -0.0098688914321646143 -0.0098688914321646143 -0.0098688914321646143 0.018316523012890319
leaf_weight=11.077068645507095 34.583569314330816 107.84302170202136 107.02964110672474 33.50164271146059 4.7722943276167049 10.519611589610575 52.216008625924587 7.4632155410945407 6.21968015283346 36.739797402173281 28.782711997628212 33.320228304713964 22.123971305787563 6.4829337857663631
leaf_count=175 779 2034 2767 753 103 171 802 164 98 948 708 778 533 99
internal_value=0.000133505 0.0169294 -0.0105556 -0.00548211 0.00322838 0.0268277 0.0293708 -0.00609532 0.0321934 -0.00986889 -0.0146162 -0.00986889 -0.00986889 0.012411
internal_weight=502.675 194.358 308.317 201.287 67.8611 86.5153 75.4382 34.3595 64.9186 133.426 65.5225 67.9038 26.8963 12.7026
internal_count=10912 3379 7533 4766 1553 1345 1170 800 999 3213 1656 1557 636 197
is_linear=0
shrinkage=0.03


Tree=17
num_leaves=15
num_cat=1
split_feature=0 0 0 2 2 8 9 8 0 2 2 8 2 1
split_gain=102.662 16.7024 15.1238 5.90909 5.75782 4.46242 8.27768 2.85363 4.5622 3.24873 2.69552 2.69354 2.68852 1.48847
threshold=661.50000000000011 771.50000000000011 569.50000000000011 29050.000000000004 33150.000000000007 1.0037617569645572 0 1.0014513818672059 452.50000000000006 54950.000000000007 82150.000000000015 0.93081421043685209 16450.000000000004 94.500000000000014
decision_type=2 2 2 2 2 2 9 2 2 2 2 2 2 2
left_child=2 5 4 11 -1 -2 -7 -6 -9 -10 -11 -3 -4 -8
right_child=1 3 12 -5 7 6 13 8 9 10 -12 -13 -14 -15
leaf_value=0.037027295685951027 -0.0075357907219834657 -0.020214827227857637 0.020203294472102038 -0.02162138034450832 0.0081028783347383681 -0.007282726414119014 0.008047555285545736 0.03927826200135142 0.0081028783347383681 0.029908858683945942 0.0081028783347383681 -0.0075357907219834657 0.008047555285545736 -0.0034347160524586143
leaf_weight=27.081546396017075 71.936872020363808 11.845986697822807 13.566902756690977 111.33580131828785 27.264007415622473 39.338744569569826 24.924137614667416 8.089922368526457 10.222111105918886 9.1923675388097781 7.7867809906601897 32.585463002324104 92.261965662240982 12.361698687076567
leaf_count=381 1718 303 229 2982 437 922 526 102 165 150 129 788 1749 272
internal_value=-0.000410883 -0.0112447 0.0163164 -0.0179629 0.025138 -0.00384503 0.00131341 0.0176313 0.0230735 0.0129034 0.0215835 -0.00753579 0.00804756 0.00804756
internal_weight=499.794 304.329 195.466 155.767 89.6367 148.561 76.6246 62.5552 35.2912 27.2013 16.9791 44.4314 105.829 37.2858
internal_count=10853 7511 3342 4073 1364 3438 1720 983 546 444 279 1091 1978 798
cat_boundaries=0 1
cat_threshold=2611
is_linear=0
shrinkage=0.03


Tree=18
num_leaves=15
num_cat=1
split_feature=0 9 7 0 1 0 8 8 1 0 6 4 0 1
split_gain=83.0321 13.9266 14.9441 10.9163 10.1752 7.31388 4.16059 4.02682 2.27397 1.84911 1.20046 1.09508 1.06206 0.707619
threshold=687.50000000000011 0 9.5000000000000018 441.50000000000006 56.500000000000007 761.50000000000011 1.0026160900660441 1.0300048402710555 333.50000000000006 611.50000000000011 4.5000000000000009 0.31640465078195373 522.50000000000011 18.500000000000004
decision_type=2 9 2 2 2 2 2 2 2 2 2 2 2 2
left_child=1 3 12 -1 -4 6 13 10 11 -6 -7 -5 -3 -2
right_child=5 2 4 8 9 7 -8 -9 -10 -11 -12 -13 -14 -15
leaf_value=0.047981462813711004 -0.0033017447774046928 0.0034769296613143424 0.034819362652163004 0.019125131387407564 0.0096772404882848155 -0.018506618719722062 -0.0033017447774046928 -0.0033017447774046928 7.7187186176302719e-05 -0.0033017447774046928 -0.011837108665779125 0.0040658681373972119 -0.0033017447774046928 -0.011837108665779125
leaf_weight=9.2610758244991285 5.8404758870601645 16.98805583640933 14.389315299689772 103.7475522570312 8.8364323861897009 97.18692796304822 53.256430204957724 24.258266303688288 6.5549730099737635 7.5680889897048464 45.651630222797394 7.7633250281214705 58.104068446904421 41.761918261647224
leaf_count=112 133 239 224 1824 134 2657 1207 609 120 149 1166 138 1167 1023
internal_value=0.000797625 0.0137328 0.00375949 0.0197915 0.0200848 -0.0105057 -0.00386156 -0.0142874 0.0173289 0.00204583 -0.0161614 0.0182962 -0.00330174 -0.0118371
internal_weight=501.169 233.213 105.886 127.327 30.7938 267.956 100.859 167.097 118.066 16.4045 142.839 111.511 75.0921 47.6024
internal_count=10902 4107 1913 2194 507 6795 2363 4432 2082 283 3823 1962 1406 1156
cat_boundaries=0 1
cat_threshold=1940
is_linear=0
shrinkage=0.03


Tree=19
num_leaves=15
num_cat=0
split_feature=2 3 4 4 8 1 8 4 1 2 1 2 8 8
split_gain=15.3201 7.05626 5.84522 6.36817 5.27124 4.98022 3.67472 3.31489 3.24545 5.07007 2.6959 2.63736 3.383 2.55802
threshold=29450.000000000004 42.000000000000007 0.25270278167367938 0.0068454635624526526 1.0316253618379931 139.50000000000003 1.0042538112399537 0.097681686376661053 41.500000000000007 58550.000000000007 137.50000000000003 22550.000000000004 0.97824509370858848 0.95382525083612058
decision_type=2 2 2 2 2 2 2 2 2 2 2 2 2 2
left_child=1 2 3 6 8 7 -1 11 9 13 -6 -3 -13 -2
right_child=4 5 -4 -5 10 -7 -8 -9 -10 -11 -12 12 -14 -15
leaf_value=-0.0044758421719572131 -0.0020146562046472805 0.025504094035894497 0.020648614716978184 -0.013678097675345096 0.010204413498715819 0.00077884135003966886 0.015338266240569423 0.0043790848622194721 -0.0061910702604923221 -0.0059536109040199637 -0.0052951131735027024 0.00077884135003966886 0.017150252551104792 0.010204413498715819
leaf_weight=12.968085754662754 17.578241188079119 34.851580522954464 5.4786060452461234 23.7734379991889 33.873613677918911 21.09312254562974 12.383791066706179 16.804424662142992 214.0516723357141 51.450869176536798 10.124411132186649 5.238562759011983 9.2749151363968831 30.418024759739637
leaf_count=283 390 663 115 502 715 433 251 337 4866 1140 222 110 184 645
internal_value=0.000543913 0.00871291 0.000151294 -0.00383094 -0.00277328 0.0137717 0.0061352 0.0175678 -0.00415041 0.000328037 0.00646142 0.0212418 0.00709421 0.00646142
internal_weight=499.363 141.867 54.6039 49.1253 357.497 87.2626 25.3519 66.1695 313.499 99.4471 43.998 49.3651 14.5135 47.9963
internal_count=10856 2878 1151 1036 7978 1727 534 1294 7041 2175 937 957 294 1035
is_linear=0
shrinkage=0.03


Tree=20
num_leaves=15
num_cat=2
split_feature=0 2 9 2 0 0 9 3 1 0 1 2 2 2
split_gain=91.1523 14.416 9.40167 6.06994 5.89535 5.63897 4.61203 5.16251 3.69948 3.6453 2.82962 2.82939 2.22782 2.28236
threshold=691.50000000000011 41050.000000000007 0 29050.000000000004 771.50000000000011 563.50000000000011 1 54.000000000000007 14.500000000000002 611.50000000000011 194.50000000000003 34050.000000000007 48550.000000000007 78450.000000000015
decision_type=2 2 9 2 2 2 9 2 2 2 2 2 2 2
left_child=1 9 5 6 8 -3 -2 -8 -5 11 -4 -1 -7 -14
right_child=3 2 10 4 -6 12 7 -9 -10 -11 -12 -13 13 -15
leaf_value=0.030768914157091678 -0.00097423720309415172 0.02657084573775623 0.0015408728904264828 -0.00097423720309415172 -0.019357699639038124 0.018458906619011832 -0.018490625724102323 -0.00097423720309415172 -0.010568443144581984 0.012711003996763308 -0.010568443144581984 0.012711003996763308 -0.00097423720309415172 0.012296598060523285
leaf_weight=44.953432891517878 28.589787043631077 23.182490300387144 67.069073177874088 4.7867440208792678 107.25763507559896 7.7161915414035311 30.598456438630819 14.714398324489592 73.323799960315228 42.353825569152832 11.023442868143318 12.708185549825428 22.999624341726303 10.181125346571205
leaf_count=645 658 349 1252 107 2980 147 766 341 1809 798 206 201 442 197
internal_value=0.00028843 0.0133808 0.00685506 -0.0119631 -0.0148215 0.0139046 -0.0043085 -0.0101262 -0.00780275 0.0218891 -0.000974237 0.0270785 0.00764178 0.00303838
internal_weight=501.458 242.187 142.172 259.271 185.368 64.0794 73.9026 45.3129 78.1105 100.015 78.0925 57.6616 40.8969 33.1807
internal_count=10898 4237 2593 6661 4896 1135 1765 1107 1916 1644 1458 846 786 639
cat_boundaries=0 1 2
cat_threshold=1444 5380
is_linear=0
shrinkage=0.03


Tree=21
num_leaves=15
num_cat=2
split_feature=0 0 2 0 9 7 0 7 4 4 9 4 3 4
split_gain=84.3141 19.2416 13.1548 11.48 7.30595 4.30247 4.22245 6.61508 2.98319 4.95016 5.99993 4.46733 2.64544 2.24414
threshold=649.50000000000011 563.50000000000011 29450.000000000004 771.50000000000011 0 9.5000000000000018 689.50000000000011 13.500000000000002 0.03613755722189458 0.059978586723768747 1 0.32490552646668991 54.000000000000007 0.1491045138720179
decision_type=2 2 2 2 9 2 2 2 2 2 9 2 2 2
left_child=1 -1 4 8 -2 -3 -6 -8 -4 -10 13 -12 -7 -11
right_child=2 5 3 -5 6 12 7 -9 9 10 11 -13 -14 -15
leaf_value=0.025924108177229253 0.0065986794604000034 0.0065986794604000034 -0.010308920548227895 -0.019891503693963964 0.0065986794604000034 0.0065986794604000034 -0.014866492464413213 0.0065986794604000034 0.0065986794604000034 -0.0075844234434122677 -0.018695451199047936 0.0065986794604000034 0.025090606101636014 0.0065986794604000034
leaf_weight=88.576547164469957 32.425373677164316 71.500219762325287 62.213978048413992 104.81231958419085 9.230350796133278 15.08781034499407 40.996251482516527 7.954091999679803 7.2771436646580687 6.60679309815169 26.315581280738115 3.3745461441576472 14.559921778738497 12.511385694146155
leaf_count=1267 717 1338 1487 2968 183 240 1028 178 173 149 637 81 230 277
internal_value=0.000506771 0.0160551 -0.00900063 -0.0128422 0.000635812 0.00659868 -0.00569674 -0.0100877 -0.00604314 -0.000854749 -0.00564507 -0.0114425 0.0174635 0.00608513
internal_weight=503.442 189.724 313.718 223.112 90.6061 101.148 58.1807 48.9503 118.299 56.0854 48.8083 29.6901 29.6477 19.1182
internal_count=10953 3075 7878 5772 2106 1808 1389 1206 2804 1317 1144 718 470 426
cat_boundaries=0 1 2
cat_threshold=1284 389
is_linear=0
shrinkage=0.03


Tree=22
num_leaves=15
num_cat=2
split_feature=9 7 7 1 1 8 1 10 4 4 4 4 4 3
split_gain=20.0733 9.65298 5.64597 5.35988 4.82764 3.89655 2.84465 2.73467 1.92962 1.65672 3.54707 1.9779 1.55265 1.20102
threshold=0 11.500000000000002 6.5000000000000009 56.500000000000007 34.500000000000007 0.90847371812574806 14.500000000000002 1 1.0000000180025095e-35 0.23432804513659988 0.064294030659338419 0.041385019410824397 0.0079052618422697177 54.000000000000007
decision_type=9 2 2 2 2 2 2 1 2 2 2 2 2 2
left_child=2 6 4 13 8 -6 -2 -5 -1 10 11 12 -7 -3
right_child=1 3 -4 7 5 9 -8 -9 -10 -11 -12 -13 -14 -15
leaf_value=0.0024078431477381353 0.0045825978175824175 0.005871206658905866 0.013175434088354246 0.005871206658905866 -0.012897398301750688 0.0024078431477381353 -0.0080132415339946514 -0.00715121477048035 0.013175434088354246 0.010288197201874336 -0.00958628080601499 0.013175434088354246 -0.0085485970405602442 0.02055418361950398
leaf_weight=15.02219585329294 14.260902177542446 7.9869006648659733 91.768345557153225 11.952750589698551 13.101919975131748 36.713296320289373 215.69818551838398 15.714599985629322 19.019986141473055 13.800205018371342 19.842997938394547 4.1705898381769648 7.0629608631134024 14.596048943698404
leaf_count=322 308 159 1812 233 300 806 4965 347 391 302 432 94 158 278
internal_value=0.000846973 -0.00440655 0.0073425 0.00686673 0.00339639 -0.000250496 -0.00715121 -0.00210744 0.0122735 0.00240784 0.000207104 0.00240784 0.00174077 0.0162504
internal_weight=500.712 280.209 220.502 50.2503 128.734 94.692 229.959 27.6674 34.0422 81.59 67.7898 47.9468 43.7763 22.5829
internal_count=10907 6290 4617 1017 2805 2092 5273 580 713 1792 1490 1058 964 437
cat_boundaries=0 1 2
cat_threshold=1428 88
is_linear=0
shrinkage=0.03


Tree=23
num_leaves=15
num_cat=1
split_feature=9 2 1 6 2 6 3 1 2 4 2 1 4 3
split_gain=19.2316 13.831 9.26136 4.96794 6.64704 4.4606 4.31307 2.66819 3.33132 2.5349 2.35941 2.80478 3.5093 3.28353
threshold=0 19650.000000000004 32.500000000000007 1.5000000000000002 18350.000000000004 9.5000000000000018 42.000000000000007 196.50000000000003 70750.000000000015 0.0079052618422697177 225250.00000000003 36.500000000000007 0.058906146728354265 66.000000000000014
decision_type=9 2 2 2 2 2 2 2 2 2 2 2 2 2
left_child=3 2 -2 -1 9 7 -4 8 -6 -5 11 12 13 -3
right_child=1 10 6 4 5 -7 -8 -9 -10 -11 -12 -13 -14 -15
leaf_value=0.0025652564673051687 0.02923723980707062 -0.010849124877605682 -0.010297969374206323 0.0072148456761620848 0.023018800274980777 -0.0074914874646014734 0.0084628495273853955 0.0021208682556504367 0.0021208682556504367 -0.0081470666884395082 0.0028540937158292421 -0.010849124877605682 0.0053863475787715547 0.0087549820629280097
leaf_weight=118.85632906854153 9.828009329736231 30.630096137523651 13.665161348879336 14.372854549437763 49.830412145704031 3.9825500063598147 22.017437141388655 9.4482150003314 7.2667578458786002 14.317218337208031 14.44116961583495 160.52336060255766 23.603978708386421 4.8382004760205737
leaf_count=2597 173 697 302 263 988 76 440 203 155 273 347 3726 529 99
internal_value=0.000154721 -0.00494761 0.00930421 0.0065862 0.0116808 0.016351 0.000895499 0.0182017 0.0204777 -0.000522602 -0.00806264 -0.00882811 -0.00291814 -0.0084274
internal_weight=497.622 279.547 45.5106 218.074 99.218 70.5279 35.6826 66.5454 57.0972 28.6901 234.037 219.596 59.0723 35.4683
internal_count=10868 6313 915 4555 1958 1422 742 1346 1143 536 5398 5051 1325 796
cat_boundaries=0 1
cat_threshold=1428
is_linear=0
shrinkage=0.03


Tree=24
num_leaves=15
num_cat=1
split_feature=0 0 0 6 8 8 8 0 10 7 1 6 6 7
split_gain=76.2659 12.8566 11.8424 5.41461 5.10567 4.72982 4.2423 3.46716 2.88786 2.29939 1.97856 1.55839 4.23484 1.01743
threshold=649.50000000000011 764.50000000000011 470.50000000000006 8.5000000000000018 1.003177142741781 0.90367263171358492 1.0300048402710555 569.50000000000011 0 12.500000000000002 11.500000000000002 1.0000000180025095e-35 4.5000000000000009 4.5000000000000009
decision_type=2 2 2 2 2 2 2 2 1 2 2 2 2 2
left_child=2 4 -1 5 -2 -4 9 -7 13 10 -3 -9 -13 -6
right_child=1 6 3 -5 8 7 -8 11 -10 -11 -12 12 -14 -15
leaf_value=0.031345328938811028 -0.0078933233694383331 -0.0078933233694383331 -0.0055202038636996218 0.02480875224605613 -0.0021286783827351246 0.016031309737009433 -0.0021286783827351246 0.0056123890943433931 -0.0021286783827351246 -0.0078933233694383331 -0.019065076390775672 0.016031309737009433 0.0056123890943433931 0.0056123890943433931
leaf_weight=30.117394626140594 71.893234737217426 4.5409179441630831 15.821025058627127 19.289264291524887 16.169038772583008 54.226551149040461 23.004830613732338 39.432988781481981 36.902761463075876 15.655459735542534 114.71381223201752 16.403157766908407 17.009425729513168 26.92882327362895
leaf_count=351 1722 118 286 275 369 845 593 747 840 394 3271 297 278 570
internal_value=0.000457919 -0.00871189 0.0150775 0.0112095 -0.00234815 0.00859703 -0.0145731 0.0104971 0.00280625 -0.0165432 -0.0180623 0.00561239 0.0119852 0.00561239
internal_weight=502.109 309.809 192.3 162.182 151.894 142.893 157.915 127.072 80.0006 134.91 119.255 72.8456 33.4126 43.0979
internal_count=10956 7877 3079 2728 3501 2453 4376 2167 1779 3783 3389 1322 575 939
cat_boundaries=0 1
cat_threshold=76
is_linear=0
shrinkage=0.03


Tree=25
num_leaves=15
num_cat=0
split_feature=0 0 0 2 8 2 1 4 2 8 4 7 4 2
split_gain=72.7138 13.07 11.1297 8.32965 8.17083 8.10443 9.31753 3.39485 2.74862 1.87576 1.73065 1.41479 4.29212 2.74475
threshold=659.50000000000011 822.50000000000011 441.50000000000006 40750.000000000007 1.003177142741781 24050.000000000004 62.500000000000007 0.14424462854448714 29050.000000000004 0.82929497785131034 0.0068454635624526526 4.5000000000000009 0.056619038896012712 117450.00000000001
decision_type=2 2 2 2 2 2 2 2 2 2 2 2 2 2
left_child=2 4 -1 10 -2 -6 -7 -8 -3 -5 -4 -11 -13 -14
right_child=1 8 3 9 5 6 7 -9 -10 11 -12 12 13 -15
leaf_value=0.032886175657845101 -0.01095870945238144 -0.01095870945238144 0.024582938058018304 -0.0072044317862322623 0.015677460689307875 0.0050311441172894407 -0.01095870945238144 0.0042473945487869359 -0.021599718258729934 0.0050311441172894407 0.015677460689307875 0.0050311441172894407 0.02367352760309412 0.0050311441172894407
leaf_weight=20.173935234546661 92.672926295548677 28.494705989956856 35.739668566733599 6.3269162625074378 21.183491226285696 39.756834357976913 33.037674393504858 11.198840286582707 68.260783951729536 41.975650906562805 41.661294296383858 35.680633034557104 18.321671418845657 7.15455513074994
leaf_count=227 2372 729 541 118 448 941 831 276 2020 741 641 617 309 125
internal_value=0.000173444 -0.00934254 0.0136155 0.0107321 -0.00470829 0.00104645 -0.00331706 -0.0109587 -0.0181219 0.00503114 0.0179999 0.00608019 0.00982266 0.0184752
internal_weight=501.64 294.605 207.034 186.86 197.85 105.177 83.9933 44.2365 96.7555 109.459 77.401 103.133 61.1569 25.4762
internal_count=10936 7617 3319 3092 4868 2496 2048 1107 2749 1910 1182 1792 1051 434
is_linear=0
shrinkage=0.03


Tree=26
num_leaves=15
num_cat=0
split_feature=0 0 2 4 2 2 4 1 4 1 8 0 8 0
split_gain=48.5123 19.3532 6.84821 5.05859 5.24225 3.85172 3.59385 5.87838 2.8893 2.83371 2.66381 1.79121 1.635 1.17088
threshold=575.50000000000011 756.50000000000011 29050.000000000004 0.1382756515312189 11950.000000000002 34950.000000000007 0.25989804587935433 35.500000000000007 0.0068454635624526526 13.500000000000002 1.0040472290472293 786.50000000000011 0.98466057377258132 671.50000000000011
decision_type=2 2 2 2 2 2 2 2 2 2 2 2 2 2
left_child=5 3 10 4 -2 8 12 -8 -1 -6 -3 -4 13 -5
right_child=1 2 11 6 9 -7 7 -9 -10 -11 -12 -13 -14 -15
leaf_value=0.034353463417187861 0.013483775695610338 -0.012441270284911168 -0.0072791136805101598 0.0072745613783874712 0.010906268586816757 0.0115351307427678 0.0115351307427678 -0.0032600194736134725 0.013483775695610338 -0.0032600194736134725 -0.0032600194736134725 -0.0191073301112108 0.0115351307427678 -0.0032600194736134725
leaf_weight=15.698733281344174 12.389557208865879 24.071159690618515 22.877653196454048 7.5023245215415937 8.5575675405561906 69.541367121040821 7.608270529657605 19.922948632389307 19.794904958456755 151.27448114007711 23.585844229906797 90.663936136290431 19.30900627374649 6.3740285262465477
leaf_count=193 229 643 642 139 166 1021 152 415 249 3219 569 2713 390 158
internal_value=-0.000574862 -0.00543136 -0.013252 0.000145478 -0.00249368 0.0170675 0.00725157 -0.000992606 0.0251442 -0.00326002 -0.00326002 -0.0171316 0.0115351 0.000595109
internal_weight=499.172 394.137 161.199 232.938 172.222 105.035 60.7166 27.5312 35.4936 159.832 47.657 113.542 33.1854 13.8764
internal_count=10898 9435 4567 4868 3614 1463 1254 567 442 3385 1212 3355 687 297
is_linear=0
shrinkage=0.03


Tree=27
num_leaves=15
num_cat=1
split_feature=0 0 2 8 0 8 9 2 1 2 2 2 0 1
split_gain=74.2713 16.2957 7.01163 11.7221 6.05067 4.38541 3.7483 3.87652 3.99483 3.68546 3.50067 3.09852 2.92088 1.98275
threshold=661.50000000000011 569.50000000000011 29050.000000000004 1.0074669754674903 786.50000000000011 0.90847371812574806 0 42350.000000000007 106.50000000000001 59350.000000000007 15850.000000000002 71150.000000000015 470.50000000000006 17.500000000000004
decision_type=2 2 2 2 2 2 9 2 2 2 2 2 2 2
left_child=1 5 3 13 6 -1 7 -4 -9 10 -7 -10 -11 -2
right_child=2 -3 4 -5 -6 9 -8 8 11 12 -12 -13 -14 -15
leaf_value=0.0055776717409828196 0.0034933541093342714 0.0055776717409828196 -0.012780207845455631 0.0055776717409828196 -0.018180803092164556 0.007096421103630771 -0.011359704216951072 0.0055776717409828196 -0.016201482413945388 0.023718725220731419 0.032907140828874443 0.0055776717409828196 0.0055776717409828196 -0.014041624301011087
leaf_weight=11.978001754730938 4.6436673104763022 112.75139699503779 11.499446537345646 37.514669064432383 88.586020551621914 8.7746117413043958 61.268841084092855 28.671665269881487 9.3344213515520078 10.027322024106981 45.876399245113134 4.5388899371027938 21.958897363394499 40.540360976010561
leaf_count=172 104 2004 278 838 2699 101 1581 679 237 114 607 113 348 1027
internal_value=0.000448227 0.0137611 -0.00943765 -0.00191673 -0.0123691 0.0223969 -0.00733448 -0.00023237 0.00409765 0.024673 0.0297052 -0.00871425 0.0132216 -0.012071
internal_weight=497.965 211.367 286.598 82.6987 203.899 98.6152 115.313 54.0444 42.545 86.6372 54.651 13.8733 31.9862 45.184
internal_count=10902 3346 7556 1969 5587 1342 2888 1307 1029 1170 708 350 462 1131
cat_boundaries=0 1
cat_threshold=4501
is_linear=0
shrinkage=0.03


Tree=28
num_leaves=15
num_cat=1
split_feature=9 2 3 1 8 4 4 3 1 8 3 2 4 4
split_gain=18.0513 16.9082 8.47798 5.55833 3.34979 4.51343 4.29972 3.56339 3.11246 2.72731 2.60139 1.94402 2.50458 1.9165
threshold=0 22850.000000000004 42.000000000000007 124.50000000000001 1.0014513818672059 0.23432804513659988 0.21001503164734725 42.000000000000007 14.500000000000002 0.98868191401350392 30.000000000000004 48250.000000000007 0.32490552646668991 0.19914865509522589
decision_type=9 2 2 2 2 2 2 2 2 2 2 2 2 2
left_child=4 2 10 -4 6 -6 7 -1 9 -3 -2 -7 -13 -12
right_child=1 8 3 -5 5 11 -8 -9 -10 -11 13 12 -14 -15
leaf_value=-0.0036956448926053734 0.0068126509388778522 -0.0085013945868043887 0.023866594944707737 -0.00051990358291455967 0.0064922652716352886 0.029883243625389248 -0.0097216861322039164 0.0064922652716352886 -0.0099673818239382206 0.012072788364291863 -0.016131081559863213 0.015097064428350314 -0.0070114767619369259 0.0038703670472777316
leaf_weight=29.629868621006608 6.8864320851862439 5.7257113736122838 24.139506593346596 11.530763324350117 99.175288695842028 8.7406736724078673 17.192048149183393 54.355489946901798 203.58172110654414 8.2148377038538438 10.99224369227886 6.6996053121983987 3.8342351280152798 3.6485890969634065
leaf_count=669 145 130 454 224 1981 169 372 1150 4806 177 247 134 79 72
internal_value=-5.81685e-05 -0.00506459 0.00873581 0.0168887 0.00613 0.00973382 0.0022286 0.00508366 -0.00903576 0.003609 -0.00541032 0.0216402 0.00738315 -0.0114302
internal_weight=494.347 274.72 57.1975 35.6703 219.627 118.45 101.177 83.9854 217.522 13.9405 21.5273 19.2745 10.5338 14.6408
internal_count=10809 6255 1142 678 4554 2363 2191 1819 5113 307 464 382 213 319
cat_boundaries=0 1
cat_threshold=1428
is_linear=0
shrinkage=0.03


Tree=29
num_leaves=15
num_cat=3
split_feature=0 0 4 0 9 7 1 4 10 4 3 8 9 1
split_gain=63.0971 23.2108 8.8157 7.14878 6.57892 6.52886 5.17647 5.01553 4.86082 4.59052 3.97401 2.90005 2.56612 2.13327
threshold=691.50000000000011 494.50000000000006 0.1491045138720179 764.50000000000011 0 6.5000000000000009 145.50000000000003 0.26535448302543774 1 0.0036875412086978397 54.000000000000007 1.0050473206210913 2 78.500000000000014
decision_type=2 2 2 2 9 2 2 2 1 2 2 2 9 2
left_child=1 -1 4 11 6 7 -3 12 9 10 13 -2 -4 -6
right_child=3 2 5 -5 8 -7 -8 -9 -10 -11 -12 -13 -14 -15
leaf_value=0.029029609477391746 -0.011324395730682536 0.019023294613062396 -0.0040881519505136382 -0.014873251329729572 0.029029609477391746 0.026771833985875206 -0.0040881519505136382 -0.0040881519505136382 -0.0040881519505136382 -0.0038596453175460486 -0.0025483665756886116 -0.0040881519505136382 0.016218074912693101 0.0034540423630253858
leaf_weight=43.799398608505726 46.44087440520525 28.674624476581812 5.7655584141612053 148.56299913860857 8.3005522638559324 22.176913820207119 8.6056676022708398 13.576290383934973 86.413869928568602 15.581682544201611 6.5080914534628382 47.784944344311953 9.9181495308876055 5.4465266093611726
leaf_count=485 1199 497 108 4337 142 371 154 252 1571 270 110 1106 185 99
internal_value=-2.4601e-05 0.0103064 0.00583717 -0.0108545 0.00215897 0.0160431 0.0110074 0.0051911 -0.00160476 0.00631294 0.0158529 -0.00408815 0.0150142 0.0229206
internal_weight=497.556 254.767 210.968 242.789 159.531 51.4369 37.2803 29.26 122.251 35.8369 20.2552 94.2258 15.6837 13.7471
internal_count=10886 4244 3759 6642 2843 916 651 545 2192 621 351 2305 293 241
cat_boundaries=0 1 2 3
cat_threshold=1552 22 3600
is_linear=0
shrinkage=0.03


Tree=30
num_leaves=15
num_cat=1
split_feature=9 2 1 3 2 8 1 3 8 2 4 6 3 2
split_gain=18.8115 8.16648 5.67013 4.78652 3.846 4.67665 3.59341 3.77384 2.79955 5.57703 4.20098 4.08262 2.81568 2.36284
threshold=0 22850.000000000004 58.500000000000007 42.000000000000007 225250.00000000003 1.0162118358228571 36.500000000000007 66.000000000000014 1.0014513818672059 34050.000000000007 0.23432804513659988 5.5000000000000009 42.000000000000007 43150.000000000007
decision_type=9 2 2 2 2 2 2 2 2 2 2 2 2 2
left_child=8 2 3 -2 6 -6 7 13 12 11 -11 -10 -1 -3
right_child=1 4 -4 -5 5 -7 -8 -9 9 10 -12 -13 -14 -15
leaf_value=-0.0054370795249770992 -0.0024806658592936683 0.003254756336148139 -0.0037847457893660078 0.021982522422209692 -0.0069460934776137693 0.020477010622659178 -0.011463235629148331 0.011758510637767252 0.029068544420730234 0.0026598695300904043 0.017542582134581656 0.0083367366247289777 0.0026598695300904043 -0.010044426841127116
leaf_weight=34.19261060282588 9.627996439114213 14.936846943572162 32.729060495272279 15.652611412107944 8.7551773283630592 4.9458864815533152 146.12525708600879 8.9740456156432611 14.307455930858849 65.412859406322241 13.40457399189472 26.366484336555004 65.653726818040013 31.662989348173141
leaf_count=771 203 320 674 275 218 116 3519 189 266 1363 270 465 1406 758
internal_value=-3.24527e-05 -0.00516074 0.00436305 0.0137946 -0.00800055 0.00578134 -0.00905393 -0.00229563 0.00628262 0.00958602 0.00442203 0.0180132 0.00265987 -0.00587927
internal_weight=492.748 273.41 58.0097 25.2806 215.4 13.7011 201.699 55.5739 219.338 119.491 78.8174 40.6739 99.8463 46.5998
internal_count=10813 6272 1152 478 5120 334 4786 1267 4541 2364 1633 731 2177 1078
cat_boundaries=0 1
cat_threshold=1428
is_linear=0
shrinkage=0.03


Tree=31
num_leaves=15
num_cat=2
split_feature=0 0 6 9 4 10 4 4 8 0 3 0 8 0
split_gain=54.4606 19.0594 6.35771 6.80262 5.17175 5.42568 6.29437 4.37306 2.67789 2.19329 2.02427 2.19918 2.02113 1.90157
threshold=569.50000000000011 756.50000000000011 8.5000000000000018 0 0.1491045138720179 1 0.061057606958991657 0.25085319279835633 1.0143317825635971 693.50000000000011 54.000000000000007 657.50000000000011 0.92406436200884168 651.50000000000011
decision_type=2 2 2 9 2 1 2 2 2 2 2 2 2 2
left_child=-1 2 3 4 5 -2 9 -6 -9 -7 -4 -12 -3 -5
right_child=1 12 10 13 7 6 -8 8 -10 -11 11 -13 -14 -15
leaf_value=0.019517932024966468 -0.007884755101302935 -0.019189235151157006 0.018998268674096524 -0.0010472545296338269 0.019517932024966468 0.018689330770777612 -0.0094773074310788245 -0.0089738875503167347 0.012093239960597538 0.0016666572381677913 0.011815674972401389 -0.0073278236288044059 -0.0098599526163445361 -0.008779655884047978
leaf_weight=104.07869330793619 25.088148202747107 33.337169252336025 15.778049293905498 48.850125845521688 11.350126292556526 21.284563187509779 10.221069999039171 7.2482281364500505 4.761859342455864 10.61999901384115 5.4287661388516408 6.4507140778005123 122.20755047351122 69.716728813946247
leaf_count=1377 505 1018 283 903 223 392 206 147 87 247 77 137 3566 1720
internal_value=0.000748088 -0.00441403 0.000976178 -0.000924731 0.00487203 0.00078841 0.00652981 0.0161291 0.000478439 0.0140165 0.0132913 0.00232911 -0.0123948 -0.00533352
internal_weight=496.422 392.343 236.798 209.141 90.574 67.2138 42.1256 23.3602 12.0101 31.9046 27.6575 11.8795 155.545 118.567
internal_count=10888 9511 4927 4430 1807 1350 845 457 234 639 497 214 4584 2623
cat_boundaries=0 1 2
cat_threshold=5268 64
is_linear=0
shrinkage=0.03


Tree=32
num_leaves=15
num_cat=2
split_feature=0 0 1 6 1 3 0 9 8 6 9 1 0 1
split_gain=43.2242 13.2299 6.53579 5.40835 5.05053 3.93047 3.89428 2.89187 3.03449 1.83401 1.69849 1.36365 1.35998 1.3539
threshold=613.50000000000011 744.50000000000011 155.50000000000003 3.5000000000000004 9.5000000000000018 54.000000000000007 452.50000000000006 0 1.0001747640685077 1.5000000000000002 1 26.500000000000004 569.50000000000011 100.50000000000001
decision_type=2 2 2 2 2 2 2 9 2 2 9 2 2 2
left_child=3 2 -2 6 -3 12 -1 -8 -9 -6 -4 -11 -5 -7
right_child=1 4 10 5 9 13 7 8 -10 11 -12 -13 -14 -15
leaf_value=0.019500085372250831 0.0027180823030509014 0.0027180823030509014 0.0027180823030509014 0.014270280139914186 -0.016685997915682808 0.03349177894766471 0.0027180823030509014 0.0027180823030509014 0.019500085372250831 0.0011709709791262013 -0.010987132153451687 -0.010987132153451687 0.0027180823030509014 0.0094691261630347225
leaf_weight=16.25584914535284 141.89072590321302 4.499821923673152 8.2199329361319542 21.253578651696447 85.20013202726841 16.834315579384569 47.576170206069946 13.164217237383129 18.631902892142534 11.835852328687904 26.583537928760052 65.461408151313663 10.716723445802925 8.076386343687771
leaf_count=173 3011 117 171 254 2649 205 764 223 294 309 610 1835 165 104
internal_value=-8.98425e-05 -0.00598086 -0.0002095 0.0129545 -0.0119037 0.0200955 0.00791945 0.00453263 0.0108113 -0.012995 -0.0109871 -0.0109871 0.0105067 0.0285882
internal_weight=496.201 343.691 176.694 152.509 166.997 56.881 95.6281 79.3723 31.7961 162.497 34.8035 77.2973 31.9703 24.9107
internal_count=10884 8702 3792 2182 4910 728 1454 1281 517 4793 781 2144 419 309
cat_boundaries=0 1 2
cat_threshold=4662 4
is_linear=0
shrinkage=0.03


Tree=33
num_leaves=15
num_cat=1
split_feature=0 0 6 1 6 1 6 1 9 8 4 2 0 2
split_gain=52.8291 13.78 6.22823 4.97087 4.19072 3.86266 3.81061 3.44474 3.14068 3.13425 2.56443 2.01283 1.83621 1.3595
threshold=736.50000000000011 569.50000000000011 6.5000000000000009 145.50000000000003 2.5000000000000004 23.500000000000004 8.5000000000000018 49.500000000000007 0 1.0107038247649152 0.036875802674321979 55650.000000000007 428.50000000000006 13550.000000000002
decision_type=2 2 2 2 2 2 2 2 9 2 2 2 2 2
left_child=1 12 5 6 -5 -2 8 -8 11 10 13 -3 -1 -4
right_child=2 3 9 4 -6 -7 7 -9 -10 -11 -12 -13 -14 -15
leaf_value=0.029870372132501721 -0.0014580644472021985 0.0052325277528805676 -0.0078278303667386993 -0.011616669175123004 0.0052325277528805676 -0.015955052107539003 0.017843645982818384 0.0052325277528805676 0.0052325277528805676 0.0052325277528805676 -0.015486008416179638 0.017843645982818384 0.017843645982818384 0.0052325277528805676
leaf_weight=17.431663557887077 20.437319468706846 13.084438718855383 4.2274657078087339 25.512789715081453 19.572140283882618 114.50841009616852 10.327399868518116 9.1563563644885999 127.97416355088353 17.075531411916018 10.660623686388133 7.6453752070665351 90.626465234905481 9.1093755736947042
leaf_count=175 577 251 110 568 393 3529 158 164 2624 420 295 157 1219 247
internal_value=0.00214719 0.00933778 -0.0108749 0.00471812 -0.000536426 -0.01389 0.00725063 0.0178436 0.00523253 -0.000536426 -0.00721247 0.0151455 0.0178436 0.00182023
internal_weight=497.35 321.331 176.019 213.273 45.0849 134.946 168.188 19.4838 148.704 41.073 23.9975 20.7298 108.058 13.3368
internal_count=10887 5709 5178 4315 961 4106 3354 322 3032 1072 652 408 1394 357
cat_boundaries=0 1
cat_threshold=5248
is_linear=0
shrinkage=0.03


Tree=34
num_leaves=15
num_cat=2
split_feature=9 2 3 10 6 2 6 4 4 8 1 4 2 4
split_gain=15.7927 17.1788 8.82908 4.76364 6.6038 4.75662 3.65357 4.31337 3.21007 4.22643 3.45995 3.15499 5.73685 5.56033
threshold=0 22850.000000000004 42.000000000000007 1 9.5000000000000018 173150.00000000003 6.5000000000000009 0.15928399524467687 0.23432804513659988 0.93258383517571375 225.50000000000003 0.0068454635624526526 15050.000000000002 0.09026524267950263
decision_type=9 2 2 1 2 2 2 2 2 2 2 2 2 2
left_child=3 2 -2 8 5 11 -4 -8 10 -10 -1 12 -5 -13
right_child=1 -3 6 4 -6 -7 7 -9 9 -11 -12 13 -14 -15
leaf_value=0.0018741877733081031 -0.0055940441966351763 -0.0086354580406179139 0.0023342923251652623 -0.0033074446419625266 -0.01260373379477938 -0.0063355531249378845 0.027459844443500171 -0.0013888170085353982 -0.0070020978125483017 0.014704184412386655 -0.01213508039023461 0.00090334173628403103 0.028980575065752943 0.023854843137688302
leaf_weight=97.258433802053332 21.652953116223216 213.42164714075625 12.760673472657798 4.750615723431113 4.7737901732325545 5.9557672757655373 20.743504086509351 5.1285078786313525 7.478635646402835 26.676731904968619 13.783832937479017 26.402809124439955 26.224001446738839 10.214862022548912
leaf_count=1978 465 5122 252 91 92 125 356 100 167 522 301 550 556 204
internal_value=0.000224015 -0.00450617 0.00896379 0.00592602 0.0114803 0.0152078 0.0168292 0.0224425 0.00213556 0.00966416 -0.000312747 0.0174117 0.0242571 0.00940263
internal_weight=497.227 273.707 60.2856 223.519 78.3218 73.5481 38.6327 25.872 145.198 34.1554 111.042 67.5923 30.9746 36.6177
internal_count=10881 6295 1173 4586 1618 1526 708 456 2968 689 2279 1401 647 754
cat_boundaries=0 1 2
cat_threshold=1428 66
is_linear=0
shrinkage=0.03


Tree=35
num_leaves=15
num_cat=1
split_feature=0 0 2 1 2 4 10 1 3 0 4 4 0 4
split_gain=46.0505 12.2425 5.69509 4.20543 4.32646 5.38446 5.88721 6.17807 4.81811 4.61423 3.55554 2.36262 3.83538 2.38737
threshold=756.50000000000011 494.50000000000006 53050.000000000007 19.500000000000004 29950.000000000004 0.18425196964630156 0 42.500000000000007 42.000000000000007 685.50000000000011 0.20351871913558539 0.27087922173274598 671.50000000000011 0.34668576886341934
decision_type=2 2 2 2 2 2 1 2 2 2 2 2 2 2
left_child=1 -1 -2 -3 8 6 -6 9 -5 -8 -10 12 -7 -13
right_child=2 3 -4 4 5 11 7 -9 10 -11 -12 13 -14 -15
leaf_value=0.019862340426099571 -0.0073665568427474671 0.01343697637420299 -0.019733958272682012 -0.0013707101424506526 -0.0073665568427474671 0.01343697637420299 0.01343697637420299 -0.0021678145909467738 0.01343697637420299 -0.0021678145909467738 -0.0047413541117451961 -0.0061224494800405605 -0.0051538551718018511 0.01115375607514248
leaf_weight=49.081363812088966 87.349380919709802 34.142132073640823 62.037734422832727 27.676887527108192 49.905834998935461 13.49476867541671 17.766806572675709 71.554338786751032 41.197787635028362 6.8755019493401042 7.4403215721249572 12.883590094745161 7.8486825935542575 7.0895528346300116
leaf_count=508 2536 614 2014 512 1026 234 311 1518 683 172 131 256 193 143
internal_value=0.00069208 0.00667747 -0.0129753 0.00421296 0.00279106 0.000276274 -0.00247386 0.00224488 0.00857029 0.013437 0.013437 0.00921843 0.013437 0.00101519
internal_weight=496.345 346.958 149.387 297.876 263.734 187.419 146.102 96.1966 76.315 24.6423 48.6381 41.3166 21.3435 19.9731
internal_count=10851 6301 4550 5793 5179 3853 3027 2001 1326 483 814 826 427 399
cat_boundaries=0 1
cat_threshold=80
is_linear=0
shrinkage=0.03


Tree=36
num_leaves=15
num_cat=0
split_feature=0 0 8 2 2 0 3 0 0 2 1 8 4 2
split_gain=43.9051 9.93825 6.52674 11.9912 4.75462 3.86789 3.3545 2.33079 2.54654 2.30716 2.45779 1.9529 1.91033 1.06144
threshold=691.50000000000011 428.50000000000006 1.0103851166134905 46850.000000000007 148750.00000000003 852.50000000000011 54.000000000000007 779.50000000000011 740.50000000000011 22850.000000000004 190.50000000000003 1.0001747640685077 0.10898954915542595 86450.000000000015
decision_type=2 2 2 2 2 2 2 2 2 2 2 2 2 2
left_child=1 -1 8 5 9 -4 -7 -5 -2 10 -3 -11 -10 -13
right_child=2 4 3 7 -6 6 -8 -9 12 11 -12 13 -14 -15
leaf_value=0.027439083388444165 -0.0066294980934035325 0.017969899766668001 0.0080805048794321266 -0.0066294980934035325 -0.0066294980934035325 -0.013103177076614026 0.0080805048794321266 -0.013103177076614026 -0.013103177076614026 0.0019680338999529725 0.0080805048794321266 0.0096678274489484586 -0.023241166448121978 0.0019680338999529725
leaf_weight=19.247436046600342 35.295773379504681 45.525483023375273 35.106391966342926 26.467867897823453 17.916710089892149 9.4964690413326007 4.7993318457156411 26.169455371797085 70.126914331689477 76.422257285565138 8.2114335559308511 83.981750525534153 26.44344723969698 12.198727048933504
leaf_count=187 902 629 838 665 335 270 124 851 2182 1361 122 1383 833 213
internal_value=0.000555358 0.00887415 -0.00880567 -0.00289934 0.00689015 0.00689015 -0.00601932 -0.0123279 -0.0131032 0.0080805 0.0144766 0.0080805 -0.0156406 0.0084877
internal_weight=497.409 263.504 233.906 102.04 244.256 49.4022 14.2958 52.6373 131.866 226.34 53.7369 172.603 96.5704 96.1805
internal_count=10895 4230 6665 2748 4043 1232 394 1516 3917 3708 751 2957 3015 1596
is_linear=0
shrinkage=0.03


Tree=37
num_leaves=15
num_cat=2
split_feature=0 0 9 2 2 0 9 2 8 3 8 4 2 4
split_gain=39.7699 8.78466 7.82919 8.02286 5.7812 5.30504 4.22027 2.93955 2.63354 2.27215 2.9971 1.57293 1.44696 1.37035
threshold=649.50000000000011 822.50000000000011 0 23250.000000000004 22550.000000000004 452.50000000000006 1 145600.00000000003 1.0177062402918504 42.000000000000007 0.90847371812574806 0.011246495351729663 66550.000000000015 0.24405982271084042
decision_type=2 2 9 2 2 2 9 2 2 2 2 2 2 2
left_child=2 4 3 -1 -2 -4 -6 9 13 12 -11 -10 -7 -8
right_child=1 -3 5 -5 6 7 8 -9 11 10 -12 -13 -14 -15
leaf_value=0.021597781287893879 0.0061115984134267835 -0.014597032050254942 0.025845049258247755 -0.003270863844756194 -0.003270863844756194 0.0074102708732263472 -0.014597032050254942 -0.003270863844756194 -0.012361772733361982 0.0061115984134267835 0.016459961910121619 -0.003270863844756194 -0.003270863844756194 -0.003270863844756194
leaf_weight=6.7914521247148505 42.153089981526136 86.60399710200727 22.364934481680393 27.581044215708971 76.140320425853133 39.001039121299982 48.894421735778451 10.193948447704313 12.776622392237188 12.740246277302502 81.563212785869837 14.53725762106478 7.4773539863526812 6.8301745858043423
leaf_count=84 920 2766 214 453 1879 594 1380 177 334 203 1197 372 125 194
internal_value=0.000303984 -0.0068685 0.0101744 -0.00315278 -0.00327086 0.0123175 -0.00586595 0.010339 -0.0105337 0.0114497 0.0141307 -0.00327086 0.0061116 -0.014597
internal_weight=495.649 287.936 207.713 34.3725 201.332 173.341 159.179 150.976 83.0385 140.782 94.3035 27.3139 46.4784 55.7246
internal_count=10892 7845 3047 537 5079 2510 4159 2296 2280 2119 1400 706 719 1574
cat_boundaries=0 1 2
cat_threshold=4106 413
is_linear=0
shrinkage=0.03


Tree=38
num_leaves=15
num_cat=0
split_feature=0 0 8 0 1 2 2 1 2 2 2 2 4 4
split_gain=41.7166 7.52598 8.81224 6.43884 4.98355 4.48687 5.94962 3.37086 3.21157 5.46805 2.26799 1.41023 0.9174 0.675223
threshold=691.50000000000011 822.50000000000011 1.0017613799415204 569.50000000000011 137.50000000000003 15850.000000000002 33150.000000000007 145.50000000000003 53350.000000000007 71650.000000000015 29050.000000000004 30850.000000000004 0.0079052618422697177 0.03868763817286084
decision_type=2 2 2 2 2 2 2 2 2 2 2 2 2 2
left_child=3 2 -2 5 -4 -1 12 -5 -8 -10 -3 -6 -7 -11
right_child=1 10 4 7 11 6 8 -9 9 13 -12 -13 -14 -15
leaf_value=0.0051210549414372752 -0.011400048863314081 -0.011400048863314081 0.0051210549414372752 0.0051210549414372752 -0.0039907077427807245 0.037327595988679602 0.0051210549414372752 -0.0039907077427807245 0.026817238784763085 0.0051210549414372752 -0.018885830361104319 -0.011400048863314081 0.014199872418527479 0.011804255846280181
leaf_weight=12.519984506070612 63.63161513954401 26.735917979851365 63.023403966799378 123.22618042305112 4.8201030660420683 10.883571930229666 28.306352835148573 33.120181165635586 19.343889631330967 16.439746506512169 60.136958703398705 12.769010085612534 12.958617765456436 12.127768393605946
leaf_count=130 1830 740 1583 2218 110 115 368 653 254 219 2073 368 142 165
internal_value=0.00136663 -0.00788904 -0.00347446 0.00931983 0.00308204 0.0146852 0.0170399 0.00512105 0.0116022 0.0161475 -0.014631 -0.00971532 0.0293981 0.00600432
internal_weight=500.043 231.117 144.244 268.926 80.6125 112.58 100.06 156.346 76.2178 47.9114 86.8729 17.5891 23.8422 28.5675
internal_count=10968 6704 3891 4264 2061 1393 1263 2871 1006 638 2813 478 257 384
is_linear=0
shrinkage=0.03


Tree=39
num_leaves=15
num_cat=1
split_feature=0 0 10 2 7 0 4 4 1 4 2 1 4 2
split_gain=30.9429 11.2871 10.7972 7.68622 7.09151 4.59534 4.56953 4.48858 4.68677 4.19843 4.26884 5.52858 3.35357 2.52965
threshold=691.50000000000011 452.50000000000006 0 29050.000000000004 8.5000000000000018 771.50000000000011 0.03613755722189458 0.0048800527101260606 134.50000000000003 0.1491045138720179 60250.000000000007 68.500000000000014 0.070207867172552466 53950.000000000007
decision_type=2 2 1 2 2 2 2 2 2 2 2 2 2 2
left_child=1 -1 4 12 7 6 13 8 -3 -4 11 -11 -2 -5
right_child=3 2 9 5 -6 -7 -8 -9 -10 10 -12 -13 -14 -15
leaf_value=0.02351941734739282 -0.00024017034295014628 0.021490079228468146 -0.00024017034295014628 -0.0017779712638918933 0.02351941734739282 -0.015850209145782272 -0.00024017034295014628 -0.00024017034295014628 -0.00024017034295014628 0.02351941734739282 -0.00024017034295014628 -2.7722060376240699e-05 -0.010505054947653749 -0.015850209145782272
leaf_weight=28.628546632826328 45.313817717134953 18.127655398100618 121.36964586749673 15.579084103927014 26.439743105322123 86.778302978724241 34.723892262205482 28.745971068739891 4.9935754276812068 10.34984787553549 15.711235541850327 11.182107374072073 24.12703045271337 20.819077782332897
leaf_count=270 1142 306 2053 420 364 2982 910 501 92 156 273 184 616 571
internal_value=0.000269922 0.00716343 0.00474178 -0.00776299 0.012741 -0.011339 -0.00515517 0.00660241 0.0151983 -0.00024017 0.00921796 0.0167081 -0.00024017 -0.0122305
internal_weight=492.89 265.548 236.92 227.341 78.3069 157.9 71.1221 51.8672 23.1212 158.613 37.2432 21.532 69.4408 36.3982
internal_count=10840 4199 3929 6641 1263 4883 1901 899 398 2666 613 340 1758 991
cat_boundaries=0 1
cat_threshold=22
is_linear=0
shrinkage=0.03


Tree=40
num_leaves=15
num_cat=3
split_feature=0 0 2 0 9 4 8 4 6 10 2 9 4 6
split_gain=38.9643 11.6274 8.49244 8.01055 7.78302 4.08296 2.49251 2.7376 2.43308 2.38811 2.93399 3.81819 1.85999 1.30056
threshold=677.50000000000011 428.50000000000006 29050.000000000004 736.50000000000011 0 0.036875802674321979 1.0085929207623796 0.049952320406865869 4.5000000000000009 1 27850.000000000004 2 0.20128038194444448 9.5000000000000018
decision_type=2 2 2 2 9 2 2 2 2 1 2 9 2 2
left_child=1 -1 4 5 6 -4 -2 -8 -7 10 -3 12 -12 -6
right_child=2 9 3 -5 13 8 7 -9 -10 -11 11 -13 -14 -15
leaf_value=0.027757920165929484 -0.017781393148319138 0.019960951753352715 -0.0095338040351400279 -0.016372521879942398 0.0059034607422044031 0.0059034607422044031 -0.010593204423973362 0.0059034607422044031 -0.010398621526446843 0.0059034607422044031 0.022747411706491416 0.0059034607422044031 0.0059034607422044031 -0.0068043001990229883
leaf_weight=19.974800810217857 17.788633516058329 27.046479530632496 28.361619651317596 116.47319418005645 36.386493043974042 22.970111314207319 8.2983699422329646 5.825992750003933 3.9119928441941729 121.64657340571284 27.850590135902166 48.608438108116388 6.561277247965335 6.2347879931330672
leaf_count=182 494 361 722 3871 887 558 196 138 97 1912 432 839 105 143
internal_value=-7.64794e-05 0.00814481 -0.00847415 -0.0120561 1.73576e-05 -0.0023521 -0.00915053 -0.00125836 0.00553176 0.00590346 0.0108179 0.00810359 0.0156913 0.00590346
internal_weight=497.939 251.688 246.251 171.717 74.5343 55.2437 31.913 14.1244 26.8821 231.713 110.067 83.0203 34.4119 42.6213
internal_count=10937 3831 7106 5248 1858 1377 828 334 655 3649 1737 1376 537 1030
cat_boundaries=0 1 2 3
cat_threshold=698 54 437
is_linear=0
shrinkage=0.03


Tree=41
num_leaves=15
num_cat=4
split_feature=0 0 7 1 4 10 9 6 7 8 9 7 7 9
split_gain=32.1149 6.981 6.4392 5.77325 5.17922 4.0402 4.87957 4.14089 3.99392 3.82048 3.2694 2.97273 1.75845 2.92075
threshold=691.50000000000011 452.50000000000006 3.5000000000000004 190.50000000000003 0.18132243009136575 0 1 2.5000000000000004 5.5000000000000009 1.0103851166134905 2 10.500000000000002 5.5000000000000009 3
decision_type=2 2 2 2 2 1 9 2 2 2 9 2 2 9
left_child=1 -1 -3 4 5 11 8 10 -7 -2 -8 -4 13 -6
right_child=9 2 3 -5 12 6 7 -9 -10 -11 -12 -13 -14 -15
leaf_value=0.019255522762695845 -0.012711097882455755 -0.0067745640420852245 0.0065304315530733022 -0.0054117727205696131 -0.0054117727205696131 -0.0025152600468127018 -0.0042579475484112641 -0.0054117727205696131 0.019255522762695845 -0.0067745640420852245 0.0097646139724828704 0.019255522762695845 0.019255522762695845 0.010351159767060561
leaf_weight=28.946770869195461 126.03451519645751 34.606089930981398 32.322838559746742 27.951383419334888 5.9015592262148857 7.5029360838234451 17.556526847183704 38.785840023308992 11.870878122746943 97.64677919447422 19.394048143178225 12.80847981199622 21.406142339110374 9.7340316958725435
leaf_count=263 3934 616 512 486 112 128 343 589 176 2726 325 161 321 156
internal_value=-0.000519082 0.00641776 0.00450677 0.00652487 0.00850368 0.00549308 0.000981209 -0.0027927 0.010515 -0.00881283 0.00470126 0.0114713 0.0178931 0.00620509
internal_weight=492.469 268.788 239.841 205.235 177.283 140.242 95.1102 75.7364 19.3738 223.681 36.9506 45.1313 37.0417 15.6356
internal_count=10848 4188 3925 3309 2823 2234 1561 1257 304 6660 668 673 589 268
cat_boundaries=0 1 2 3 4
cat_threshold=22 1568 2059 6698
is_linear=0
shrinkage=0.03


Tree=42
num_leaves=15
num_cat=2
split_feature=0 9 0 6 4 9 8 0 0 4 6 4 0 6
split_gain=30.3426 7.5456 6.63487 4.99294 7.69561 4.36388 3.12767 3.85963 2.90225 3.20972 2.73271 2.59632 3.86133 2.02913
threshold=691.50000000000011 0 413.50000000000006 1.5000000000000002 0.03613755722189458 1 1.003177142741781 843.50000000000011 822.50000000000011 0.009845878238120968 6.5000000000000009 0.0058997563522450404 606.50000000000011 8.5000000000000018
decision_type=2 9 2 2 2 9 2 2 2 2 2 2 2 2
left_child=2 8 -1 5 11 -4 -3 -8 -2 -10 -6 12 -5 -12
right_child=1 6 3 4 10 -7 7 -9 9 -11 13 -13 -14 -15
leaf_value=0.024739990660776992 -0.00015137815571038754 -0.017444052177655711 0.008083312477475511 0.013215240823404606 0.024475103200558023 -0.00015137815571038754 -0.0016710045951635478 -0.016488921155870459 -0.00015137815571038754 -0.015459112446359719 0.00011018697175434201 -0.00015137815571038754 -0.00015137815571038754 0.015436783697926882
leaf_weight=15.107567034661768 65.714582299813628 55.193361515179276 54.155057575553656 33.424120340496302 29.454128444194794 78.277008783072233 46.042855981737375 20.202263968065381 16.282165406271815 18.475850561633706 13.651302698999645 10.435598038136957 27.528920583426952 13.283725045621393
leaf_count=133 1682 1850 863 404 456 1434 1322 690 516 599 189 155 468 175
internal_value=0.00125719 -0.00691173 0.00784733 0.00641862 0.010541 0.0022023 -0.0113668 -0.00702997 -0.000151378 -0.00825702 0.0183675 0.00356138 0.0070178 0.00890236
internal_weight=497.229 221.911 275.317 260.21 127.778 132.432 121.438 66.2451 100.473 34.758 56.3892 71.3886 60.953 26.935
internal_count=10936 6659 4277 4144 1847 2297 3862 2012 2797 1115 820 1027 872 364
cat_boundaries=0 1 2
cat_threshold=1428 1412
is_linear=0
shrinkage=0.03


Tree=43
num_leaves=15
num_cat=2
split_feature=9 10 3 2 1 1 6 2 8 3 8 1 1 2
split_gain=8.73872 7.50908 6.44797 5.94206 5.92563 5.3694 5.03444 4.98437 4.92844 4.90143 3.28536 3.02563 2.91974 2.71645
threshold=0 1 54.000000000000007 29050.000000000004 22.500000000000004 38.500000000000007 1.5000000000000002 25750.000000000004 1.0312805772994131 54.000000000000007 1.0089200407434096 41.500000000000007 123.50000000000001 15450.000000000002
decision_type=9 1 2 2 2 2 2 2 2 2 2 2 2 2
left_child=4 3 -3 7 9 10 -7 12 11 -1 -4 -5 -2 -6
right_child=1 2 5 8 13 6 -8 -9 -10 -11 -12 -13 -14 -15
leaf_value=0.030672018521183338 0.010464011832818121 -0.0092878030691491819 0.0034990291555534901 0.0039205596125888101 -0.0077042210627036164 -0.010679589867673596 0.0034990291555534901 0.02971444360384139 0.014477760965569332 0.0042918769989026108 0.017682168035351969 -0.0086240068121518649 -0.0050089850063344933 0.0042918769989026108
leaf_weight=11.396668035537006 32.462178168818355 136.45163212716579 20.572567000985146 22.898254379630089 12.628864619880913 42.630393978208303 39.213706471025944 6.3223419263958922 10.042261103168128 5.346599990501999 16.308292085304856 44.793311906978488 12.023355031386016 78.495876614004374
leaf_count=215 612 3128 439 505 239 1059 856 127 209 102 330 1086 242 1664
internal_value=0.000289175 -0.00188056 -0.00477733 0.00376831 0.00727133 0.000186319 -0.0040759 0.0115248 -0.00123605 0.0221153 0.00900221 -0.00440273 0.00619848 0.00429188
internal_weight=491.586 383.718 255.177 128.542 107.868 118.725 81.8441 50.8079 77.7338 16.7433 36.8809 67.6916 44.4855 91.1247
internal_count=10813 8593 5812 2781 2220 2684 1915 981 1800 317 769 1591 854 1903
cat_boundaries=0 1 2
cat_threshold=1424 22
is_linear=0
shrinkage=0.03


Tree=44
num_leaves=15
num_cat=3
split_feature=0 9 0 2 2 10 0 3 1 10 1 2 2 2
split_gain=28.1917 10.0259 9.64217 9.58247 5.73536 4.94377 3.29492 3.16408 3.3972 2.76991 2.29733 1.91759 2.15215 2.46529
threshold=697.50000000000011 0 452.50000000000006 22850.000000000004 10550.000000000002 1 907.50000000000011 54.000000000000007 139.50000000000003 2 57.500000000000007 51150.000000000007 21950.000000000004 15450.000000000002
decision_type=2 9 2 2 2 1 2 2 2 1 2 2 2 2
left_child=1 2 -1 4 -3 7 -2 -5 -9 -4 -6 12 13 -11
right_child=6 3 9 5 10 -7 -8 8 -10 11 -12 -13 -14 -15
leaf_value=0.03043633077386243 -0.0081676386015318916 -0.0073293526662915765 0.014039414688193435 -0.0081676386015318916 0.029145776320438872 -0.0081676386015318916 -0.017676445033969763 0.015141288557294946 -0.006362506000312889 0.0083323871613947068 0.006417253170778364 -0.00086575482317436997 0.010517620688658294 -0.0081676386015318916
leaf_weight=16.507211677730083 179.44533665850759 6.060810104012492 39.304727744311094 7.9493322111666194 9.1945129334926623 65.051506381481886 31.486075423657894 19.301962677389387 5.8894723691046229 8.4596606791019457 10.674465611577032 41.315612304955721 44.190117124468088 9.7452358417212945
leaf_count=139 5339 79 594 139 114 1164 1076 334 106 114 155 691 692 128
internal_value=3.13231e-05 0.00616432 0.0106885 -0.00061879 0.0140068 -0.00503251 -0.00816764 0.00400352 0.00989283 0.00818013 0.0206803 0.00377707 0.00724796 -0.00124486
internal_weight=494.576 283.645 159.523 124.122 25.9298 98.1923 210.931 33.1408 25.1914 143.015 19.869 103.711 62.395 18.2049
internal_count=10864 4449 2358 2091 348 1743 6415 579 440 2219 269 1625 934 242
cat_boundaries=0 1 2 3
cat_threshold=1940 32 28
is_linear=0
shrinkage=0.03


Tree=45
num_leaves=15
num_cat=2
split_feature=0 9 2 2 0 8 8 0 2 2 8 1 2 11
split_gain=29.7706 12.2236 6.57964 5.01703 4.16784 3.4159 3.27873 3.211 2.84446 2.63679 1.44907 1.43691 1.23226 3.41374
threshold=691.50000000000011 0 29450.000000000004 33550.000000000007 572.50000000000011 1.0309350848956749 1.0327937790401085 750.50000000000011 14650.000000000002 42650.000000000007 1.0037617569645572 13.500000000000002 48250.000000000007 1
decision_type=2 9 2 2 2 2 2 2 2 2 2 2 2 1
left_child=3 2 -2 4 8 7 11 -3 -1 -7 -9 -4 -13 -14
right_child=1 5 6 -5 -6 9 -8 10 -10 -11 -12 12 13 -15
leaf_value=0.0074431712666408823 0.0074431712666408823 -0.0066751724007446589 0.0043150271568832979 0.0043150271568832979 0.0074431712666408823 0.0043150271568832979 0.0043150271568832979 -0.022596435895942402 0.02437364954190939 -0.0066751724007446589 -0.010981171803315322 -0.0014121446004328462 -0.016899091292828537 0.0033869197344120919
leaf_weight=11.833819188177584 25.023066055029631 39.280470518395305 3.1806487124413243 181.76828727126122 54.803416203707457 8.0146930515766162 6.7731364555656901 42.541787410154939 29.293169971555471 10.979270694777368 34.240434240549803 16.396256765350699 22.874405289068818 8.197148911654951
leaf_count=116 595 1087 85 2985 853 201 175 1547 302 340 1155 492 707 241
internal_value=0.000991576 -0.00722777 0.00220592 0.00744317 0.012863 -0.0121497 -0.00413765 -0.0148746 0.0197557 -0.000932833 -0.0184047 -0.00729719 -0.00870189 -0.0118197
internal_weight=495.2 217.501 82.4447 277.699 95.9304 135.057 57.4216 116.063 41.127 18.994 76.7822 50.6485 47.4678 31.0716
internal_count=10881 6625 2295 4256 1271 4330 1700 3789 418 541 2702 1525 1440 948
cat_boundaries=0 1 2
cat_threshold=1284 1
is_linear=0
shrinkage=0.03


Tree=46
num_leaves=15
num_cat=4
split_feature=9 1 7 10 9 1 8 4 4 3 8 9 8 4
split_gain=12.2182 7.57427 5.53419 4.32581 5.38616 5.30742 5.02333 2.61164 2.85413 2.60057 4.46668 3.50935 2.43118 2.24264
threshold=0 36.500000000000007 13.500000000000002 1 2 162.50000000000003 0.97079807452377909 0.0036875412086978397 0.033116800944868609 54.000000000000007 0.97371185316231768 3 1.0022396669341898 0.056619038896012712
decision_type=9 2 2 1 9 2 2 2 2 2 2 9 2 2
left_child=3 13 9 4 -1 6 -6 -5 -9 -3 -11 -12 -10 -2
right_child=1 2 -4 7 5 -7 -8 8 12 10 11 -13 -14 -15
leaf_value=-0.0020862702928227989 0.00431891040260319 -0.010185418621061282 0.00431891040260319 0.017515577110177521 -0.0017011236840183605 -0.0070605685402151197 0.03369324863131927 -0.007909588491683028 0.00093194391037824259 -0.011040000684008859 -0.0070265983072603476 0.00431891040260319 0.014806805522363473 0.011787889802410348
leaf_weight=85.059985117986798 53.096347583457828 122.01979276351631 16.847404384985566 40.568389957770705 4.2594645507633713 3.8232116233557454 8.8237617723643762 6.6133226137608281 19.897753419354558 30.093087188899517 13.939395906403659 32.338036861270666 23.926731726154685 32.852796474471688
leaf_count=1738 1134 2948 339 830 98 85 171 137 422 739 331 780 451 700
internal_value=0.000814918 -0.00294133 -0.00600628 0.00642769 0.00153007 0.0121518 0.0248858 0.0109222 0.00648762 -0.00752962 -0.00292123 0.00291992 0.00924773 0.00431891
internal_weight=494.159 301.187 215.238 192.973 101.966 16.9064 13.0832 91.0062 50.4378 198.39 76.3705 46.2774 43.8245 85.9491
internal_count=10903 6971 5137 3932 2092 354 269 1840 1010 4798 1850 1111 873 1834
cat_boundaries=0 1 2 3 4
cat_threshold=1412 80 260 19
is_linear=0
shrinkage=0.03


Tree=47
num_leaves=15
num_cat=3
split_feature=9 2 1 2 3 10 9 8 2 2 2 2 1 2
split_gain=8.17589 8.42835 5.35902 6.53917 4.05923 3.60544 5.32709 5.05652 3.85027 4.47559 3.14584 2.88195 2.7318 2.53848
threshold=0 19650.000000000004 81.500000000000014 9550.0000000000018 54.000000000000007 1 2 0.93258383517571375 173150.00000000003 11050.000000000002 21950.000000000004 65650.000000000015 137.50000000000003 285650.00000000006
decision_type=9 2 2 2 2 1 9 2 2 2 2 2 2 2
left_child=5 2 3 -2 -5 6 7 -1 9 -7 -8 -12 -9 -3
right_child=1 13 -4 4 -6 8 10 12 -10 -11 11 -13 -14 -15
leaf_value=-0.0084610140464302496 -0.0043909574190761054 -0.0069067945749948373 -0.0043909574190761054 0.0073776773281434777 0.034014434046325676 -0.0076511117663118572 -0.017033586726941725 0.022991355589314408 -0.010094750165425154 0.010515390257418029 0.0015500834432012897 -0.012476529686257672 -0.00097323288627882646 0.0087601503279775162
leaf_weight=5.6374514549970653 6.5869535505771664 214.24105697497725 20.342258382588625 14.918635416775944 7.7648747768253079 10.049554251134394 11.236782262101768 14.216326491907241 6.4455511178821316 111.34663934260607 49.728190882131457 12.529641969129441 5.001794194802641 5.5925367437303057
leaf_count=130 118 5267 419 280 125 177 187 275 136 2257 1029 277 108 137
internal_value=-0.000242577 -0.00367666 0.00687839 0.0142083 0.0209924 0.00383251 -0.000603217 0.00858278 0.00694996 0.00876834 -0.0046381 -0.00199049 0.017841 -0.00632228
internal_weight=495.638 269.446 49.6127 29.2705 22.6835 226.192 98.3502 24.8556 127.842 121.396 73.4946 62.2578 19.2181 219.834
internal_count=10922 6346 942 523 405 4576 2006 513 2570 2434 1493 1306 383 5404
cat_boundaries=0 1 2 3
cat_threshold=1428 64 1168
is_linear=0
shrinkage=0.03


Tree=48
num_leaves=15
num_cat=2
split_feature=0 0 9 9 0 2 2 2 2 4 4 4 4 4
split_gain=29.4727 9.60053 5.74526 4.47213 4.18108 3.81912 3.41142 3.76145 2.83662 2.56954 3.64492 2.15735 1.26348 0.971018
threshold=691.50000000000011 569.50000000000011 0 1 763.50000000000011 19650.000000000004 173150.00000000003 99600.000000000015 17550.000000000004 0.15547680705101999 0.27087922173274598 0.08300776779037651 0.031265766902119081 0.024660605688310095
decision_type=2 2 9 9 2 2 2 2 2 2 2 2 2 2
left_child=1 -1 6 -2 -5 -6 7 9 13 11 -11 12 -3 -4
right_child=3 2 8 4 5 -7 -8 -9 -10 10 -12 -13 -14 -15
leaf_value=0.013590273286021784 -0.00389160140935387 0.0013601343341796456 0.013069223163572575 -0.0046887549470592633 -0.0046887549470592633 -0.020196553240696441 -0.00389160140935387 0.013590273286021784 -0.00389160140935387 0.013590273286021784 -0.00389160140935387 -0.00389160140935387 0.011930062512752023 -0.00069604997507773222
leaf_weight=116.47076524049044 104.18581007793546 39.249727342277765 7.0952136404812318 46.171602873131633 11.85137454792857 54.482400292530656 7.3172155171632758 8.3258971944451314 55.628090906888247 10.765321031212808 8.2720846645534021 6.697143740952014 9.5531113930046541 6.6780363246798515
leaf_count=1361 2969 678 100 1301 346 2053 148 154 1094 174 137 115 165 95
internal_value=0.000781192 0.00722496 0.0023075 -0.00740562 -0.0113753 -0.0169693 0.00673346 0.00933438 -0.0038916 0.0049774 0.0131872 0.00130417 0.00434559 0.00798725
internal_weight=492.744 276.053 159.582 216.691 112.505 66.3338 90.1805 82.8633 69.4013 74.5374 19.0374 55.5 48.8028 13.7732
internal_count=10890 4221 2860 6669 3700 2399 1571 1423 1289 1269 311 958 843 195
cat_boundaries=0 1 2
cat_threshold=7428 5396
is_linear=0
shrinkage=0.03


Tree=49
num_leaves=15
num_cat=0
split_feature=0 2 0 3 1 4 2 2 4 2 0 4 1 2
split_gain=32.3505 6.01569 5.13705 4.48021 3.41708 2.14116 1.86047 3.39396 4.3745 3.50898 2.03206 1.66396 1.63394 1.14627
threshold=725.50000000000011 29050.000000000004 572.50000000000011 42.000000000000007 11.500000000000002 0.27386847021223926 61650.000000000007 54950.000000000007 0.0036875412086978397 26950.000000000004 462.50000000000006 0.0036875412086978397 86.500000000000014 285650.00000000006
decision_type=2 2 2 2 2 2 2 2 2 2 2 2 2 2
left_child=2 3 6 11 -3 -5 7 8 9 -1 -8 12 -2 -6
right_child=1 4 -4 5 13 -7 10 -9 -10 -11 -12 -13 -14 -15
leaf_value=0.025721667368786394 0.0028805057340165604 0.0028805057340165604 0.0028805057340165604 0.0028805057340165604 -0.015248392292454054 -0.013023538094688078 0.013562715990023951 0.02748791719548729 0.0028805057340165604 0.0054431458241633842 0.0028805057340165604 -0.017482451588304197 -0.010998293276472981 0.0020407269886964659
leaf_weight=15.327207684516905 6.0258139055222291 4.6825530752539626 201.50532312504947 30.302834715694189 109.94988232664764 3.571738686412572 12.361805871129034 9.5808496288955194 38.900842510163784 17.888218954205513 26.165195278823376 10.793627977371214 4.2144408486783504 2.4177127107977858
leaf_count=145 169 141 3918 791 3842 97 114 116 429 216 379 320 122 83
internal_value=0.000339016 -0.00999538 0.005931 -0.00159311 -0.0137102 0.00288051 0.0107247 0.0132434 0.0096914 0.0169417 0.00447606 -0.0113508 -0.00127255 -0.0148053
internal_weight=493.688 171.959 321.729 54.9085 117.05 33.8746 120.224 81.6971 72.1163 33.2154 38.527 21.0339 10.2403 112.368
internal_count=10882 5565 5317 1499 4066 888 1399 906 790 361 493 611 291 3925
is_linear=0
shrinkage=0.03


Tree=50
num_leaves=15
num_cat=2
split_feature=0 9 0 8 0 1 0 1 0 4 3 7 4 10
split_gain=24.2942 11.3558 6.4341 6.31385 8.65127 4.05884 4.6939 3.8113 2.12962 2.08598 2.00434 1.27988 1.24983 1.20563
threshold=575.50000000000011 0 750.50000000000011 1.0029009551632315 771.50000000000011 138.50000000000003 631.50000000000011 46.500000000000007 413.50000000000006 0.009845878238120968 54.000000000000007 7.5000000000000009 0.042315705361504453 1
decision_type=2 9 2 2 2 2 2 2 2 2 2 2 2 1
left_child=8 3 5 9 -5 6 7 -3 -1 -2 -8 -9 -12 -6
right_child=1 2 -4 4 13 -7 10 11 -10 -11 12 -13 -14 -15
leaf_value=0.023483773300939034 -0.0030570848589505 0.011985047606693475 -0.013767565469332207 0.011985047606693475 0.004867275523481286 -0.0119650502456449 -0.0028199584743980976 -0.0028199584743980976 0.011985047606693475 -0.0099304131090569136 -0.0119650502456449 0.0072910261369937088 -0.0028199584743980976 -0.0030570848589505
leaf_weight=14.927764430642126 32.331627586856484 16.190834056586027 82.735198820009828 54.906766135245562 9.6252268962562066 30.702020738273859 42.868655435740948 9.2572991065680927 111.69142981618643 35.728203820064664 16.183698801323775 6.6563506312668332 15.732705714181064 15.244071688503029
leaf_count=125 797 257 2997 973 273 722 1018 179 1350 907 370 104 358 473
internal_value=0.000911239 -0.00300684 -0.00707594 0.00333536 0.00904108 -0.00320677 -0.000268853 0.00855852 0.011985 -0.00305708 -0.00435722 -0.00281996 -0.0102395 -0.00305708
internal_weight=494.782 368.163 220.327 147.836 79.7761 137.592 106.89 32.1045 126.619 68.0598 74.7851 15.9136 31.9164 24.8693
internal_count=10903 9428 6005 3423 1719 3008 2286 540 1475 1704 1746 283 728 746
cat_boundaries=0 1 2
cat_threshold=1412 26
is_linear=0
shrinkage=0.03


Tree=51
num_leaves=15
num_cat=5
split_feature=9 8 1 2 3 2 1 9 10 9 8 4 1 10
split_gain=9.12163 12.27 5.34975 4.85674 5.71471 5.31543 6.43684 6.94754 4.56303 6.31975 3.13085 2.77576 2.84239 2.71149
threshold=0 1.0017613799415204 210.50000000000003 33550.000000000007 54.000000000000007 225250.00000000003 50.500000000000007 1 2 3 1.0162118358228571 0.30570466998581486 22.500000000000004 4
decision_type=9 2 2 2 2 2 2 9 1 9 2 2 2 1
left_child=1 -1 -3 4 8 6 7 13 9 -2 -7 12 -10 -5
right_child=3 2 -4 5 -6 10 -8 -9 11 -11 -12 -13 -14 -15
leaf_value=-0.0035824490514426467 -0.0053639464403451879 0.022608134637835287 -0.0035824490514426467 -0.0018139000410421675 0.010468013541230623 -0.0015461088619110014 -0.0090321350227145821 -0.0085241825165127058 0.0046736740137538904 0.013477979697505471 0.021163114432379705 0.009020765614046012 -0.012897049735986953 0.0097715134596435167
leaf_weight=35.450515491887927 20.916241284459829 39.444987013936043 5.4536419529467812 26.797564588487148 48.189065208658576 9.2230522353202087 154.03524101525545 33.797154670581222 7.4160540029406539 19.866107098758221 6.4840353708714238 3.9856412056833497 40.845714846625924 41.761858845129609
leaf_count=771 437 726 124 608 854 237 3829 797 127 388 148 76 856 920
internal_value=7.2376e-05 0.00846078 0.0190715 -0.00179922 0.00261161 -0.00415918 -0.00525476 0.000585682 -0.00178432 0.0049706 0.010675 -0.00672425 -0.0100118 0.00573044
internal_weight=493.667 80.3491 44.8986 413.318 141.219 272.099 256.392 102.357 93.0298 40.7823 15.7071 52.2474 48.2618 68.5594
internal_count=10898 1621 850 9277 2738 6539 6154 2325 1884 825 385 1059 983 1528
cat_boundaries=0 1 2 3 4 5
cat_threshold=1408 6181 22 2608 64
is_linear=0
shrinkage=0.03


Tree=52
num_leaves=15
num_cat=2
split_feature=0 2 9 4 9 2 0 2 8 2 2 1 8 2
split_gain=19.5099 5.0429 5.70961 3.37438 6.81126 4.87982 4.44588 6.39006 2.90573 2.00556 2.56916 1.75118 1.49953 0.955195
threshold=761.50000000000011 49850.000000000007 0 0.1491045138720179 1 22250.000000000004 470.50000000000006 50250.000000000007 0.83890597557242075 23650.000000000004 14650.000000000002 25.500000000000004 1.0095328971283173 267250.00000000006
decision_type=2 2 9 2 9 2 2 2 2 2 2 2 2 2
left_child=3 2 8 6 -5 -6 -1 9 -2 10 -8 -4 -7 -3
right_child=1 13 11 4 5 12 7 -9 -10 -11 -12 -13 -14 -15
leaf_value=0.015763644375522266 -0.013735131047918098 -0.017204629278822627 0.0012889152777787554 0.003754612620307852 0.003754612620307852 0.012496294032913484 0.003754612620307852 -0.0056370270422851079 0.003754612620307852 0.003754612620307852 0.014456521732770429 -0.016118741150512862 0.027194697404580026 -0.0056370270422851079
leaf_weight=31.070278123021126 3.9930096361786118 52.498685022816062 5.3496434744447461 29.641485083848238 8.7826354838907701 29.453091900795698 28.523250635713339 107.68480595387518 33.572756607085466 77.050295928493142 32.213397907093167 27.623106671497226 22.81694864295423 2.2334690764546385
leaf_count=269 140 2014 157 554 132 536 445 2228 1038 1476 498 937 357 84
internal_value=0.000260201 -0.00973474 -0.00397132 0.00375461 0.00945308 0.0149839 0.00375461 0.00375461 0.00375461 0.00391917 0.00910149 -0.0106832 0.0207265 -0.0162084
internal_weight=492.507 125.271 70.5385 367.236 90.6942 61.0527 276.542 245.472 37.5658 137.787 60.7366 32.9728 52.27 54.7322
internal_count=10865 4370 2272 6495 1579 1025 4916 4647 1178 2419 943 1094 893 2098
cat_boundaries=0 1 2
cat_threshold=7173 2600
is_linear=0
shrinkage=0.03


Tree=53
num_leaves=15
num_cat=2
split_feature=0 0 0 9 4 8 8 4 10 4 0 0 6 4
split_gain=18.2674 7.0841 5.33829 6.40033 3.62766 3.26998 2.92745 1.62887 2.55785 2.00084 2.08083 1.88194 1.25899 2.71345
threshold=659.50000000000011 494.50000000000006 909.50000000000011 0 0.14200214707461087 1.0312805772994131 1.0034453083269039 0.093856418650117082 1 0.08300776779037651 728.50000000000011 858.50000000000011 7.5000000000000009 0.028123978090255072
decision_type=2 2 2 9 2 2 2 2 1 2 2 2 2 2
left_child=1 4 3 6 -1 7 -2 8 11 10 12 -5 13 -10
right_child=2 -3 -4 5 -6 -7 -8 -9 9 -11 -12 -13 -14 -15
leaf_value=0.019381091874516469 -0.0053618827775949182 0.003193117566941996 -0.016518307106932629 0.003178466461826907 0.003193117566941996 0.003178466461826907 0.003193117566941996 -0.013815864254689144 -0.012209310404901627 0.003178466461826907 -0.014584654323670312 -0.011600947905428618 0.003178466461826907 0.003178466461826907
leaf_weight=40.3599913418293 32.490925533697009 184.73455112054944 28.660165024921298 19.783185206353668 12.725858852267264 21.246691161766648 39.129991548135877 40.174381418153644 15.718228818848734 2.855693567544221 39.149298291653395 3.0036360267549744 4.3573543708771458 5.9137251768261185
leaf_count=358 1007 2825 1045 557 117 546 1034 1178 396 85 1313 110 94 143
internal_value=0.000264171 0.00616462 -0.0053054 -0.00354004 0.0153403 -0.00670733 0.00319312 -0.0088625 -0.00606364 -0.00818873 -0.0105591 0.00261561 -0.00312038 -0.00634047
internal_weight=490.304 237.82 252.483 223.823 53.0859 152.202 71.6209 130.956 90.7811 67.9943 65.1386 22.7868 25.9893 21.632
internal_count=10808 3300 7508 6463 475 4422 2041 3876 2698 2031 1946 667 633 539
cat_boundaries=0 1 2
cat_threshold=5379 6
is_linear=0
shrinkage=0.03


Tree=54
num_leaves=15
num_cat=1
split_feature=0 9 2 1 0 8 1 0 2 4 4 1 4 8
split_gain=14.8341 7.50988 6.76089 4.0788 3.77777 6.83445 4.92226 3.45763 2.01352 1.82927 2.84319 2.27577 1.73457 1.60383
threshold=764.50000000000011 0 37650.000000000007 14.500000000000002 575.50000000000011 1.0026160900660441 132.50000000000003 777.50000000000011 54950.000000000007 0.15134024730753892 0.21001503164734725 55.500000000000007 0.012095510069141632 0.97371185316231768
decision_type=2 9 2 2 2 2 2 2 2 2 2 2 2 2
left_child=1 4 12 -3 8 -6 -7 -4 -1 -5 -11 -12 -2 -14
right_child=2 3 7 9 5 6 -8 -9 -10 10 11 -13 13 -15
leaf_value=0.01281784813565256 -0.0013898635878718815 0.014265167939820588 -0.0013898635878718815 -0.0013898635878718815 -0.0013898635878718815 0.01281784813565256 -0.0013898635878718815 -0.016296493245441104 0.022296872230980813 0.014265167939820588 0.010361274641368962 -0.0013898635878718815 -0.016215867201546327 -0.0017260464755505236
leaf_weight=47.640575174242258 24.186174469068646 10.022670252248643 8.1957077477127296 117.18472729064524 63.172862216830254 56.526215774938464 18.24895603582263 63.473002079874277 24.31104340031743 9.4016662798821908 10.042969631031157 12.837049691006539 9.5892079602926987 15.578496387228368
leaf_count=501 720 168 285 2296 1324 990 356 2513 281 185 180 257 337 451
internal_value=0.000620153 0.00361093 -0.00828946 -0.00138986 0.00708941 0.00425366 0.0101987 -0.0139493 0.0128178 -0.00138986 0.00599925 -0.000555161 -0.00138986 -0.00901945
internal_weight=490.411 369.389 121.023 159.489 209.9 137.948 74.7752 71.6687 71.9516 149.466 32.2817 22.88 49.3539 25.1677
internal_count=10844 6538 4306 3086 3452 2670 1346 2798 782 2918 622 437 1508 788
cat_boundaries=0 1
cat_threshold=1940
is_linear=0
shrinkage=0.03


Tree=55
num_leaves=15
num_cat=1
split_feature=0 8 2 2 10 6 0 4 4 4 4 2 4 2
split_gain=18.3459 9.71621 7.12249 3.27062 2.0219 5.35139 2.41945 1.76765 1.23796 1.94698 1.89619 0.388178 0.187014 0.201156
threshold=691.50000000000011 1.0159299109295306 49550.000000000007 141750.00000000003 0 8.5000000000000018 511.50000000000006 0.028123978090255072 0.28722610722610725 0.34097393375492763 0.093856418650117082 29450.000000000004 0.0048800527101260606 28250.000000000004
decision_type=2 2 2 2 1 2 2 2 2 2 2 2 2 2
left_child=4 9 -3 8 5 6 -1 -5 -4 10 11 -2 13 -8
right_child=1 2 3 7 -6 -7 12 -9 -10 -11 -12 -13 -14 -15
leaf_value=0.015708376607531428 -0.0043363781591814572 0.0050568071198276157 -0.011297492376085084 -0.0092762720476998722 0.0050568071198276157 0.026682061260835208 0.0050568071198276157 0.0050568071198276157 0.004066556059642251 0.0034968281974566873 -0.019031168800201677 -0.011297492376085084 0.0050568071198276157 0.010482625857554237
leaf_weight=18.684726990759373 30.973669350147247 40.620188573375344 24.060413304716363 3.519212018698453 190.69630774483085 11.720853563398121 9.8403687365353125 3.5520474426448345 2.8285955619066945 5.574809940531849 35.472662780433893 60.163812069222331 34.729064326733351 19.885064404457808
leaf_count=170 889 1072 780 120 2907 133 130 113 86 184 1199 2174 572 338
internal_value=0.000163872 -0.00655343 0.00203638 -0.00859783 0.00505681 0.00978787 0.00713813 0.00505681 -0.0112975 -0.0112975 -0.012057 -0.0112975 0.00505681 0.00854989
internal_weight=492.322 206.765 74.5805 33.9603 285.556 94.8601 83.1392 7.07126 26.889 132.185 126.61 91.1375 64.4545 29.7254
internal_count=10867 6617 2171 1099 4250 1343 1210 233 866 4446 4262 3063 1040 468
cat_boundaries=0 1
cat_threshold=22
is_linear=0
shrinkage=0.03


Tree=56
num_leaves=15
num_cat=3
split_feature=0 9 10 8 1 1 0 9 1 0 7 0 3 4
split_gain=17.9043 13.0126 4.76193 4.50627 4.94928 4.21689 2.84148 2.49836 2.22278 1.45169 1.44465 0.999704 0.625026 0.654399
threshold=691.50000000000011 0 1 1.0159299109295306 26.500000000000004 16.500000000000004 727.50000000000011 2 162.50000000000003 729.50000000000011 6.5000000000000009 462.50000000000006 54.000000000000007 0.11031343360461524
decision_type=2 9 1 2 2 2 2 9 2 2 2 2 2 2
left_child=7 2 5 9 -5 -2 -7 8 -1 -3 -8 -9 -12 -14
right_child=1 3 -4 4 -6 6 10 11 -10 -11 12 -13 13 -15
leaf_value=0.01803958411351398 0.0055275083297243047 -0.0097566904493450162 0.0055275083297243047 0.0055275083297243047 -0.0097566904493450162 0.0043951544071660917 -0.016873599620619399 0.013051327986401828 0.0055275083297243047 -0.019427917854011864 -0.0074493974632877597 0.0055275083297243047 -0.0044917346780417146 0.0043951544071660917
leaf_weight=38.111374873667955 4.4054179284721604 16.47552989795804 41.049850810319185 8.6514048464596254 34.68071592412889 9.4263376351445896 18.792377581819892 32.42349211871624 7.7267709933221331 58.306274432688951 7.8817264735698682 207.54701188951731 4.2165115140378475 2.5448607094585896
leaf_count=499 115 477 1136 241 1120 222 664 276 114 2232 223 3339 126 78
internal_value=0.000704392 -0.00594613 0.00293651 -0.0117237 -0.00429436 -0.00389908 -0.00845437 0.00552751 0.0125641 -0.0169592 -0.0121775 0.00552751 -0.00338972 0.00249771
internal_weight=492.24 206.431 88.3171 118.114 43.3321 47.2672 42.8618 285.809 45.8381 74.7818 33.4355 239.971 14.6431 6.76137
internal_count=10862 6634 2564 4070 1361 1428 1313 4228 613 2709 1091 3615 427 204
cat_boundaries=0 1 2 3
cat_threshold=5380 96 1408
is_linear=0
shrinkage=0.03


Tree=57
num_leaves=15
num_cat=2
split_feature=0 0 9 10 8 7 2 0 3 2 2 2 2 6
split_gain=14.4509 10.2234 6.6792 7.29918 5.64331 3.21515 2.86403 4.41237 3.3602 2.82716 2.82631 1.98818 1.96824 1.82794
threshold=822.50000000000011 428.50000000000006 0 1 1.0017613799415204 13.500000000000002 148750.00000000003 693.50000000000011 42.000000000000007 54250.000000000007 67950.000000000015 57850.000000000007 124350.00000000001 9.5000000000000018
decision_type=2 2 9 1 2 2 2 2 2 2 2 2 2 2
left_child=1 -1 4 6 11 -5 7 -4 -9 -10 -6 -3 -11 -7
right_child=-2 2 3 5 10 13 -8 8 9 12 -12 -13 -14 -15
leaf_value=0.020265224042664773 -0.01191336391043718 0.004000426510352784 0.013206634009541491 -0.0049673381732118719 0.020265224042664773 0.016284666411744236 -0.0025835341216509859 -0.01191336391043718 0.013206634009541491 -0.010385934938466597 -0.00028269723595199128 -0.011242694671668879 0.0091322240610705561 -0.0011844519118149276
leaf_weight=21.338091731071472 72.723818220198154 22.6505122371018 51.570162622258067 214.76421538554132 30.427322223782539 5.6374299060553286 25.142884854227304 6.4626935254782465 7.3224510345608023 8.3041412532329542 5.9777061063796273 5.6767433173954478 2.5993287507444611 9.6663089115172625
leaf_count=168 2751 437 774 4472 487 84 573 182 195 260 108 129 87 151
internal_value=-2.51433e-05 0.00216192 0.000946536 -0.000913749 0.00873346 -0.00381848 0.00531952 0.00857848 -0.00168499 0.00524739 0.0170453 -0.000282697 -0.00432466 0.0076762
internal_weight=490.264 417.54 396.202 331.47 64.7323 230.068 101.402 76.2588 24.6886 18.2259 36.405 28.3273 10.9035 15.3037
internal_count=10858 8107 7939 6778 1161 4707 2071 1498 724 542 595 566 347 235
cat_boundaries=0 1 2
cat_threshold=1408 52
is_linear=0
shrinkage=0.03


Tree=58
num_leaves=15
num_cat=0
split_feature=0 1 7 4 8 4 1 7 0 7 4 1 6 0
split_gain=16.3582 7.65766 3.89584 3.75644 3.54563 2.80939 3.15524 2.30213 2.20624 1.44807 1.08509 0.929321 0.941797 0.756502
threshold=687.50000000000011 14.500000000000002 12.500000000000002 0.34097393375492763 1.0137887823005791 0.1752548917523537 59.500000000000007 10.500000000000002 413.50000000000006 4.5000000000000009 0.0895409145471429 40.500000000000007 8.5000000000000018 589.50000000000011
decision_type=2 2 2 2 2 2 2 2 2 2 2 2 2 2
left_child=8 -2 3 4 10 6 9 -8 -1 -6 -3 12 13 -10
right_child=1 2 -4 -5 5 -7 7 -9 11 -11 -12 -13 -14 -15
leaf_value=0.015060399480820132 0.004966970510507489 -0.013991383932663035 0.0029612666948928149 0.0029612666948928149 -0.0075632736671254874 0.0029612666948928149 -0.013991383932663035 0.0011457031758267846 0.0093311891163635006 0.0029612666948928149 -0.021696756847522418 0.0029612666948928149 0.013307452300541018 0.004966970510507489
leaf_weight=15.701115928590296 14.949775984510778 69.898544946685433 24.096476867794991 8.2177890539169294 7.9674442987889114 11.335733670741318 27.275888277217749 4.4250409211963406 37.451924666762352 14.10565449297428 27.933859657496214 178.95050235465169 12.566718176007269 37.820454705506563
leaf_count=122 407 2479 662 264 245 341 881 119 441 400 1004 2785 134 637
internal_value=0.000287544 -0.00597031 -0.0078231 -0.00938231 -0.010463 -0.00454164 -0.00757043 -0.0129687 0.00496697 0.0011457 -0.0139914 0.00496697 0.00661134 0.00496697
internal_weight=492.697 210.206 195.256 171.16 162.942 65.1098 53.774 31.7009 282.491 22.0731 97.8324 266.79 87.8391 75.2724
internal_count=10921 6802 6395 5733 5469 1986 1645 1000 4119 645 3483 3997 1212 1078
is_linear=0
shrinkage=0.03


Tree=59
num_leaves=15
num_cat=3
split_feature=9 2 2 3 10 9 4 4 8 1 3 1 2 8
split_gain=9.29182 8.58114 4.64486 4.62406 4.38402 7.05633 5.85719 7.1245 5.65969 4.6003 4.56684 4.28638 3.94566 5.95444
threshold=0 32350.000000000004 285650.00000000006 42.000000000000007 1 2 0.013400372606675497 0.074497705290538632 0.93258383517571375 123.50000000000001 42.000000000000007 136.50000000000003 141750.00000000003 0.90847371812574806
decision_type=9 2 2 2 1 9 2 2 2 2 2 2 2 2
left_child=4 3 -3 -2 5 8 9 -8 -1 12 -9 -5 13 -6
right_child=1 2 -4 11 6 -7 7 10 -10 -11 -12 -13 -14 -15
leaf_value=-0.0081650614665808949 -0.0050470868520279769 -0.0088336257211639579 0.013544455710829711 0.013497305537075075 0.00010192363454692292 -0.0046485249640740222 -0.0093003570905281704 -0.0045584747427266899 0.020144867178716268 0.00010192363454692292 0.014295276134814893 -0.0044367103932802165 0.00010192363454692292 0.024005662114336926
leaf_weight=5.4659064821898964 29.738707818090916 152.71601211093366 4.4736682139337054 39.466435516253114 6.3179176189005366 83.00526343472302 26.972506290301681 13.857545524835585 19.764896497130394 16.797319710254669 32.496215742081404 13.631730509921907 4.4050202537327996 43.499694829806685
leaf_count=130 653 4006 118 724 138 1716 554 284 378 372 619 262 95 805
internal_value=0.00050508 -0.00361807 -0.00779882 0.00389568 0.00438757 -0.000342019 0.00763235 0.00194956 0.0102765 0.0139895 0.00876386 0.00890757 0.0179199 0.0202953
internal_weight=492.609 240.027 157.19 82.8369 252.582 108.236 144.346 73.3263 25.2308 71.02 46.3538 53.0982 54.2226 49.8176
internal_count=10854 5763 4124 1639 5091 2224 2867 1457 508 1410 903 986 1038 943
cat_boundaries=0 1 2 3
cat_threshold=5524 64 1168
is_linear=0
shrinkage=0.03


Tree=60
num_leaves=15
num_cat=3
split_feature=0 10 9 0 8 2 9 2 2 0 2 8 8 0
split_gain=14.2604 5.19057 6.7199 4.5885 3.54717 2.98976 2.33777 4.15334 2.99097 2.64586 2.00756 1.93876 1.70365 1.48206
threshold=691.50000000000011 0 1 622.50000000000011 1.0103851166134905 173150.00000000003 2 12750.000000000002 41350.000000000007 595.50000000000011 55350.000000000007 0.90753299989293212 1.0059341004841855 563.50000000000011
decision_type=2 1 9 2 2 2 9 2 2 2 2 2 2 2
left_child=1 5 3 10 -2 6 8 -8 9 -1 -3 -4 -5 -9
right_child=4 2 11 12 -6 -7 7 13 -10 -11 -12 -13 -14 -15
leaf_value=0.016237702758690711 -0.0099999861660468783 0.0077915492254963898 -0.0099999861660468783 -0.0098681363195242035 -0.003913593332281552 -0.0038349362054307533 -0.003913593332281552 0.02112228132046642 -0.003913593332281552 -0.0029512843696071021 0.02649034947389883 -0.0022480804763476128 0.0057295071050562424 0.010288830707407052
leaf_weight=10.868926927447321 111.14844993315637 19.297844100743536 14.556824337691067 7.6778800487518275 92.219430377706885 13.353338994085787 8.8789839185774309 30.164663556963205 18.706539269536734 8.6913096532225591 8.2834199331700784 95.704370174556971 7.9387992024421692 47.422405228018761
leaf_count=111 3934 218 234 142 2727 233 107 316 313 142 98 1441 131 770
internal_value=-0.0001274 0.00410007 2.85077e-08 0.00842343 -0.00614079 0.00794226 0.00991449 0.0120714 0.00115256 0.00884633 0.0166108 -0.00391359 -0.00247247 0.0155245
internal_weight=494.913 291.545 153.459 43.1979 203.368 138.086 124.733 86.4661 38.2668 19.5602 27.5813 110.261 15.6167 77.5871
internal_count=10917 4256 2264 589 6661 1992 1759 1193 566 253 316 1675 273 1086
cat_boundaries=0 1 2 3
cat_threshold=54 1680 4648
is_linear=0
shrinkage=0.03


Tree=61
num_leaves=15
num_cat=4
split_feature=0 2 9 9 1 0 9 1 2 1 3 2 0 10
split_gain=13.6307 7.17233 6.4453 5.74395 4.06476 3.37312 3.21465 7.62443 2.8776 3.52009 2.57329 2.85765 2.10094 1.74653
threshold=649.50000000000011 29050.000000000004 0 1 60.500000000000007 725.50000000000011 2 35.500000000000007 26150.000000000004 20.500000000000004 42.000000000000007 37650.000000000007 740.50000000000011 3
decision_type=2 2 9 9 2 2 9 2 2 2 2 2 2 1
left_child=6 2 8 4 -3 13 7 -1 9 -2 11 -5 -13 -6
right_child=1 3 -4 10 5 -7 -8 -9 -10 -11 -12 12 -14 -15
leaf_value=0.027653064426222278 0.0056205460702509757 0.005063145079763548 0.0056205460702509757 0.0056205460702509757 0.005063145079763548 -0.012774657481707169 0.0056205460702509757 0.0063662168208698175 0.0056205460702509757 -0.016261178881594968 -0.016899661480809233 0.00051353494312173344 -0.016077693550874593 -0.0058706393910916005
leaf_weight=19.809165894985199 3.5211161077022686 43.0766158439219 50.366141168400645 4.316182196140292 13.468446761369705 28.388970654457808 161.25660189241171 50.250013563781977 3.315886376425623 23.331359401345253 61.058498924598098 11.221640480682256 11.567661155015228 4.5903791375458249
leaf_count=234 79 1261 1203 141 334 1082 2135 677 96 639 2062 291 474 102
internal_value=0.000394205 -0.00430538 0.0029947 -0.00760543 -0.00115715 -0.00708232 0.00562055 0.0122007 -0.00698768 -0.0123088 -0.0122957 -0.00473773 -0.00928557 0.00269584
internal_weight=489.539 258.223 80.5345 177.688 89.5244 46.4478 231.316 70.0592 30.1684 26.8525 88.164 27.1055 22.7893 18.0588
internal_count=10810 7764 2017 5747 2779 1518 3046 911 814 718 2968 906 765 436
cat_boundaries=0 1 2 3 4
cat_threshold=4785 4247 3216 105
is_linear=0
shrinkage=0.03


Tree=62
num_leaves=15
num_cat=1
split_feature=0 9 1 2 2 8 0 2 0 3 2 4 2 2
split_gain=16.6584 6.86637 6.05035 5.78371 4.65101 2.41336 4.86119 5.04573 1.32549 1.31105 1.22342 0.965841 1.85411 0.555866
threshold=764.50000000000011 0 14.500000000000002 53950.000000000007 42050.000000000007 1.0042538112399537 569.50000000000011 15050.000000000002 769.50000000000011 30.000000000000004 22850.000000000004 0.23432804513659988 47850.000000000007 99600.000000000015
decision_type=2 9 2 2 2 2 2 2 2 2 2 2 2 2
left_child=1 5 3 -3 9 6 -1 -8 -6 -2 -4 -7 -13 -9
right_child=4 2 10 -5 8 11 7 13 -10 -11 -12 12 -14 -15
leaf_value=0.0095990198178123771 -0.014802859836454466 0.026111495949582682 0.0016203637931730412 -0.0034275842275447474 -0.0034275842275447474 0.0095990198178123771 0.0095990198178123771 -0.0034275842275447474 -0.016670711736869626 -0.0034275842275447474 -0.0034275842275447474 0.025567319026199499 0.0095990198178123771 0.0074035091365335266
leaf_weight=30.195915836840868 4.574478965252637 7.9244174659252149 40.515721302479506 4.9799456037580967 3.3486131615936747 83.085863251239061 7.2092554662376633 47.960911637172103 59.125064196065068 49.137659421190619 131.52088365517557 8.56685768812895 9.4735787883400899 4.4080451503396025
leaf_count=319 157 116 613 90 123 1236 125 1017 2503 1596 2658 117 142 88
internal_value=-0.000633759 0.00245543 -0.00170079 0.0148987 -0.0103158 0.00619323 0.00270622 -0.00242631 -0.0155983 -0.00342758 -0.00342758 0.00959902 0.0171966 -0.00342758
internal_weight=492.027 375.841 184.941 12.9044 116.186 190.9 89.7741 59.5782 62.4737 53.7121 172.037 101.126 18.0404 52.369
internal_count=10900 6521 3477 206 4379 3044 1549 1230 2626 1753 3271 1495 259 1105
cat_boundaries=0 1
cat_threshold=1924
is_linear=0
shrinkage=0.03


Tree=63
num_leaves=15
num_cat=2
split_feature=0 9 0 1 9 7 7 8 0 1 8 0 0 8
split_gain=11.1083 5.90812 3.68045 3.03517 2.18007 2.42822 2.06209 2.14923 1.57635 2.36712 1.09015 1.65931 0.9236 0.860981
threshold=756.50000000000011 0 649.50000000000011 13.500000000000002 1 4.5000000000000009 4.5000000000000009 1.017096940147556 687.50000000000011 145.50000000000003 0.98268150716536373 615.50000000000011 452.50000000000006 0.92751811594202904
decision_type=2 9 2 2 9 2 2 2 2 2 2 2 2 2
left_child=1 3 12 -1 5 7 -2 -4 9 -6 -5 -12 -3 -8
right_child=6 2 4 10 8 -7 13 -9 -10 -11 11 -13 -14 -15
leaf_value=0.011666855560299503 -0.013234078214549439 0.013790220834875442 -0.011704574980364596 -0.005743965041604346 0.0071838259899244432 0.0076854508296054233 -0.012798833632306104 0.0076854508296054233 -0.005743965041604346 -0.005743965041604346 0.004495253883505454 -0.005743965041604346 0.0076854508296054233 -0.005743965041604346
leaf_weight=5.4128561876714221 36.227912919595838 25.22872344404459 7.538583258166911 31.878506503999233 22.892342273145918 20.320621686056256 18.52424818277359 3.4512395802885294 44.716238800436258 5.4130970686674109 21.749308459460735 25.53190398029983 154.49354129657149 67.321451708674431
leaf_count=83 1500 191 189 632 436 410 740 70 1180 120 292 597 2076 2354
internal_value=0.000406344 0.00300834 0.00496873 -0.00363479 0.000605924 0.00577211 -0.00726013 -0.00477979 -0.00228423 0.00268491 -0.00574397 -0.0010619 0.00768545 -0.00574397
internal_weight=490.701 368.627 284.054 84.5726 104.332 31.3104 122.074 10.9898 73.0217 28.3054 79.1597 47.2812 179.722 85.8457
internal_count=10870 6276 4672 1604 2405 669 4594 259 1736 556 1521 889 2267 3094
cat_boundaries=0 1 2
cat_threshold=4138 1409
is_linear=0
shrinkage=0.03


Tree=64
num_leaves=15
num_cat=2
split_feature=9 1 3 7 7 6 4 4 10 6 7 8 4 6
split_gain=7.55363 7.09 4.51022 4.45387 4.4633 3.61732 3.28292 3.96855 2.80928 3.38512 3.24703 3.37401 4.73516 2.11934
threshold=0 14.500000000000002 42.000000000000007 13.500000000000002 4.5000000000000009 4.5000000000000009 0.0068454635624526526 0.16121723287328385 1 8.5000000000000018 4.5000000000000009 0.92751811594202904 0.08300776779037651 2.5000000000000004
decision_type=9 2 2 2 2 2 2 2 1 2 2 2 2 2
left_child=2 4 5 -3 -2 13 -7 -8 9 10 -4 -12 -13 -1
right_child=1 3 8 -5 -6 6 7 -9 -10 -11 11 12 -14 -15
leaf_value=-0.0031269903172122231 -0.0075227065857605985 -0.0076699207119075843 -0.00027137457942575223 0.0081109912016516204 0.021586582594545559 0.014033562206793204 -0.01314876970506971 0.010590942376870026 0.0028083963443539285 -0.0039163583083509923 0.0014933271062929677 0.030136770314440446 0.0014933271062929677 -0.016619050931543755
leaf_weight=53.589740257710218 3.9853903800249073 162.38483420945704 8.5216205660253745 13.746853079646824 9.6433613430708629 14.528034789487721 9.6991997081786412 6.405198421329259 161.00646021775901 6.8862640894949427 7.7751203570514908 19.678302485495809 4.9118680376559487 9.2444556467235071
leaf_count=1222 91 4064 190 253 184 258 196 114 3369 110 163 389 84 195
internal_value=0.000187563 -0.00431366 0.00307801 -0.00624834 0.0133399 -0.00221776 0.00565674 -0.00343457 0.00558923 0.0111603 0.0162817 0.0200932 0.0247281 -0.00619067
internal_weight=492.007 189.76 302.246 176.132 13.6288 93.4666 30.6324 16.1044 208.78 47.7732 40.8869 32.3653 24.5902 62.8342
internal_count=10882 4592 6290 4317 275 1985 568 310 4305 936 826 636 473 1417
cat_boundaries=0 1 2
cat_threshold=3476 28
is_linear=0
shrinkage=0.03


Tree=65
num_leaves=15
num_cat=1
split_feature=0 2 8 0 6 9 8 1 7 6 0 8 2 2
split_gain=18.7151 6.63494 5.38899 3.84228 2.44627 1.65892 1.32676 0.838491 0.613017 0.571443 0.519604 0.464523 1.09714 0.398267
threshold=744.50000000000011 33150.000000000007 1.0034453083269039 494.50000000000006 5.5000000000000009 0 0.93008585114222553 9.5000000000000018 13.500000000000002 8.5000000000000018 917.50000000000011 1.0300048402710555 63550.000000000007 58550.000000000007
decision_type=2 2 2 2 2 9 2 2 2 2 2 2 2 2
left_child=3 2 5 4 6 -2 -1 -3 -7 10 11 -9 -13 -5
right_child=1 7 -4 13 -6 8 -8 9 -10 -11 -12 12 -14 -15
leaf_value=0.0049746251776520232 0.0044897448611426879 0.0015118025506100047 0.0049746251776520232 0.0049746251776520232 0.0049746251776520232 -0.016551542418798505 0.018899917254681667 -0.012152994236503437 -0.00082971752055453372 -0.00016053470538164913 -0.020755320674233767 0.0015118025506100047 -0.009896950282370252 0.0015170808170237573
leaf_weight=10.372158870100973 4.009060675278306 2.5347815118730059 27.572380002588034 193.64017902687192 15.975653320550917 16.202324431389581 32.258747480809689 54.775572912767529 3.1060687098652116 2.9551580194383851 13.446969047188757 5.0602379459887725 5.2114971335977316 104.84463147819042
leaf_count=97 121 84 742 3305 120 585 279 2285 90 110 614 171 190 2088
internal_value=0.00138711 -0.00794945 0.000630181 0.00497463 0.0124787 -0.00961637 0.016111 -0.0128915 -0.0104248 -0.0134013 -0.0138603 -0.0110552 -0.0031386 0.00497463
internal_weight=491.965 134.874 50.8898 357.091 58.6066 23.3175 42.6309 83.9842 19.3084 81.4494 78.4943 65.0473 10.2717 298.485
internal_count=10881 4992 1538 5889 496 796 376 3454 675 3370 3260 2646 361 5393
cat_boundaries=0 1
cat_threshold=1280
is_linear=0
shrinkage=0.03


Tree=66
num_leaves=15
num_cat=0
split_feature=0 0 2 2 1 3 1 1 2 2 2 4 8 8
split_gain=13.1446 6.68426 4.75815 3.30343 2.5123 2.22039 2.07719 2.8326 1.99758 2.37188 3.40885 2.34736 3.59462 1.49827
threshold=569.50000000000011 822.50000000000011 29050.000000000004 22550.000000000004 21.500000000000004 54.000000000000007 131.50000000000003 255.50000000000003 58550.000000000007 53050.000000000007 45850.000000000007 0.0068454635624526526 0.95264916079395723 1.0291133713463811
decision_type=2 2 2 2 2 2 2 2 2 2 2 2 2 2
left_child=7 3 5 6 -4 13 -2 8 9 10 11 12 -1 -3
right_child=1 2 4 -5 -6 -7 -8 -9 -10 -11 -12 -13 -14 -15
leaf_value=0.0086756183458314342 0.0086756183458314342 -0.014010093874855741 -0.00031536041248465726 -0.00031536041248465726 -0.01826349421133627 -0.00031536041248465726 -0.00031536041248465726 -0.00031536041248465726 0.0041317524349027248 0.025833300043653955 -0.00031536041248465726 0.0086756183458314342 0.026815392336395762 -0.00031536041248465726
leaf_weight=8.5755062475800532 51.231963455677032 12.975779335945843 6.3892357442528001 227.72996081784368 38.679479725658894 8.1143563631922007 16.104387084022164 11.997274469584225 40.851704932749271 8.36559149622917 9.5798660777509195 31.868889227509499 16.354987133294344 2.5060594677925119
leaf_count=88 914 445 249 5516 1759 229 326 130 481 90 106 314 152 71
internal_value=0.000580015 -0.00233899 -0.0104233 -0.00031536 -0.0156731 -0.00031536 0.00609617 0.00867562 0.0101738 0.01301 0.00969755 0.0125475 0.0193579 -0.0102521
internal_weight=491.325 363.731 68.6649 295.066 45.0687 23.5962 67.3364 127.594 115.597 74.7448 66.3792 56.7994 24.9305 15.4818
internal_count=10870 9509 2753 6756 2008 745 1240 1361 1231 750 660 554 240 516
is_linear=0
shrinkage=0.03


Tree=67
num_leaves=15
num_cat=2
split_feature=0 0 2 9 8 1 1 9 1 3 0 3 2 8
split_gain=10.7536 5.34168 4.76481 4.74255 3.0888 2.22682 2.00145 1.28455 0.964258 0.752831 1.16576 0.493686 2.10371 0.595664
threshold=589.50000000000011 822.50000000000011 54250.000000000007 0 0.99020402288127018 30.500000000000004 10.500000000000002 1 23.500000000000004 30.000000000000004 728.50000000000011 54.000000000000007 34050.000000000007 0.98868191401350392
decision_type=2 2 2 9 2 2 2 9 2 2 2 2 2 2
left_child=11 3 7 4 5 -2 -5 8 -3 10 -8 -1 -13 -14
right_child=1 2 -4 6 -6 -7 9 -9 -10 -11 -12 12 13 -15
leaf_value=0.007242464407730847 0.007242464407730847 -0.0026767770390770549 -0.018621950528032449 0.007242464407730847 0.007242464407730847 -0.0026767770390770549 0.007242464407730847 -0.0026767770390770549 -0.015648788262375014 -0.0026767770390770549 -0.0026767770390770549 0.018132589608808796 0.007242464407730847 0.012607817277599662
leaf_weight=88.182634189724922 6.3423123061656979 2.2830425314605263 25.12407524138689 7.466779511421918 36.861955991014838 19.103909937664866 8.3556548319756967 25.669811755418777 15.016976065933703 192.65141396224499 3.7084839120507231 19.134191021323204 17.314395856112242 27.112636126577854
leaf_count=1006 139 75 1174 147 714 472 174 934 595 4675 131 162 222 308
internal_value=0.000725327 -0.00222402 -0.00943134 -0.000299338 0.00614501 -0.00267678 -0.00245935 -0.00267678 -0.00910624 -0.00267678 0.00408578 0.00724246 0.0104527 0.00724246
internal_weight=494.328 342.584 68.0939 274.491 62.3082 25.4462 212.182 42.9698 17.3 204.716 12.0641 151.744 63.5612 44.427
internal_count=10928 9230 2778 6452 1325 611 5127 1604 670 4980 305 1698 692 530
cat_boundaries=0 1 2
cat_threshold=1409 1714
is_linear=0
shrinkage=0.03


Tree=68
num_leaves=15
num_cat=4
split_feature=0 4 9 4 9 2 10 0 9 0 1 1 2 2
split_gain=17.6208 3.35625 7.69295 5.64679 5.63444 6.01931 5.87138 4.25553 3.99242 3.03092 2.9682 2.95582 3.51517 3.49262
threshold=763.50000000000011 0.1491045138720179 0 0.25270278167367938 1 48850.000000000007 2 563.50000000000011 3 641.50000000000011 35.500000000000007 46.500000000000007 164450.00000000003 67950.000000000015
decision_type=2 2 9 2 9 2 1 2 9 2 2 2 2 2
left_child=1 4 3 -3 5 -1 11 8 -8 -7 -4 12 13 -6
right_child=-2 2 10 -5 6 9 7 -9 -10 -11 -12 -13 -14 -15
leaf_value=0.014179083230125709 -0.011200687513347067 0.023216252121067624 0.0066784446148482153 0.0036183529601506461 0.0043422279485670814 0.0051468265713797987 0.0075501664272877387 -0.0093393855591101492 -0.0065091099187099457 -0.011200687513347067 -0.0089272691060959235 -0.00027027882097437213 -0.00027027882097437213 0.026170270772333935
leaf_weight=44.188703924417496 111.09080199152231 27.591671230271459 11.993625266477464 25.943375457078218 16.166220253333456 14.069382388144733 25.252838473767042 94.150385461747646 18.94899732619524 10.1874339338392 28.524703782051802 48.572881681844592 5.3708893153816453 10.015444006770847
leaf_count=658 4344 485 174 427 233 173 256 1986 208 253 487 900 100 167
internal_value=-0.00096088 0.00213141 0.00689353 0.0126741 0.000479055 0.00713575 -0.00195136 -0.00549758 0.00168567 -0.00348653 -0.00334652 0.00407322 0.0109964 0.0155497
internal_weight=492.067 380.977 94.0534 53.535 286.923 68.4455 218.478 138.352 44.2018 24.2568 40.5183 80.1254 31.5526 26.1817
internal_count=10851 6507 1573 912 4934 1084 3850 2450 464 426 661 1400 500 400
cat_boundaries=0 1 2 3 4
cat_threshold=6279 1792 38 4276
is_linear=0
shrinkage=0.03


Tree=69
num_leaves=15
num_cat=6
split_feature=0 9 0 10 1 7 10 0 8 9 0 9 9 1
split_gain=9.01868 6.15449 3.65135 3.14625 2.78159 2.76579 3.0913 2.67032 1.11317 2.61203 1.08962 0.834368 0.747792 5.04102
threshold=649.50000000000011 0 909.50000000000011 1 33.500000000000007 10.500000000000002 2 723.50000000000011 1.0026160900660441 3 736.50000000000011 4 5 80.500000000000014
decision_type=2 9 2 1 2 2 1 2 2 9 2 9 9 2
left_child=12 5 3 8 -5 10 -7 -6 9 -3 -2 -9 13 -1
right_child=1 2 -4 4 7 6 -8 11 -10 -11 -12 -13 -14 -15
leaf_value=0.01766565737201398 -0.0078110062570058156 0.0043670933557170052 -0.011808543200124245 0.0043670933557170052 0.0010512919329112959 0.0043670933557170052 -0.0078110062570058156 0.0010512919329112959 0.0043670933557170052 -0.0069312672630090187 -0.016928574756783936 -0.011730924762479004 0.0043670933557170052 0.0043670933557170052
leaf_weight=31.447675995528698 28.619581380859017 13.940981056541203 15.697281209751962 20.170677112415433 25.51890760846436 10.381363995373247 12.689540855586531 7.2374293766915798 42.269282918423414 17.883055329322818 36.488299164921045 24.693896675482396 183.29937236756086 20.164270356297493
leaf_count=342 776 401 621 538 556 280 381 247 1038 552 1606 869 2424 243
internal_value=0.000171725 -0.00369402 3.33314e-05 0.00159835 -0.00261077 -0.00938861 -0.00112781 -0.00621578 0.00436709 -0.00173243 -0.0133658 -0.0113795 0.00436709 0.00852175
internal_weight=490.502 255.59 167.412 151.714 77.6209 88.1788 23.0709 57.4502 74.0933 31.824 65.1079 31.9313 234.911 51.6119
internal_count=10874 7865 4822 4201 2210 3043 661 1672 1991 953 2382 1116 3009 585
cat_boundaries=0 1 2 3 4 5 6
cat_threshold=2600 46 88 262 5264 1424
is_linear=0
shrinkage=0.03


Tree=70
num_leaves=15
num_cat=3
split_feature=0 9 7 0 8 9 8 2 2 0 2 10 8 7
split_gain=10.2312 4.62697 7.61612 3.88355 3.0331 2.75079 3.64658 3.45017 4.3026 3.47653 2.05002 1.92667 2.15985 2.58594
threshold=569.50000000000011 0 9.5000000000000018 821.50000000000011 0.92915360925669932 1 0.99020402288127018 75550.000000000015 145600.00000000003 620.50000000000011 225250.00000000003 2 1.0209856936956176 13.500000000000002
decision_type=2 9 2 2 2 9 2 2 2 2 2 1 2 2
left_child=-1 2 3 4 -2 6 -6 9 -9 -7 11 -3 -13 -14
right_child=1 10 -4 -5 5 7 -8 8 -10 -11 -12 12 13 -15
leaf_value=0.0063841490204259062 -0.0094291941955324515 0.00026529117083177035 0.0063841490204259062 -0.013085697387645902 -0.0094291941955324515 0.0060344946169869126 0.0063841490204259062 0.0063841490204259062 -0.0094291941955324515 -0.0094291941955324515 0.0063841490204259062 -0.013864823529866463 -0.0073723974869050763 0.0063841490204259062
leaf_weight=133.90285756066442 29.352516055107117 27.139471977949142 71.249336671084166 29.156420720741153 7.096024293452504 11.761782877147196 22.791471797972918 12.434144053608181 10.556760258972643 41.243573181331158 3.6656970009207717 69.086181303486228 24.040780873969201 3.0876993983983985
leaf_count=1398 757 705 1516 1266 166 189 419 291 261 1037 120 2069 679 57
internal_value=-0.000558356 -0.00317364 -0.000451781 -0.00402828 -0.0016786 0.000798274 0.00638415 -0.00235802 0.00620101 -0.00669151 -0.00741863 -0.00872215 -0.0101668 -0.00322178
internal_weight=496.565 362.662 235.642 164.393 135.236 105.884 29.8875 75.9963 22.9909 53.0054 127.02 123.354 96.2147 27.1285
internal_count=10930 9532 5902 4386 3120 2363 585 1778 552 1226 3630 3510 2805 736
cat_boundaries=0 1 2 3
cat_threshold=3972 1408 2
is_linear=0
shrinkage=0.03


Tree=71
num_leaves=15
num_cat=1
split_feature=0 8 0 2 1 9 0 2 2 2 2 8 8 8
split_gain=13.6447 7.44039 6.62031 4.96829 2.59172 1.74152 2.47161 1.70776 2.19885 2.31005 4.04301 1.65435 1.01197 0.918838
threshold=691.50000000000011 1.0034453083269039 909.50000000000011 56050.000000000007 13.500000000000002 0 620.50000000000011 16450.000000000004 111950.00000000001 55350.000000000007 26950.000000000004 0.90847371812574806 1.0017613799415204 1.0327937790401085
decision_type=2 2 2 2 2 9 2 2 2 2 2 2 2 2
left_child=5 -2 3 -3 -5 6 7 -1 9 10 -9 -7 -8 -6
right_child=1 2 -4 4 13 11 12 8 -10 -11 -12 -13 -14 -15
leaf_value=0.0049400381943785166 -0.011456602555495314 0.0049400381943785166 -0.011456602555495314 0.0049400381943785166 -0.011186510187696974 -0.0054969712600034101 -0.0024547620671745624 0.022844209848597846 0.0049400381943785166 0.026154956364809669 0.0049400381943785166 0.0049400381943785166 0.0049400381943785166 0.00028567554252829046
leaf_weight=8.8257357925176603 86.257913794368505 57.181358052417636 13.062926756218074 2.6696065943688145 25.547019101679325 25.174048889428377 16.766302883625031 10.051055390387772 8.979773383587597 17.452329996973276 22.117828369140625 172.49902524612844 19.655518755316734 7.6024594493210307
leaf_count=87 3306 1577 524 75 912 382 331 97 128 216 264 2402 341 244
internal_value=0.000987995 -0.0051762 0.000217274 0.00344104 -0.0059194 0.00494004 0.00922039 0.01342 0.015331 0.0177536 0.0102905 0.00494004 0.00494004 -0.00886288
internal_weight=493.843 192.321 106.063 93.0004 35.8191 301.522 103.849 67.4267 58.601 49.6212 32.1689 197.673 36.4218 33.1495
internal_count=10886 6638 3332 2808 1231 4248 1464 792 705 577 361 2784 672 1156
cat_boundaries=0 1
cat_threshold=3712
is_linear=0
shrinkage=0.03


Tree=72
num_leaves=15
num_cat=3
split_feature=0 9 2 0 0 4 4 1 6 9 4 9 4 4
split_gain=8.3986 5.00924 5.92737 2.90448 1.97878 2.6266 4.04836 3.87965 3.4797 1.57215 1.97372 1.29337 2.31398 3.01886
threshold=691.50000000000011 0 24450.000000000004 907.50000000000011 452.50000000000006 0.1856481742762007 0.083589753300322242 26.500000000000004 2.5000000000000004 1 0.26712273911522716 2 1.0000000180025095e-35 0.056086791309325118
decision_type=2 9 2 2 2 2 2 2 2 9 2 9 2 2
left_child=1 2 -1 -2 -3 6 11 -8 9 -7 -11 12 -6 -14
right_child=3 4 -4 -5 5 8 7 -9 -10 10 -12 -13 13 -15
leaf_value=0.013277614437433397 -0.0050936517841860436 0.011690545473140095 -0.0050936517841860436 -0.014657533719350231 0.011644405165898068 -0.0050936517841860436 0.011690545473140095 -0.0050936517841860436 0.011690545473140095 0.011690545473140095 -0.0030259640659923395 0.0010477513317263081 -0.0050936517841860436 0.011690545473140095
leaf_weight=11.309566102921961 166.73340069875121 27.675585977733135 38.009694050997496 24.996926916763186 39.069989986717701 9.8127553351223451 6.2300118207931545 23.184008404612541 20.669261697679758 7.2528485469520119 8.5992824397981149 93.578353818506002 9.425096891820429 5.2946667261421672
leaf_count=130 5589 204 655 1079 551 162 82 350 261 108 124 1383 146 77
internal_value=-0.000262962 0.00285609 -0.00502802 -0.00509365 0.00449534 0.00356322 0.00177247 -0.00509365 0.00955747 0.00020017 0.00463981 0.00390682 0.00699977 -0.00160531
internal_weight=491.841 300.111 49.3193 191.73 250.792 223.116 176.782 29.414 46.3341 25.6649 15.8521 147.368 53.7898 14.7198
internal_count=10901 4233 785 6668 3448 3244 2589 432 655 394 232 2157 774 223
cat_boundaries=0 1 2 3
cat_threshold=4106 801 1824
is_linear=0
shrinkage=0.03


Tree=73
num_leaves=15
num_cat=3
split_feature=9 0 0 10 9 0 7 7 7 0 1 7 1 4
split_gain=13.0475 10.8349 3.52618 3.91039 5.41872 4.13979 3.7636 3.45553 2.98537 4.76712 2.89488 2.44153 2.29324 2.05327
threshold=0 729.50000000000011 452.50000000000006 1 2 669.50000000000011 4.5000000000000009 11.500000000000002 11.500000000000002 598.50000000000011 24.500000000000004 10.500000000000002 11.500000000000002 0.236386101542609
decision_type=9 2 2 1 9 2 2 2 2 2 2 2 2 2
left_child=2 8 -1 6 5 -5 10 -3 -2 -10 -4 13 -6 -7
right_child=1 7 3 4 12 11 -8 -9 9 -11 -12 -13 -14 -15
leaf_value=0.018167548856309248 -0.0018936110212376639 -0.016225691139782821 0.014373187574756146 0.018167548856309248 0.012045948481032086 -0.011958104408919498 0.015924985481314227 -0.00039914513618129075 0.016285645399440878 -0.00039914513618129075 -0.0050860269058118409 0.012980117258186367 -0.0032095893189575029 0.0079593522510591156
leaf_weight=15.252034008502958 144.91299831308424 59.237763063982129 4.884641436859968 18.0569735057652 4.7145474236458531 9.3351320307701844 44.917507171630859 15.70873638615012 19.034602273255587 18.561595506966114 17.750086458399892 3.9196860436350098 110.34962991625071 2.8078261297196141
leaf_count=102 2636 2619 92 212 84 282 868 510 182 330 425 85 2325 82
internal_value=0.000780494 -0.00378681 0.00573974 0.00473409 0.00139122 0.00980505 0.00994887 -0.0131409 0.000100424 0.00710644 0.000954099 0.000308736 -0.00194676 -0.00637438
internal_weight=489.444 257.456 231.988 216.736 149.184 34.1196 67.5522 74.9465 182.509 37.5962 22.6347 16.0626 115.064 12.143
internal_count=10834 6277 4557 4455 3070 661 1385 3129 3148 512 517 449 2409 364
cat_boundaries=0 1 2 3
cat_threshold=1428 28 1152
is_linear=0
shrinkage=0.03


Tree=74
num_leaves=15
num_cat=2
split_feature=0 9 7 0 4 4 9 4 1 4 4 2 4 0
split_gain=6.92377 5.42063 6.10479 3.14757 2.25823 4.61084 2.96809 1.9595 2.12299 2.19169 1.77142 1.73815 1.46219 0.396589
threshold=761.50000000000011 0 13.500000000000002 428.50000000000006 0.15134024730753892 0.21001503164734725 1 0.012095510069141632 30.500000000000004 0.33354810996563578 0.2421112916145744 257350.00000000003 0.03793226555020042 765.50000000000011
decision_type=2 9 2 2 2 2 9 2 2 2 2 2 2 2
left_child=3 7 11 12 -5 -6 10 -2 -9 -10 -7 13 -1 -3
right_child=1 2 -4 4 5 6 -8 8 9 -11 -12 -13 -14 -15
leaf_value=0.0028719055244995103 0.0024031187258523076 -0.00086482803050337792 0.0024031187258523076 0.0024031187258523076 0.012324165932354011 0.0024031187258523076 0.0024031187258523076 0.0024031187258523076 -0.014969716673630052 0.0024031187258523076 0.012324165932354011 0.0024031187258523076 0.018056164179991559 -0.016240592673034841
leaf_weight=11.921084478497507 20.964640993624926 2.1417821496725074 5.9521101061254731 270.25108282826841 24.759650161489844 5.2754996325820818 38.468485947698355 4.283507181331518 14.131571529433133 2.1257128287106744 18.499920431524515 1.8582030255347479 12.153122343122957 57.275777586735785
leaf_count=87 730 80 188 4792 427 90 666 142 543 79 303 85 88 2574
internal_value=0.000492519 -0.00601905 -0.0102142 0.00240312 0.00240312 0.00741441 0.00240312 0.00240312 -0.006069 -0.0109192 0.0109393 -0.0148567 0.0123242 -0.0157965
internal_weight=490.062 108.733 67.2279 381.329 357.255 87.0036 62.2439 41.5054 20.5408 16.2573 23.7754 61.2758 24.0742 59.4176
internal_count=10874 4421 2927 6453 6278 1486 1059 1494 764 622 393 2739 175 2654
cat_boundaries=0 1 2
cat_threshold=1044 3458
is_linear=0
shrinkage=0.03


Tree=75
num_leaves=15
num_cat=3
split_feature=0 2 9 10 9 0 4 4 2 2 2 8 1 4
split_gain=5.62972 3.49387 4.92325 4.41738 3.01523 7.09128 3.64758 3.46777 3.20246 2.87566 4.81089 2.67137 2.57933 2.60654
threshold=822.50000000000011 29450.000000000004 0 1 2 500.50000000000006 0.093856418650117082 0.27087922173274598 14650.000000000002 54950.000000000007 60250.000000000007 1.0305937351566212 42.500000000000007 0.17137828096153629
decision_type=2 2 9 1 9 2 2 2 2 2 2 2 2 2
left_child=1 4 3 9 6 -6 8 11 -1 -3 -11 -7 -5 -14
right_child=-2 2 -4 12 5 7 -8 -9 -10 10 -12 -13 13 -15
leaf_value=0.0022909518983346769 -0.0077918590192190048 -0.0077385659530508112 -0.0038384980373657273 0.015656388238066171 0.019485452128468753 -0.0077918590192190048 -0.0011143714704013941 0.011893877760844961 0.018030927487484496 0.019215872633541319 -0.00363922834190466 0.0082039013284461466 0.00723023893155507 -0.0077918590192190048
leaf_weight=18.344575509428978 63.012815902940929 35.377917030826211 155.33922140300274 26.76283516921103 7.9226788356900206 39.015633283182979 19.924067502841353 4.7497978135943404 36.924593824893236 7.3797494899481562 21.469944121316075 5.5990416537970296 41.284939225763083 8.8110782951116544
leaf_count=278 2743 638 3514 422 57 694 312 86 582 138 407 89 757 149
internal_value=0.000235806 0.00149139 -0.000336428 0.00353931 0.00544464 -0.000458106 0.00866635 -0.00524091 0.0134301 -0.0021572 0.00418194 -0.00779186 0.00787456 0.00410297
internal_weight=491.919 428.906 296.426 141.086 132.48 57.2872 75.1932 49.3645 55.2692 64.2276 28.8497 44.6147 76.8589 50.096
internal_count=10866 8123 6025 2511 2098 926 1172 869 860 1183 545 783 1328 906
cat_boundaries=0 1 2 3
cat_threshold=1428 64 3590
is_linear=0
shrinkage=0.03


Tree=76
num_leaves=15
num_cat=5
split_feature=9 10 2 4 3 0 6 2 2 10 9 0 8 9
split_gain=6.69245 7.47611 7.98893 6.94434 8.96199 6.46171 6.30324 5.86099 7.90065 6.89578 3.76179 3.95308 3.73412 3.29939
threshold=0 1 173150.00000000003 0.0068454635624526526 42.000000000000007 788.50000000000011 2.5000000000000004 285650.00000000006 51450.000000000007 2 3 592.50000000000011 0.9091717890650276 4
decision_type=9 1 2 2 2 2 2 2 2 1 9 2 2 9
left_child=1 12 3 -3 -5 6 -6 8 9 10 11 -2 -1 -14
right_child=7 2 -4 4 5 -7 -8 -9 -10 -11 -12 -13 13 -15
leaf_value=-0.014396582134678633 0.0096315551912635623 0.019522354815145679 -0.012425053212897649 -0.010303720785151092 0.027427403672229626 -0.0098254172026768349 0.0023020855747829558 0.021175806485591087 -0.0091496475973509763 -0.0056714720646211568 0.011554111466926708 -0.0066566325656271545 -0.0024304290696315137 0.0088370384587116591
leaf_weight=12.494141394272445 16.631346818059683 53.259597955271602 9.3024709578603488 20.04413791000843 17.61509020626545 6.5850435215979806 16.568126186728477 4.2259244900196782 110.21686924807727 63.80155917070806 42.613624094054103 30.31559503916651 73.25923827663064 16.970585625618696
leaf_count=296 170 1008 207 410 282 239 234 112 2929 1380 989 845 1505 312
internal_value=0.000815896 0.00445406 0.00908914 0.012055 0.00452877 0.0121503 0.0170972 -0.00235786 -0.00321015 0.0012125 0.00611067 -0.000431651 -0.00156161 0.000714246
internal_weight=493.903 226.098 123.374 114.072 60.8124 40.7683 34.1832 267.805 263.579 153.362 89.5606 46.9469 102.724 90.2298
internal_count=10918 4493 2380 2173 1165 755 516 6425 6313 3384 2004 1015 2113 1817
cat_boundaries=0 1 2 3 4 5
cat_threshold=5508 64 98 560 4356
is_linear=0
shrinkage=0.03


Tree=77
num_leaves=15
num_cat=0
split_feature=0 2 8 2 2 2 2 2 2 2 3 2 1 6
split_gain=8.28757 4.29894 3.8557 3.4426 3.11159 3.66334 2.61507 2.83326 3.46094 3.07364 1.99714 1.70433 2.5991 1.06201
threshold=661.50000000000011 56850.000000000007 1.0103851166134905 47250.000000000007 16850.000000000004 10550.000000000002 76650.000000000015 71150.000000000015 63950.000000000007 58550.000000000007 42.000000000000007 82150.000000000015 42.500000000000007 8.5000000000000018
decision_type=2 2 2 2 2 2 2 2 2 2 2 2 2 2
left_child=6 2 3 4 5 -2 7 8 9 13 -6 -8 -13 -1
right_child=1 -3 -4 -5 10 -7 11 -9 -10 -11 -12 12 -14 -15
leaf_value=0.0036239500506206452 -0.014110235231848419 -0.0094159852189910614 0.0036239500506206452 0.0036239500506206452 -0.0028294755427221668 0.0036239500506206452 0.021432387447105773 -0.0094159852189910614 0.016598276925750142 -0.0094159852189910614 -0.015877174241644972 0.015530879014185726 0.0036239500506206452 0.009706628999456483
leaf_weight=145.64396878704429 5.8762950059026506 81.356214958243072 66.650196090340614 14.059923679567872 18.598706158809364 12.701916318386791 6.2905996814370146 11.597069937735794 14.700387489050625 13.305114571005104 30.819798689335585 15.052417270839213 28.929496556520462 28.213760685175657
leaf_count=1826 174 2989 1767 532 670 354 87 159 213 190 1014 202 436 284
internal_value=2.55553e-05 -0.00408881 -0.000962863 -0.00519427 -0.00804151 0.00205635 0.00362395 0.00362395 0.00362395 0.00362395 -0.0116778 0.0102398 0.00661455 0.00362395
internal_weight=493.796 230.063 148.707 82.0566 67.9967 18.5782 263.733 213.46 201.863 187.163 49.4185 50.2725 43.9819 173.858
internal_count=10897 7500 4511 2744 2212 528 3397 2672 2513 2300 1684 725 638 2110
is_linear=0
shrinkage=0.03


Tree=78
num_leaves=15
num_cat=1
split_feature=0 1 2 10 0 1 8 4 3 0 0 8 0 8
split_gain=5.83949 4.5705 6.22658 3.93684 4.02127 4.44724 3.52581 2.61133 5.94627 2.77789 1.87756 2.15275 1.44078 1.39112
threshold=909.50000000000011 32.500000000000007 16150.000000000002 0 744.50000000000011 153.50000000000003 1.0282222506684875 0.0036875412086978397 42.000000000000007 681.50000000000011 540.50000000000011 1.0029009551632315 556.50000000000011 0.93258383517571375
decision_type=2 2 2 1 2 2 2 2 2 2 2 2 2 2
left_child=1 2 -1 7 5 13 -7 -3 12 -10 11 -4 -9 -5
right_child=-2 3 10 4 -6 6 -8 8 9 -11 -12 -13 -14 -15
leaf_value=0.021555794345342407 -0.012642978669540001 0.0031642901899437662 0.0031642901899437662 -0.003047647958588866 -0.0098867573211310622 -0.0098867573211310622 0.0023438816524386538 0.0023710534058664838 0.0031642901899437662 -0.0076599840406804858 0.0031642901899437662 0.018353150433676746 -0.012642978669540001 0.0031642901899437662
leaf_weight=15.415460510179399 23.359807573258877 55.520789835602045 9.5558436922729033 31.096711570397019 49.608044920489192 39.232583651319146 8.6884824559092504 4.6418826617300608 24.891761463135481 16.900066778063774 81.213964484632015 11.156813830137251 16.362989082932472 98.864550670608878
leaf_count=209 1056 1100 87 564 2061 716 142 50 333 521 1809 96 436 1655
internal_value=0.000583619 0.00137863 0.00636264 -0.000379157 -0.00265021 -0.000561862 -0.00791911 0.00316429 -0.0029275 0.00316429 0.00316429 0.0113902 -0.012643 0.00234388
internal_weight=486.51 463.15 117.342 345.808 227.49 177.882 47.9211 118.317 62.7967 41.7918 101.927 20.7127 21.0049 129.961
internal_count=10835 9779 2201 7578 5138 3077 858 2440 1340 854 1992 183 486 2219
cat_boundaries=0 1
cat_threshold=22
is_linear=0
shrinkage=0.03


Tree=79
num_leaves=15
num_cat=0
split_feature=0 2 3 1 2 0 4 4 1 6 0 1 4 2
split_gain=6.06913 4.30727 3.35099 3.59304 3.41047 3.20201 3.80957 3.05531 5.6496 5.21618 2.70398 2.40291 2.33289 2.23478
threshold=569.50000000000011 29450.000000000004 54.000000000000007 17.500000000000004 26950.000000000004 909.50000000000011 0.03613755722189458 0.055290049522316941 36.500000000000007 1.5000000000000002 691.50000000000011 145.50000000000003 0.14200214707461087 106350.00000000001
decision_type=2 2 2 2 2 2 2 2 2 2 2 2 2 2
left_child=-1 2 3 -2 -5 6 11 -8 -9 12 -11 13 -10 -3
right_child=1 5 -4 4 -6 -7 7 8 9 10 -12 -13 -14 -15
leaf_value=0.0062722073529404296 0.0062722073529404296 -0.0054864027236707896 0.0062722073529404296 -0.0064663637036566322 0.0062722073529404296 -0.015077571040567892 0.0062722073529404296 0.0062722073529404296 -0.015077571040567892 0.0062722073529404296 -0.0069199057362284069 -0.013555264450253951 -0.0044251032011007902 0.0055616816303308914
leaf_weight=134.91910130903125 8.9807156138122064 77.083712530322373 38.662443386390805 61.518978990614414 6.7153420429676762 14.489454999566076 9.9737775810062868 29.315545530989766 15.949558227322994 11.573215782642366 10.168242424726484 24.143885209225118 31.877464132383466 16.31520239263773
leaf_count=1362 155 2078 769 1416 163 745 283 707 480 191 372 736 906 483
internal_value=0.00097391 -0.00108875 0.00356646 -0.000787494 -0.00386649 -0.00335507 -0.00229526 0.00171903 -0.000875174 -0.00564391 0.00567702 -0.00593139 -0.0108405 -0.00337195
internal_weight=491.687 356.768 115.877 77.215 68.2343 240.89 226.401 108.858 98.884 69.5685 21.7415 117.543 47.827 93.3989
internal_count=10846 9484 2503 1734 1579 6981 6236 2939 2656 1949 563 3297 1386 2561
is_linear=0
shrinkage=0.03


Tree=80
num_leaves=15
num_cat=4
split_feature=3 9 1 10 4 9 7 1 8 9 4 4 1 2
split_gain=4.98071 7.23548 7.28875 4.34372 4.32175 4.29624 6.20862 4.95164 3.02095 2.98775 6.28344 6.08538 4.23233 4.16571
threshold=42.000000000000007 0 22.500000000000004 1 0.25270278167367938 2 11.500000000000002 36.500000000000007 1.0026160900660441 3 0.01484886028369539 0.059978586723768747 26.500000000000004 94650.000000000015
decision_type=2 9 2 1 2 9 2 2 2 9 2 2 2 2
left_child=1 2 -1 5 -3 -2 7 -7 -4 10 12 -12 -5 -13
right_child=3 4 8 9 -6 6 -8 -9 -10 -11 11 13 -14 -15
leaf_value=0.027334062745360928 0.010065113310962569 -0.01095644473178136 -0.0080189047221331869 0.012095899041150601 0.0063654860285436744 0.0077934352951252971 0.012871621499120129 -0.010208303810081761 0.0070303193460496917 -0.0034776383049033516 0.033239573847515469 0.012408166779970349 -0.010642733598603434 -0.0080542637098095365
leaf_weight=6.2597638797014943 78.863189416006207 93.303826260380447 17.835401378571987 5.3534651603549746 11.608384083956478 15.392645952291785 19.307068845257163 40.856144603341818 20.31262487731874 128.5743687460199 4.7929438194259992 17.340952516533438 23.601688174530864 10.567750739865003
leaf_count=118 1435 2226 432 117 270 329 300 1034 395 2857 113 389 621 284
internal_value=0.00015748 -0.00433336 0.00509388 0.00213728 -0.00810043 0.00559813 4.07119e-05 -0.00504801 -0.000119567 -0.00098001 0.00388969 0.0126609 -0.00527654 0.00461348
internal_weight=493.97 149.32 44.4078 344.65 104.912 154.419 75.5559 56.2488 38.148 190.231 61.6568 32.7016 28.9552 27.9087
internal_count=10920 3441 945 7479 2496 3098 1663 1363 827 4381 1524 786 738 673
cat_boundaries=0 1 2 3 4
cat_threshold=5392 30 5524 2193
is_linear=0
shrinkage=0.03


Tree=81
num_leaves=15
num_cat=4
split_feature=9 2 9 3 0 0 0 2 2 2 10 4 10 1
split_gain=7.66368 5.55993 4.74598 5.31631 4.61706 4.5004 4.44455 3.86033 3.44906 3.21953 4.56983 5.24314 2.8665 3.00722
threshold=0 29050.000000000004 1 54.000000000000007 750.50000000000011 714.50000000000011 441.50000000000006 12350.000000000002 138750.00000000003 11050.000000000002 2 0.013400372606675497 3 154.50000000000003
decision_type=9 2 9 2 2 2 2 2 2 2 1 2 1 2
left_child=6 2 7 5 12 -4 -1 -2 9 -8 -11 -12 13 -3
right_child=1 4 3 -5 -6 -7 8 -9 -10 10 11 -13 -14 -15
leaf_value=0.018990540663219178 0.0074718931179660227 0.0036800165042669719 0.0080368788500509471 0.018693357746103312 -0.013854251412447116 -0.010819354794546534 -0.0088540509963850739 -0.01612629758830569 -0.010672978977110063 0.0016939147850361649 0.018990540663219178 0.0033382874897020824 -0.0076159100571968549 -0.0086084182080120308
leaf_weight=14.263118349015711 5.7401585988700417 73.050142176449299 25.840001486241817 21.876601925119758 39.905215357430279 13.108396301046012 10.605613537132738 14.017164345830677 9.466057173907755 138.5224358998239 31.158567985519767 31.488059239462018 44.98806906491518 18.308724699541926
leaf_count=91 102 1431 344 376 2068 467 176 290 205 2837 614 648 900 372
internal_value=0.00110403 -0.00244448 0.00383167 0.00731091 -0.00547534 0.00118175 0.00484452 -0.00651452 0.00374713 0.004623 0.005531 0.0113368 -0.00261972 0.000813985
internal_weight=492.338 256.834 80.5823 60.825 176.252 38.9484 235.504 19.7573 221.241 211.775 201.169 62.6466 136.347 91.3589
internal_count=10921 6350 1579 1187 4771 811 4571 392 4480 4275 4099 1262 2703 1803
cat_boundaries=0 1 2 3 4
cat_threshold=1428 33 66 104
is_linear=0
shrinkage=0.03


Tree=82
num_leaves=15
num_cat=2
split_feature=9 0 10 2 1 2 2 2 0 4 8 1 4 4
split_gain=9.09184 5.92058 5.16627 6.23041 4.45462 4.90687 4.38245 6.70589 3.92201 3.42151 2.93271 3.7628 2.79485 4.76802
threshold=0 452.50000000000006 1 42650.000000000007 13.500000000000002 225250.00000000003 164450.00000000003 94650.000000000015 592.50000000000011 0.0024110989030154003 1.0101258517550697 134.50000000000003 0.032227517106549371 0.048293748610747096
decision_type=9 2 1 2 2 2 2 2 2 2 2 2 2 2
left_child=1 -1 3 8 -4 12 7 10 -2 -9 -3 -12 -6 -14
right_child=2 6 4 -5 5 -7 -8 9 -10 -11 11 -13 13 -15
leaf_value=0.021765813044764486 0.019768749413952985 -0.0012070116454332115 0.008615689444633489 -0.0068147158939416098 -0.011482306611507998 0.008615689444633489 -0.015089402949817915 0.021765813044764486 0.0024693565112705314 0.0006163758028807138 0.010230097147796808 -0.0012070116454332115 0.008615689444633489 -0.0066046425600228111
leaf_weight=12.358291909098623 16.239761382341385 93.057351630181074 13.511797584593294 28.844875241629779 104.59187993593514 11.250840486958621 6.2770001497119656 5.7672130279242975 30.34427516721189 7.1800416838377714 58.337770219892263 18.449322860687971 9.1732993805780989 76.505155948922038
leaf_count=79 151 2030 271 757 2609 313 142 114 768 145 1030 374 219 1862
internal_value=-2.05827e-05 0.00468455 -0.0033526 0.00305785 -0.00565401 -0.00706998 0.00327743 0.00429311 0.00983175 0.0217658 0.00237591 0.00652634 -0.00825834 -0.00390656
internal_weight=491.889 201.427 290.462 75.4289 215.033 201.521 189.069 182.792 46.584 12.9473 169.844 76.7871 190.27 85.6785
internal_count=10864 3914 6950 1676 5274 5003 3835 3693 919 259 3434 1404 4690 2081
cat_boundaries=0 1 2
cat_threshold=1172 2
is_linear=0
shrinkage=0.03


Tree=83
num_leaves=15
num_cat=3
split_feature=0 10 4 9 8 4 4 1 0 4 9 4 4 8
split_gain=6.72456 5.27637 4.6807 4.503 4.76626 4.40466 3.77666 3.42161 3.66967 2.97459 2.88235 2.70807 2.46997 1.48432
threshold=697.50000000000011 0 0.15134024730753892 1 1.0045173945197565 0.19509316950031461 0.0048800527101260606 49.500000000000007 595.50000000000011 0.039715746828717542 2 0.078179951329544264 0.34097393375492763 1.003177142741781
decision_type=2 1 2 9 2 2 2 2 2 2 9 2 2 2
left_child=1 2 6 4 -3 -4 7 -1 -9 -5 11 -11 -12 -2
right_child=13 3 5 9 -6 -7 -8 8 -10 10 12 -13 -14 -15
leaf_value=0.020414418706930369 -0.0083316465973720197 -0.001273361785536498 0.035016162050948124 -0.0042151528022658794 0.016386863795593235 0.0043122188433257352 -0.0023082629128502821 0.012863420962428278 -0.0042151528022658794 0.010432081587758079 0.0093295912965772852 -0.0042151528022658794 -0.0042151528022658794 -0.0042151528022658794
leaf_weight=14.789150433614848 79.07669663336128 23.613758493214846 6.645056650042533 101.21053857170045 25.841468557715416 9.1213989872485381 29.599997002631426 10.223986186087133 10.015098359435795 7.0824740231037167 45.58920749463141 21.346339885145426 6.9641478620469561 99.625616087578237
leaf_count=187 3220 330 87 1471 312 133 422 121 195 105 654 314 95 3261
internal_value=0.000355798 0.00299871 0.00890093 0.000411992 0.00727574 0.0225681 0.0054639 0.0114996 0.00223161 -0.00186286 0.00235889 -0.00421515 0.00578407 -0.00421515
internal_weight=490.745 312.043 80.3947 231.648 49.4552 15.7665 64.6282 35.0282 20.2391 182.193 80.9822 28.4288 52.5534 178.702
internal_count=10907 4426 1145 3281 642 220 925 503 316 2639 1168 419 749 6481
cat_boundaries=0 1 2 3
cat_threshold=52 1184 6672
is_linear=0
shrinkage=0.03


Tree=84
num_leaves=13
num_cat=0
split_feature=0 8 2 4 0 4 4 4 2 4 2 2
split_gain=5.97077 4.68396 3.50942 2.74788 2.72608 3.52366 2.18463 1.84433 1.766 0.449784 0.0172275 0.00925317
threshold=691.50000000000011 1.017096940147556 54950.000000000007 0.1491045138720179 470.50000000000006 0.15392513031116731 0.34097393375492763 0.039715746828717542 30850.000000000004 0.032227517106549371 58950.000000000007 37050.000000000007
decision_type=2 2 2 2 2 2 2 2 2 2 2 2
left_child=4 6 -3 -4 5 9 7 8 -2 -1 11 -10
right_child=1 2 3 -5 -6 -7 -8 -9 10 -11 -12 -13
leaf_value=0.0088071956575888725 0.0021732300579534731 0.002592702339697963 -0.0076458885034134854 0.002592702339697963 0.002592702339697963 0.002592702339697963 0.002592702339697963 -0.013891769572196936 -0.0027409953338650081 0.019921964452197675 -0.0076458885034134854 -0.012014511661151738
leaf_weight=24.956079252064228 23.981670055538416 42.356922348029912 18.691495494917039 6.2120308559387913 260.80447886325419 11.784845530986784 5.2145795142278066 48.109249213710427 3.6874745376408127 11.561582520604132 20.646867169067264 15.958862600848077
leaf_count=185 746 1184 693 213 3917 91 195 1881 148 85 916 680
internal_value=5.45329e-05 -0.0041461 0.00207859 -0.00764589 0.0025927 0.0094235 -0.00764589 -0.00865549 -0.00764589 0.0143016 -0.00764589 -0.0111831
internal_weight=493.966 184.859 67.2604 24.9035 309.107 48.3025 117.599 112.384 64.2749 36.5177 40.2932 19.6463
internal_count=10934 6656 2090 906 4278 361 4566 4371 2490 270 1744 828
is_linear=0
shrinkage=0.03


Tree=85
num_leaves=15
num_cat=3
split_feature=0 9 9 1 2 2 10 7 8 2 0 0 6 6
split_gain=5.10271 6.10784 2.85598 2.01661 2.23949 1.84261 1.58192 1.79076 1.45933 1.25928 2.64481 1.0177 0.949701 0.948193
threshold=687.50000000000011 0 1 145.50000000000003 61250.000000000007 49150.000000000007 2 12.500000000000002 1.0312805772994131 50250.000000000007 802.50000000000011 470.50000000000006 1.0000000180025095e-35 1.0000000180025095e-35
decision_type=2 9 9 2 2 2 1 2 2 2 2 2 2 2
left_child=2 9 3 4 5 -1 7 11 -3 -2 -11 -4 -10 -12
right_child=1 8 6 -5 -6 -7 -8 -9 12 10 13 -13 -14 -15
leaf_value=0.0098559036017120648 0.00078116356908714739 -0.01239195040286808 0.011038370588087699 0.00078116356908714739 0.022038900769846388 0.00078116356908714739 0.00078116356908714739 0.017060252887826647 -0.0088408563054767891 0.00078116356908714739 -0.015653195699854919 0.00087095223376403073 0.00078116356908714739 0.0004638838946638113
leaf_weight=30.97834324836731 63.675462569110096 69.942844266071916 6.9625768214464179 13.716324381530283 8.3134636059403402 7.8950630202889434 188.17271264828742 6.9950638078153125 4.7141120471060258 27.087712284177542 11.201658927835519 38.117374932393432 7.2938156817108393 3.7678014310076842
leaf_count=352 1878 2921 48 186 113 113 2706 65 176 810 538 538 222 161
internal_value=-0.000579854 -0.00439936 0.00183351 0.00698856 0.0108579 0.0062276 0.000781164 0.00557942 -0.00971623 0.000781164 -0.00413424 0.0033866 -0.000782449 -0.0124961
internal_weight=488.834 187.683 301.151 60.9032 47.1869 38.8734 240.248 52.075 81.9508 105.733 42.0572 45.08 12.0079 14.9695
internal_count=10827 6706 4121 764 578 465 3357 651 3319 3387 1509 586 398 699
cat_boundaries=0 1 2 3
cat_threshold=5397 1664 6
is_linear=0
shrinkage=0.03


Tree=86
num_leaves=15
num_cat=2
split_feature=9 2 7 2 2 2 9 2 8 4 8 4 2 2
split_gain=6.95844 5.29786 3.95405 7.01308 3.58706 5.41654 3.04667 2.96348 2.49468 2.38217 6.93168 5.02437 2.76845 3.32731
threshold=0 19650.000000000004 13.500000000000002 14650.000000000002 173150.00000000003 97850.000000000015 1 225250.00000000003 1.0162118358228571 0.22689899437100755 1.0107038247649152 0.2807999593656258 29450.000000000004 25750.000000000004
decision_type=9 2 2 2 2 2 9 2 2 2 2 2 2 2
left_child=4 2 3 -2 5 9 -5 -3 -9 12 11 -11 13 -1
right_child=1 7 -4 6 -6 -7 -8 8 -10 10 -12 -13 -14 -15
leaf_value=0.001822123750485399 -0.0097931933208021682 -0.0061926868840974855 0.015175313978809078 -0.0029595382660397851 -0.012606474483275785 0.020591937029585405 0.014934226569879604 -0.0040013278180574185 0.017064636785749449 0.012386871364665108 0.022419974989284715 -0.015742553003311472 -0.0020665502464658411 0.019695652087015073
leaf_weight=35.815657822415233 28.161078246310353 240.87629646528512 15.025600098073481 12.604854816570876 6.3130216412246218 13.224051266908644 10.314822569489481 7.2404253929853422 4.9587013646960258 5.3037081155926016 13.619251891970633 8.331606198102234 82.092618190683424 8.316635010764001
leaf_count=577 536 6109 224 246 139 245 187 214 121 105 212 184 1720 132
internal_value=-0.000807823 -0.00336993 0.0038745 -0.000506291 0.0038535 0.00505021 0.0106147 -0.00543125 0.00703313 0.00310368 0.0103923 -0.00441328 0.0011939 0.00685193
internal_weight=492.198 319.182 66.1064 51.0808 173.017 166.704 22.9197 253.075 12.1991 153.479 27.2546 13.6353 126.225 44.1323
internal_count=10951 7637 1193 969 3314 3175 433 6444 335 2930 501 289 2429 709
cat_boundaries=0 1 2
cat_threshold=1156 6912
is_linear=0
shrinkage=0.03


Tree=87
num_leaves=15
num_cat=2
split_feature=9 7 0 0 2 3 2 2 9 0 6 4 4 1
split_gain=6.30265 4.9941 4.94812 4.83488 4.50247 5.7295 5.58396 5.01503 4.61418 3.29993 3.17353 2.98416 2.84121 2.42612
threshold=0 13.500000000000002 569.50000000000011 765.50000000000011 54250.000000000007 54.000000000000007 63950.000000000007 164450.00000000003 1 723.50000000000011 1.5000000000000002 0.066866707527327415 0.25788064244473652 208.50000000000003
decision_type=9 2 2 2 2 2 2 2 9 2 2 2 2 2
left_child=2 3 -1 -2 5 8 -6 9 13 -8 -10 -3 -12 -4
right_child=1 11 4 -5 6 -7 7 -9 10 -11 12 -13 -14 -15
leaf_value=0.010110357922762119 -0.0017979881089894905 0.017669615204627735 0.010110357922762119 -0.014012447959154935 -0.015203347728693037 0.010110357922762119 0.010110357922762119 -0.012196372428517096 0.0034288580661646448 -0.0036423532141209936 -0.014339388184330214 -0.0017979881089894905 0.0059249946299381444 -0.0068554055142556782
leaf_weight=85.580456495285034 133.48680321313441 11.20392018184066 35.891055034473538 33.040642698295414 21.204866581596434 44.250611184164882 31.403810799121857 14.168750016018747 18.428007641807199 19.404286262579262 28.130852499045432 5.2927766870707265 4.7489620111882678 5.0302874390035859
leaf_count=801 2599 186 769 1681 591 950 567 440 523 797 655 98 102 131
internal_value=0.00153791 -0.00277132 0.00405889 -0.00455927 0.00174032 0.00505939 -0.00350508 0.00112612 0.000342304 0.00560119 -0.00508209 0.0108506 -0.0110168 0.00662116
internal_weight=491.266 183.024 308.242 166.527 222.661 136.48 86.1817 64.9768 92.2292 50.8081 51.3078 16.4967 32.8798 40.9213
internal_count=10890 4564 6326 4280 5525 3130 2395 1804 2180 1364 1280 284 757 900
cat_boundaries=0 1 2
cat_threshold=3476 1296
is_linear=0
shrinkage=0.03


Tree=88
num_leaves=15
num_cat=2
split_feature=9 0 2 2 9 2 0 1 2 6 4 2 2 2
split_gain=7.12062 5.64865 6.02551 4.95112 4.01679 3.85344 3.71352 3.39935 2.91819 3.48798 2.64412 2.6243 2.1888 2.16428
threshold=0 679.50000000000011 225250.00000000003 22850.000000000004 1 62350.000000000007 569.50000000000011 138.50000000000003 79850.000000000015 1.0000000180025095e-35 0.03793226555020042 22250.000000000004 14650.000000000002 41050.000000000007
decision_type=9 2 2 2 9 2 2 2 2 2 2 2 2 2
left_child=6 2 3 7 5 13 11 10 -7 -10 12 -1 -2 -5
right_child=1 -3 -4 4 -6 8 -8 -9 9 -11 -12 -13 -14 -15
leaf_value=0.0025040527550814649 -0.0053063687749994055 -0.0077428173626010489 0.021866446164967839 0.0034644095959354454 -0.0077428173626010489 0.019993231169328093 0.0025040527550814649 -0.0053063687749994055 -0.0077428173626010489 0.010918703806707503 0.021638936921613363 0.013818462101157353 0.011952669947375903 -0.0077428173626010489
leaf_weight=11.104035265743731 9.22548576816917 101.36314003355801 6.780181596055626 16.618469648063183 45.778470233082771 8.9066380746662634 174.18694647029042 9.5275048874318582 7.9133884273469475 10.428093530237673 11.442037392407654 50.810744263231754 7.7764784730970851 18.756874596700072
leaf_count=86 100 4092 106 220 782 138 4038 123 131 155 120 465 80 303
internal_value=0.00110987 -0.00233767 0.00122355 -0.000423338 -0.00369615 0.00173369 0.00469975 0.00826288 0.00960595 0.0013596 0.0129218 0.0109306 0.00347099 -0.00433926
internal_weight=490.618 254.517 153.154 146.373 108.402 62.6235 236.102 37.9715 27.2481 18.3415 28.444 61.9148 17.002 35.3753
internal_count=10939 6350 2258 2152 1729 947 4589 423 424 286 300 551 180 523
cat_boundaries=0 1 2
cat_threshold=1428 6656
is_linear=0
shrinkage=0.03


Tree=89
num_leaves=15
num_cat=1
split_feature=0 9 2 0 2 0 8 2 2 1 8 3 2 0
split_gain=6.39618 5.70204 8.92639 3.97661 2.89005 2.70703 3.88437 2.50049 4.99624 3.3087 4.3609 2.58009 2.39256 2.23495
threshold=822.50000000000011 0 16450.000000000004 685.50000000000011 111950.00000000001 452.50000000000006 1.0309350848956749 164450.00000000003 101250.00000000001 145.50000000000003 1.0080672278022433 42.000000000000007 29050.000000000004 511.50000000000006
decision_type=2 9 2 2 2 2 2 2 2 2 2 2 2 2
left_child=1 5 3 -3 13 -1 7 8 9 10 -7 12 -12 -4
right_child=-2 2 4 -5 -6 6 -8 -9 -10 -11 11 -13 -14 -15
leaf_value=0.012041995763034923 -0.010019336351580328 0.016401185313767705 -0.00014395089065002203 -0.005997794429907756 0.0034067773846325278 -0.0024996206704310272 0.010645681753581299 -0.0099490754081403617 0.010645681753581299 -0.0077385640954163795 0.010428513678007395 0.010645681753581299 -0.0024996206704310272 -0.010019336351580328
leaf_weight=21.215585954487324 58.840456468984485 19.088789291679863 21.770253095775843 7.095414461567997 16.49837695620954 89.435794081538916 33.366289343684912 14.651809614151714 17.941028935834765 38.520310426130891 8.4737020153552312 37.316124157980084 12.375252602621911 95.798838309943676
leaf_count=138 2729 206 205 192 395 1693 548 338 339 806 123 580 212 2401
internal_value=-0.00115372 0.000150019 -0.00412583 0.010343 -0.00751864 0.00273625 0.00184052 0.000289326 0.00124481 -0.000452284 0.00164051 0.00770041 -0.000884786 -0.00912822
internal_weight=492.388 433.548 160.252 26.1842 134.067 273.296 252.08 218.714 204.062 186.121 147.601 58.1651 20.849 117.569
internal_count=10905 8176 3399 398 3001 4777 4639 4091 3753 3414 2608 915 335 2606
cat_boundaries=0 1
cat_threshold=3476
is_linear=0
shrinkage=0.03


Tree=90
num_leaves=12
num_cat=1
split_feature=0 1 0 7 10 8 0 8 6 6 8
split_gain=5.00655 2.55603 2.31646 1.84831 2.92934 1.36685 0.862372 0.65326 0.198553 0.0536003 0.00998046
threshold=744.50000000000011 8.5000000000000018 428.50000000000006 6.5000000000000009 0 1.0045173945197565 883.50000000000011 1.014093535572409 9.5000000000000018 5.5000000000000009 1.0391028356588738
decision_type=2 2 2 2 1 2 2 2 2 2 2
left_child=2 -2 5 7 6 -1 -5 -3 -6 -8 -4
right_child=1 3 10 4 8 -7 9 -9 -10 -11 -12
leaf_value=0.0017473926907143184 0.0017473926907143184 -0.013411356042771551 0.0017473926907143184 0.0017473926907143184 -0.007974547795856865 0.015483608348792983 -0.0012084282974978012 -0.007974547795856865 0.0011365633064706977 -0.007974547795856865 0.0063273978246554266
leaf_weight=11.622056245803835 3.0192726962268344 35.215262284502387 335.45921427384019 23.130994300357997 21.293525299057372 12.730829641222952 3.2492064246907812 23.877713442780077 3.5499875620007506 5.7848058706149459 5.2649220414459696
leaf_count=83 89 1808 5628 729 880 84 144 1002 119 200 77
internal_value=-1.32478e-06 -0.00521523 0.00174739 -0.0065477 -0.00237369 0.0102059 0.00174739 -0.0100752 -0.00797455 -0.00707151 0.00174739
internal_weight=484.198 119.121 365.077 116.101 57.0085 24.3529 32.165 59.093 24.8435 9.03401 340.724
internal_count=10843 4971 5872 4882 2072 167 1073 2810 999 344 5705
cat_boundaries=0 1
cat_threshold=70
is_linear=0
shrinkage=0.03


Tree=91
num_leaves=15
num_cat=2
split_feature=1 0 9 7 2 1 0 2 2 2 1 3 9 8
split_gain=4.31172 3.28406 2.83579 4.95764 3.81828 4.13322 3.36988 3.15574 3.63143 4.29505 4.30697 2.64295 2.59628 2.38909
threshold=7.5000000000000009 909.50000000000011 0 13.500000000000002 225250.00000000003 53.500000000000007 462.50000000000006 148750.00000000003 91950.000000000015 59350.000000000007 225.50000000000003 30.000000000000004 1 1.0300048402710555
decision_type=2 2 9 2 2 2 2 2 2 2 2 2 9 2
left_child=-1 2 6 4 5 -4 -2 8 9 10 13 -7 -11 -8
right_child=1 -3 3 -5 -6 11 7 -9 -10 12 -12 -13 -14 -15
leaf_value=0.018136433254257827 0.011931327051598183 -0.010284177645738057 0.00049337156215954509 0.011481034907096694 0.011481034907096694 0.00049337156215954509 0.003063365096363221 -0.0090805016464755618 0.011931327051598183 0.0049240105248774075 -0.0091590383040671044 -0.010284177645738057 -0.0085312741826299721 0.011931327051598183
leaf_weight=7.0521458890289059 25.00826621055603 21.587793209590018 63.831267782486975 15.455388730391858 4.8987058876082292 5.8273720424622288 133.62822925671935 19.278750062920153 21.972864391282201 9.2623667065054178 17.812229605391622 79.891117668710649 39.930036681704223 22.153434934094548
leaf_count=131 166 1042 1468 253 121 159 2578 516 478 185 416 2071 919 374
internal_value=0.000413499 -3.0682e-05 0.00055725 -0.00240516 -0.00426202 -0.00531776 0.002313 0.00128317 0.00226492 0.00098027 0.0032053 -0.00943377 -0.00644288 0.00485992
internal_weight=487.59 480.538 458.95 169.904 154.448 149.55 289.046 264.038 244.759 222.786 173.594 85.7185 49.1924 155.782
internal_count=10877 10746 9704 4072 3819 3698 5632 5466 4950 4472 3368 2230 1104 2952
cat_boundaries=0 1 2
cat_threshold=3476 1152
is_linear=0
shrinkage=0.03


Tree=92
num_leaves=15
num_cat=4
split_feature=2 4 9 4 1 9 2 1 4 9 10 1 2 2
split_gain=4.95838 3.89592 4.5193 5.81503 4.05722 3.8549 4.47292 5.34954 3.75452 4.2512 5.62695 3.9529 3.44074 3.27493
threshold=29450.000000000004 0.034257244057525719 0 0.12482167750338331 32.500000000000007 1 11550.000000000002 29.500000000000004 0.0036875412086978397 2 3 61.500000000000007 43650.000000000007 117450.00000000001
decision_type=2 2 9 2 2 9 2 2 2 9 1 2 2 2
left_child=5 8 3 -3 -4 6 7 -1 9 10 -2 13 -11 -12
right_child=1 2 4 -5 -6 -7 -8 -9 -10 12 11 -13 -14 -15
leaf_value=0.015293892639908354 -0.0068343343300650942 0.0057758035750547308 0.011823251102937794 -0.018929833247721559 0.00061244727159130805 -0.00090744269486867958 0.012686194997196707 -0.011795875741585544 -0.015209658174853738 0.0025727026051942975 0.020134265636242332 -5.9135946647968424e-05 -0.012223090873797859 -5.9135946647968424e-05
leaf_weight=5.0831784661859301 28.960252130404115 11.158205806277694 37.091964022256434 16.532165930606425 95.719661850482225 74.057432765141129 64.991596920415759 14.195463350042699 22.415035488083959 16.81011273805052 20.802865765057508 27.086712406016886 51.695407497696579 4.858779862523078
leaf_count=67 699 319 741 454 2308 1302 1226 271 572 402 436 662 1414 101
internal_value=0.00020924 -0.00186619 0.0014808 -0.0073617 0.0037842 0.00449952 0.00821707 -0.00297448 -0.00493215 -0.00295797 0.00183813 0.0070585 -0.00762683 0.015658
internal_weight=491.459 333.131 160.502 27.6904 132.812 158.328 84.2702 19.2786 172.629 150.214 81.7086 52.7484 68.5055 25.6616
internal_count=10974 8108 3822 773 3049 2866 1564 338 4286 3714 1898 1199 1816 537
cat_boundaries=0 1 2 3 4
cat_threshold=552 3610 4788 64
is_linear=0
shrinkage=0.03


Tree=93
num_leaves=15
num_cat=3
split_feature=2 0 9 3 1 1 4 0 8 9 4 2 2 9
split_gain=5.21311 6.20807 4.25005 3.70728 4.41528 3.41687 3.56292 3.92565 3.41652 3.37545 5.75878 3.04695 2.89891 2.87037
threshold=29450.000000000004 822.50000000000011 0 54.000000000000007 17.500000000000004 69.500000000000014 0.13212252387898182 560.50000000000011 0.91693591885026293 1 0.084430014430014452 121650.00000000001 51450.000000000007 2
decision_type=2 2 9 2 2 2 2 2 2 9 2 2 2 9
left_child=3 2 5 4 -1 -2 7 -7 -5 -10 -11 12 -4 -6
right_child=1 -3 11 8 13 6 -8 -9 9 10 -12 -13 -14 -15
leaf_value=0.014546836934957372 0.0068840332127264097 -0.01269072315569587 -0.00082164705030232112 -0.0030245327014007581 0.0038949383777478943 0.0053483305660909711 0.0068840332127264097 -0.010965981407858214 -0.0030245327014007581 0.026595084846550449 8.0157246739575506e-05 0.0041085581320682062 -0.010682426797220212 -0.0055418288780912164
leaf_weight=13.343130985274909 86.477608105167747 37.032118909060955 47.177837878465652 11.371337031945584 39.418329820036888 15.997625816613434 24.016407959163189 35.929405285045505 9.1791330203413981 24.169075174257159 9.9060481581836921 26.882467165589333 60.083907750435174 49.64146564155817
leaf_count=185 1448 2009 1096 196 761 166 447 859 155 364 162 654 1417 1032
internal_value=0.000220032 -0.00189993 -0.000364411 0.00464341 0.00112249 0.0028026 -0.00163687 -0.00591158 0.0105962 0.0141194 0.0158318 -0.00407079 -0.00657504 -0.00155514
internal_weight=490.626 333.597 296.565 157.029 102.403 162.421 75.9434 51.927 54.6256 43.2543 34.0751 134.144 107.262 89.0598
internal_count=10951 8096 6087 2855 1978 2920 1472 1025 877 681 526 3167 2513 1793
cat_boundaries=0 1 2 3
cat_threshold=5524 393 271
is_linear=0
shrinkage=0.03


Tree=94
num_leaves=15
num_cat=3
split_feature=10 9 9 0 7 0 1 0 0 8 6 3 7 6
split_gain=4.78399 6.7187 6.32055 3.9909 3.89363 5.23553 2.963 4.86036 2.9447 2.89669 2.27204 1.9753 1.99797 1.74339
threshold=0 1 2 711.50000000000011 5.5000000000000009 628.50000000000011 57.500000000000007 584.50000000000011 728.50000000000011 1.010962926758916 1.0000000180025095e-35 54.000000000000007 8.5000000000000018 7.5000000000000009
decision_type=1 9 9 2 2 2 2 2 2 2 2 2 2 2
left_child=1 6 4 11 5 -2 -1 -8 -4 -10 -11 -3 -13 -9
right_child=2 3 8 -5 -6 -7 7 13 9 10 -12 12 -14 -15
leaf_value=0.015683871084617631 0.012671992375546655 -0.0019334775931828788 -0.0023257997703929278 -0.011066563114864566 0.016466596655083213 -0.012431616711208817 0.015683871084617631 0.0010543491514493257 -0.014052989790950134 -0.012874135415927367 -0.0023257997703929278 -0.00061026759038851613 0.016101636515880056 -0.01354223894733125
leaf_weight=39.03761721868068 8.8996583856642264 41.360006993636489 199.85758633166552 26.842604927718639 20.106728764250875 11.213508597575126 13.162782344967125 23.794310997240249 41.944911410100758 13.632632467895744 20.013072583824396 11.25505515560508 9.0233988501131517 5.2755198534578076
leaf_count=716 98 589 3263 1013 356 350 132 677 1970 603 674 178 91 108
internal_value=-0.0003695 0.00351656 -0.00251279 -0.00218537 0.00702643 -0.00101237 0.00909766 0.00392003 -0.00419661 -0.00921249 -0.0023258 0.00189446 0.00854007 -0.00319327
internal_weight=485.419 169.751 315.668 88.4811 40.2199 20.1132 81.2702 42.2326 275.448 75.5906 33.6457 61.6385 20.2785 29.0698
internal_count=10818 3504 7314 1871 804 448 1633 917 6510 3247 1277 858 269 785
cat_boundaries=0 1 2 3
cat_threshold=22 4239 1536
is_linear=0
shrinkage=0.03


Tree=95
num_leaves=15
num_cat=3
split_feature=0 10 9 2 2 2 2 9 2 2 4 2 2 2
split_gain=3.5023 3.4791 4.32354 1.98586 1.823 1.45125 2.84463 1.09309 3.6559 1.06019 0.929315 1.47064 0.403588 3.02087
threshold=575.50000000000011 0 1 56850.000000000007 15850.000000000002 164450.00000000003 285650.00000000006 2 16450.000000000004 34950.000000000007 0.0079052618422697177 53950.000000000007 53950.000000000007 63550.000000000007
decision_type=2 1 9 2 2 2 2 9 2 2 2 2 2 2
left_child=1 2 9 4 -3 7 -7 8 -2 -1 11 -10 -4 -14
right_child=5 3 12 -5 -6 6 -8 -9 10 -11 -12 -13 13 -15
leaf_value=0.019129793570438969 -0.0018378572820358023 0.0013403950362040153 -0.0018378572820358023 -5.987298710371156e-05 0.017157675238933964 -0.015384567354100931 -0.0018378572820358023 -0.0018378572820358023 -0.0018378572820358023 0.0036869836774065081 -0.014833751016926265 -0.013038392552539255 0.014775297529562033 -0.0018378572820358023
leaf_weight=8.6507488824427146 15.359730794094501 9.3651542887091619 41.109218060970306 12.034996561706064 27.190239667892456 16.252195840701464 4.6618646010756484 255.46296697389334 16.706434521824125 9.880122132599352 26.413077302277088 8.6054335329681617 7.6882475018501273 30.934818238019943
leaf_count=73 338 72 393 118 258 567 142 6660 528 111 903 326 84 357
internal_value=-0.000182683 0.0036215 -0.000181944 0.00897218 0.0137543 -0.00183786 -0.00898305 -0.00183786 -0.00563503 0.00942411 -0.0110545 -0.00531443 -0.00183786 0.00235323
internal_weight=490.315 146.854 98.2632 48.5904 36.5554 343.462 20.9141 322.548 67.0847 18.5309 51.7249 25.3119 79.7323 38.6231
internal_count=10930 1466 1018 448 330 9464 709 8755 2095 184 1757 854 834 441
cat_boundaries=0 1 2 3
cat_threshold=105 176 552
is_linear=0
shrinkage=0.03


Tree=96
num_leaves=15
num_cat=1
split_feature=9 2 0 6 0 8 2 2 0 2 2 8 6 8
split_gain=7.26972 5.68176 4.10384 3.29922 2.97243 2.69771 2.73868 2.66013 2.79443 1.93477 1.69318 2.48264 1.87741 1.53532
threshold=0 27850.000000000004 611.50000000000011 7.5000000000000009 452.50000000000006 1.0325346724055477 53050.000000000007 285650.00000000006 740.50000000000011 138750.00000000003 21950.000000000004 1.0114975577191281 6.5000000000000009 1.0353602336360959
decision_type=9 2 2 2 2 2 2 2 2 2 2 2 2 2
left_child=4 2 3 -2 -1 9 -7 8 13 10 11 12 -6 -3
right_child=1 7 -4 -5 5 6 -8 -9 -10 -11 -12 -13 -14 -15
leaf_value=0.01478890192915598 0.0010271460709725755 -0.0054119178857438581 -0.0021862484416736785 0.019651033809759733 0.0017846080906055992 0.01478890192915598 0.0017846080906055992 0.009298105907871685 -0.013698905364574738 -0.0095383745528836855 0.0017846080906055992 0.0017846080906055992 -0.013485668985085585 0.0055160722665939868
leaf_weight=17.268272906541824 16.611536141484979 118.55247322842479 47.133334781043231 14.045337121933697 7.346208460628989 15.184096038341524 10.033665200695394 5.3899701135233036 37.79806537553668 8.7057787450030428 146.59127457905561 15.142521452158688 19.043336039409041 8.7591546084731799
leaf_count=104 164 2371 1211 122 141 251 197 138 2121 190 3096 229 341 165
internal_value=0.000480586 -0.00303831 0.00341203 0.0111187 0.00407642 0.00311553 0.0114895 -0.00616776 -0.00693109 0.00178461 0.00178461 -0.00417119 -0.00936316 -0.00448002
internal_weight=487.605 248.29 77.7902 30.6569 239.315 222.047 25.2178 170.5 165.11 196.829 188.123 41.5321 26.3895 127.312
internal_count=10841 6292 1497 286 4549 4445 448 4795 4657 3997 3807 711 482 2536
cat_boundaries=0 1
cat_threshold=1428
is_linear=0
shrinkage=0.03


Tree=97
num_leaves=15
num_cat=0
split_feature=0 2 2 2 2 3 8 6 4 4 4 2 2 2
split_gain=5.20433 3.55995 3.87796 1.93793 2.94738 3.64497 6.11382 3.25493 2.56228 4.19514 5.98656 3.31402 4.05616 3.43504
threshold=909.50000000000011 285650.00000000006 148750.00000000003 121650.00000000001 59350.000000000007 54.000000000000007 0.90847371812574806 9.5000000000000018 0.26535448302543774 0.1856481742762007 0.082460517657381008 29050.000000000004 15050.000000000002 37650.000000000007
decision_type=2 2 2 2 2 2 2 2 2 2 2 2 2 2
left_child=1 2 3 4 5 -1 -7 8 9 10 11 12 -8 -13
right_child=-2 -3 -4 -5 -6 6 7 -9 -10 -11 -12 13 -14 -15
leaf_value=-0.00090295144123900067 -0.013589096546920063 0.01675546383856584 -0.010527189720005114 0.010080486028046055 -0.0040839005652061368 -0.0092978765605197678 0.00057595716912137412 -0.0066087821761290685 -0.0021719451937556012 0.028883559640820056 -0.0080039602037434779 -0.0092978765605197678 0.02628775963374216 0.0097567617129377185
leaf_weight=200.67589197400957 21.481718414463103 6.2515230979770413 26.26772103458643 12.885669136419891 111.23865970782936 16.097751046530902 7.6438417509198215 7.8863233197480431 11.01537592615932 7.8435072768479577 12.30866001639515 6.3319438416510847 17.2862294241786 22.223182151094079
leaf_count=4119 1068 145 705 286 2597 330 101 119 201 142 219 136 259 467
internal_value=-0.000652235 8.21251e-05 -0.000322457 0.000408985 -2.30797e-06 0.00150718 0.00580305 0.00877192 0.0104935 0.0124057 0.00854009 0.0127062 0.0198174 0.00446985
internal_weight=487.438 465.956 459.705 433.437 420.551 309.313 108.637 92.5391 84.6527 73.6374 65.7939 53.4852 24.9301 28.5551
internal_count=10894 9826 9681 8976 8690 6093 1974 1644 1525 1324 1182 963 360 603
is_linear=0
shrinkage=0.03


Tree=98
num_leaves=15
num_cat=3
split_feature=9 0 2 10 1 8 0 9 2 1 2 8 1 7
split_gain=3.97859 3.45121 3.27663 4.02915 4.73866 4.24622 3.92223 3.89233 3.74604 4.42166 5.01828 3.28876 2.83372 3.58157
threshold=0 936.50000000000011 56450.000000000007 1 23.500000000000004 0.93081421043685209 728.50000000000011 2 108150.00000000001 62.500000000000007 225250.00000000003 1.0209856936956176 184.50000000000003 12.500000000000002
decision_type=9 2 2 1 2 2 2 9 2 2 2 2 2 2
left_child=-1 2 3 12 11 -6 8 -7 -4 -10 -11 -5 13 -2
right_child=1 -3 6 4 5 7 -8 -9 9 10 -12 -13 -14 -15
leaf_value=0.0069949398312549897 0.0046927822048487182 -0.013704683019120137 -0.0046704498980131449 0.0040511804561790318 -0.011395367726084637 0.0040511804561790318 -0.011467082341810961 -0.0061930014040825349 0.014193157970248555 -0.011467082341810961 0.013246489857385791 0.02239700738492861 -0.0054278715176719495 0.019088260885731963
leaf_weight=53.374876377172768 61.10901933722198 12.870066681876777 77.789262859150767 22.058575607836257 37.135375893674791 66.750539039261639 37.226403379812837 41.432142128236592 21.422764498740435 15.897176947444679 6.4189473893493405 6.6307416446506968 10.948549880646167 18.601358912885189
leaf_count=936 1271 669 1351 382 879 1290 1792 958 346 310 120 111 242 293
internal_value=0.000262227 -0.00077237 -0.000241958 0.00179359 -0.00100794 -0.00331594 -0.00358665 -0.000161669 -0.000814965 0.00581768 -0.00334877 0.00914054 0.0063807 0.00898053
internal_weight=489.666 436.291 423.421 264.666 174.007 145.318 158.755 108.183 121.528 43.7389 22.3161 28.6893 90.6589 79.7104
internal_count=10950 10014 9345 5426 3620 3127 3919 2248 2127 776 430 493 1806 1564
cat_boundaries=0 1 2 3
cat_threshold=1152 39 2580
is_linear=0
shrinkage=0.03


Tree=99
num_leaves=15
num_cat=3
split_feature=9 1 3 8 6 1 4 4 6 4 9 6 10 4
split_gain=3.04654 3.44936 3.43821 3.49054 3.47675 3.31355 3.18958 2.7623 1.78173 1.65897 1.61891 2.40369 1.53556 2.47369
threshold=0 225.50000000000003 42.000000000000007 0.98868191401350392 2.5000000000000004 28.500000000000004 0.13212252387898182 1.0000000180025095e-35 3.5000000000000004 0.28936949575247456 1 8.5000000000000018 2 0.0048800527101260606
decision_type=9 2 2 2 2 2 2 2 2 2 9 2 1 2
left_child=1 12 7 4 5 -4 -3 8 -2 -9 -6 -12 13 -1
right_child=2 6 3 -5 10 -7 -8 9 -10 -11 11 -13 -14 -15
leaf_value=0.019002421689406516 0.0048093071182440765 -0.013034728640949041 0.0034340406575163501 0.0034340406575163501 0.0034340406575163501 -0.015546186858463944 0.0034458510986013825 -0.015811845713661388 -0.0082792938245287509 0.0021218975486619295 -0.014276053363921697 0.0034340406575163501 0.0034458510986013825 0.0034458510986013825
leaf_weight=15.421973997727035 16.576948344707493 18.86147433985025 6.6708439914509645 94.998594031669199 21.55598515458405 27.008065645582974 8.4715604176744801 29.001517184078693 11.61485828924924 4.1089266519993535 8.8917882582172734 4.3755522379651657 201.29448517411947 18.077099466696382
leaf_count=272 492 427 189 2293 469 842 198 795 262 114 218 78 3888 331
internal_value=1.95326e-05 0.00216098 -0.00245725 -0.000220579 -0.00517763 -0.0113812 -0.00703394 -0.00832683 -0.001018 -0.0135999 0.00149778 -0.00476692 0.00344585 0.0093294
internal_weight=486.93 262.127 224.803 163.501 68.5022 33.6789 27.333 61.3023 28.1918 33.1104 34.8233 13.2673 234.794 33.4991
internal_count=10868 5116 5752 4089 1796 1031 625 1663 754 909 765 296 4491 603
cat_boundaries=0 1 2 3
cat_threshold=5524 2561 20
is_linear=0
shrinkage=0.03


Tree=100
num_leaves=15
num_cat=2
split_feature=1 2 9 10 4 4 1 2 4 1 8 4 1 2
split_gain=5.98229 7.23668 4.0728 4.18612 3.28463 2.60579 2.08592 2.02268 1.88244 1.65763 1.64952 2.9524 1.51911 0.733933
threshold=13.500000000000002 24050.000000000004 0 1 0.20581816246140747 0.036875802674321979 33.500000000000007 11050.000000000002 0.080589497949536057 19.500000000000004 1.0288781231826014 0.20755290012785202 7.5000000000000009 148750.00000000003
decision_type=2 2 9 1 2 2 2 2 2 2 2 2 2 2
left_child=1 -1 7 4 -4 9 -6 -2 -7 -5 11 -10 -3 -9
right_child=2 12 3 5 6 8 -8 13 10 -11 -12 -13 -14 -15
leaf_value=0.027796808708594089 -0.0097232785424451688 0.012347995025933228 0.00082160596271354397 0.00082160596271354397 0.00082160596271354397 0.00082160596271354397 -0.015340673400485786 0.00082160596271354397 -0.018657164787762529 -0.013994022941235919 0.00082160596271354397 0.00082160596271354397 0.00082160596271354397 -0.0066721729715523174
leaf_weight=10.290474370121954 13.610003493726252 5.3160846978426362 54.543676042929292 3.6948278546333304 4.1477686539292362 14.685820579528807 13.682103168219326 254.80883202701807 11.727368158288305 52.108491261489689 4.9028320591896764 9.5547455847263318 17.036758983507752 20.31451122276485
leaf_count=126 232 111 1324 78 79 370 379 5162 346 1451 112 248 347 552
internal_value=0.000390147 0.0118879 -0.000549312 -0.00415168 0.000821606 -0.00790893 -0.0106406 0.000821606 -0.0024822 -0.0126533 -0.00757429 -0.0110213 0.000821606 0.000821606
internal_weight=490.424 32.6433 457.781 169.048 72.3735 96.6741 17.8299 288.733 40.8708 55.8033 26.1849 21.2821 22.3528 275.123
internal_count=10917 584 10333 4387 1782 2605 458 5946 1076 1529 706 594 458 5714
cat_boundaries=0 1 2
cat_threshold=3476 34
is_linear=0
shrinkage=0.03


Tree=101
num_leaves=15
num_cat=2
split_feature=1 3 9 6 0 8 4 0 9 7 0 4 4 6
split_gain=4.41876 3.66231 4.35108 3.66954 5.05059 3.84112 3.15536 4.38709 2.92121 4.34004 3.33918 3.07092 2.82067 2.82035
threshold=13.500000000000002 54.000000000000007 0 1.5000000000000002 802.50000000000011 0.98160059582247217 0.29940242946708467 462.50000000000006 1 3.5000000000000004 744.50000000000011 0.078890887207860264 0.38347122080069584 2.5000000000000004
decision_type=2 2 9 2 2 2 2 2 9 2 2 2 2 2
left_child=-1 6 -3 4 5 -4 7 -2 9 -9 11 13 -8 -10
right_child=1 2 3 -5 -6 -7 12 8 10 -11 -12 -13 -14 -15
leaf_value=0.010988178421891827 0.0088498431245187942 -0.0042806221443556737 -0.0045101067153067208 0.010612181229286503 -0.015385602231973397 0.0098770054116091976 0.010988178421891827 -0.0096366813462600096 0.0043759882481484141 0.0041077344831329824 -0.014702569273640935 -0.012112145809076864 -0.0084066151333802436 -0.0066494199394139955
leaf_weight=32.62111702375114 20.960455060005188 41.789943651296198 23.503714802674949 72.734467881731689 8.9891899228095991 38.040444437414408 19.512052919715646 23.754968884401023 40.675009518861771 68.62286873254925 34.51161490380764 25.200834169983864 4.2549992809072128 33.533884080126882
leaf_count=578 156 1006 509 1340 499 681 436 589 865 1451 1684 467 96 556
internal_value=0.00110568 0.000287349 0.00348925 0.00572609 0.00107666 0.00445653 -0.00192252 -0.00296523 -0.00422722 0.00023581 -0.00673559 -0.00404322 0.00755516 -0.000711469
internal_weight=488.706 456.084 185.058 143.268 70.5333 61.5442 271.027 247.26 226.299 92.3778 133.921 99.4097 23.7671 74.2089
internal_count=10913 10335 4035 3029 1689 1190 6300 5768 5612 2040 3572 1888 532 1421
cat_boundaries=0 1 2
cat_threshold=4362 389
is_linear=0
shrinkage=0.03


Tree=102
num_leaves=15
num_cat=3
split_feature=2 2 6 10 9 9 4 4 3 0 1 2 2 6
split_gain=3.17488 3.4065 5.09577 3.14842 9.54849 8.62381 6.03679 4.24515 7.83561 4.73726 3.91702 6.09116 6.74266 3.79924
threshold=173150.00000000003 121650.00000000001 3.5000000000000004 0 1 2 0.048293748610747096 0.0048800527101260606 42.000000000000007 763.50000000000011 22.500000000000004 16850.000000000004 31350.000000000004 4.5000000000000009
decision_type=2 2 2 1 9 9 2 2 2 2 2 2 2 2
left_child=1 3 -3 4 7 10 -6 -1 -9 -10 -5 -12 -13 -14
right_child=-2 2 -4 5 6 -7 -8 8 9 -11 11 12 13 -15
leaf_value=0.018556646703060585 -0.0090610705490068669 0.019216889449815748 -0.0074411473995656743 0.016625515834499456 0.0030528725441730025 -0.005667931724350159 -0.012287315908444493 -0.011528694606247177 0.018498796808604771 -0.0073855946124157029 -0.014323189054230662 0.016625515834499456 0.0039721915200751764 -0.011976686353268727
leaf_weight=35.419815835542977 25.631767298094928 14.976440673694016 6.3112195124849668 16.344722293317318 49.745516610331833 170.43952415790409 35.751670016907156 14.077586558647452 21.310595817863945 5.3786857025697818 12.037419393658636 21.020547050051391 46.433263630606234 13.200366331264375
leaf_count=653 717 368 154 285 1069 3985 835 303 307 197 227 383 1122 307
internal_value=0.000299219 0.000909397 0.0114014 0.000281017 0.00343314 -0.0016341 -0.00331947 0.0103105 0.00415414 0.0129401 0.00459427 0.0022007 0.00535899 -0.000211613
internal_weight=488.079 462.447 21.2877 441.16 161.684 279.476 85.4972 76.1867 40.7669 26.6893 109.036 92.6916 80.6542 59.6336
internal_count=10912 10195 522 9673 3364 6309 1904 1460 807 504 2324 2039 1812 1429
cat_boundaries=0 1 2 3
cat_threshold=22 4487 3728
is_linear=0
shrinkage=0.03


Tree=103
num_leaves=15
num_cat=2
split_feature=9 8 0 8 0 1 4 10 4 8 4 4 4 6
split_gain=5.8566 5.09001 4.29808 5.33891 3.28114 2.16349 2.09066 1.97422 2.2356 3.71272 2.49296 2.04066 1.47298 0.924483
threshold=0 1.0017613799415204 725.50000000000011 1.0103851166134905 766.50000000000011 66.500000000000014 0.12662447257383971 1 0.14424462854448714 1.0042538112399537 0.19509316950031461 0.0048800527101260606 0.041385019410824397 5.5000000000000009
decision_type=9 2 2 2 2 2 2 1 2 2 2 2 2 2
left_child=1 13 7 -4 -3 -5 -7 8 9 -2 -10 -11 -13 -1
right_child=2 4 3 5 -6 6 -8 -9 10 11 -12 12 -14 -15
leaf_value=-0.0069101812482824498 -0.004600935222033393 0.017169825055495309 -0.011962217704912992 0.00038290335576094162 -0.001376582571669713 -0.011962217704912992 0.00038290335576094162 0.00038290335576094162 0.021523179882649561 0.013493426052044176 0.00098268068312308381 0.00038290335576094162 0.0093346162594713771 -0.001376582571669713
leaf_weight=22.481698280200362 34.615017049014568 36.433816846460104 62.179740461520851 27.878108780831099 8.6218287022784335 18.078596835024658 6.8245078995823851 203.38353992067277 8.402705108746888 20.931856144219637 9.6484462004154903 6.3245672006160047 11.557849653065203 10.281407898291944
leaf_count=498 555 441 2921 968 276 732 270 3253 116 303 151 93 165 180
internal_value=-3.1834e-05 0.0067965 -0.00152186 -0.0063466 0.0136413 0.000382903 -0.00770254 0.000382903 0.00447204 0.00220991 0.0131388 0.0081158 0.000382903 -0.00137658
internal_weight=487.644 77.8188 409.825 114.961 45.0556 52.7812 24.9031 294.864 91.4804 73.4293 18.0512 38.8143 17.8824 32.7631
internal_count=10922 1395 9527 4891 717 1970 1002 4636 1383 1116 267 561 258 678
cat_boundaries=0 1 2
cat_threshold=1280 52
is_linear=0
shrinkage=0.03


Tree=104
num_leaves=15
num_cat=0
split_feature=2 0 2 4 1 1 7 2 8 7 4 4 6 8
split_gain=4.03135 5.51803 6.2725 4.65291 3.91638 3.13375 3.68118 7.0101 4.28705 3.52693 2.4524 2.44915 2.38348 1.72857
threshold=71650.000000000015 733.50000000000011 76650.000000000015 0.034257244057525719 42.500000000000007 7.5000000000000009 10.500000000000002 18350.000000000004 0.97474706182933069 13.500000000000002 0.19509316950031461 0.084430014430014452 5.5000000000000009 1.0222447143499778
decision_type=2 2 2 2 2 2 2 2 2 2 2 2 2 2
left_child=5 2 -2 4 -4 -1 12 9 -9 -8 13 -11 -7 -5
right_child=1 -3 3 10 -6 6 7 8 -10 11 -12 -13 -14 -15
leaf_value=0.017791547254065104 -0.015273714703805837 -0.015273714703805837 0.0076920410674133615 0.0068762578204578529 -0.010267811833026186 -0.00053111094686626964 -0.00053111094686626964 0.00039164739419274026 0.017791547254065104 0.016177067745534665 -0.001429859647473981 -0.00053111094686626964 -0.0091854193833482492 0.025467242875808958
leaf_weight=5.8594212625175706 13.783655431121586 26.327324351295829 13.107892455533145 17.342029450461272 23.821086592972279 238.6917858896777 35.106636326760054 16.097868337295949 33.720856406725943 14.454415604472162 9.7841772641986591 5.8508987091481677 23.659898596815765 6.0356972068548194
leaf_count=97 236 1333 208 308 450 5633 617 324 572 198 155 99 495 97
internal_value=0.000389078 -0.00452908 -0.000486907 0.00342114 -0.00373591 0.00188108 0.0013921 0.00599349 0.0136364 -0.000531111 0.0108364 0.0107585 -0.000531111 0.0153176
internal_weight=483.644 110.202 83.8745 70.0909 36.929 373.442 367.582 105.231 49.8187 55.412 33.1619 20.3053 262.352 23.3777
internal_count=10822 2787 1454 1218 658 8035 7938 1810 896 914 560 297 6128 405
is_linear=0
shrinkage=0.03


Tree=105
num_leaves=15
num_cat=3
split_feature=0 0 8 10 10 1 9 1 4 3 4 4 1 4
split_gain=3.85394 2.13948 2.32611 3.16427 1.74596 1.14725 0.946579 0.88014 0.482876 0.418122 2.71027 4.69093 0.466291 0.414732
threshold=909.50000000000011 428.50000000000006 1.0303084981901296 0 1 22.500000000000004 2 32.500000000000007 0.0036875412086978397 42.000000000000007 0.24405982271084042 0.0079052618422697177 99.500000000000014 0.03793226555020042
decision_type=2 2 2 1 1 2 9 2 2 2 2 2 2 2
left_child=1 13 4 -4 5 -3 7 -5 -2 10 11 12 -6 -1
right_child=8 2 3 6 9 -7 -8 -9 -10 -11 -12 -13 -14 -15
leaf_value=0.0077765319496176238 -0.0084927636171813429 -0.0012467979619048164 -0.0012467979619048164 0.0077765319496176238 -0.0012467979619048164 -0.0084927636171813429 0.0077765319496176238 -0.0012467979619048164 -0.016823179104176262 -0.0012467979619048164 -0.0012467979619048164 -0.016037578333748127 -0.0062467479186374807 0.013969384191968168
leaf_weight=13.722314290702345 10.13100354280323 11.734918885864316 23.139232874847949 4.0774796307086936 25.25513216573745 52.412281030789018 27.712297020480037 10.474784768186508 10.401302367448805 233.33152515534312 14.130873962305484 29.292561834678054 12.773453953675924 12.616835013031958
leaf_count=94 509 213 437 68 552 1263 538 224 549 5118 314 698 309 83
internal_value=-0.000414101 0.00019958 -0.000331101 0.00468596 -0.0012468 -0.0057573 0.00777653 -0.0012468 -0.011766 -0.0012468 -0.00433682 -0.00797356 -0.0012468 0.00777653
internal_weight=491.206 470.674 444.335 65.4038 378.931 64.1472 42.2646 14.5523 20.5323 314.784 81.452 67.3211 38.0286 26.3391
internal_count=10969 9911 9734 1267 8467 1476 830 292 1058 6991 1873 1559 861 177
cat_boundaries=0 1 2 3
cat_threshold=64 8 1051
is_linear=0
shrinkage=0.03


Tree=106
num_leaves=15
num_cat=3
split_feature=0 2 2 10 9 9 4 2 8 2 1 8 2 4
split_gain=3.94262 3.86446 5.66198 2.50282 5.94559 4.16051 5.50771 5.34727 3.70225 3.87517 3.59432 3.5433 2.9011 3.7406
threshold=909.50000000000011 11050.000000000002 11950.000000000002 0 1 2 0.24720159269863998 26550.000000000004 0.99020402288127018 19350.000000000004 13.500000000000002 0.93335290089032397 41350.000000000007 0.012095510069141632
decision_type=2 2 2 1 9 9 2 2 2 2 2 2 2 2
left_child=1 -1 -3 4 8 6 7 -5 -4 -10 -7 -9 13 -6
right_child=-2 2 3 5 12 10 -8 11 9 -11 -12 -13 -14 -15
leaf_value=-0.0088175903118380399 -0.010344655631229646 0.024769462085617894 0.0026327331151395207 0.012706224289832851 0.012511288437484681 0.010894341427512959 0.019163199560937431 -0.010344655631229646 0.0026327331151395207 0.019522788474787459 -0.0044588315762371178 0.0014511000662082321 -0.0067252618176801022 -0.0044354060552082176
leaf_weight=23.960728130303323 20.220726536586881 5.0989988334476939 31.736473087221384 24.111193700693548 18.305347043089569 10.337053056806324 14.301221509464083 18.353749841451645 6.7287391349673262 40.730923808179796 146.41713842470199 63.414504280313849 39.397924598306417 19.74030517693609
leaf_count=402 1043 85 645 406 334 179 287 504 99 702 3250 1438 1059 381
internal_value=0.00123403 0.0018453 0.00252053 0.00197947 0.00480608 0.000148085 0.00407815 0.00163614 0.00999674 0.0161064 -0.00295804 -0.00217221 -0.00126284 0.00422451
internal_weight=482.855 462.634 438.674 433.575 156.64 276.935 120.181 105.879 79.1961 47.4597 156.754 81.7683 77.4436 38.0457
internal_count=10814 9771 9369 9284 3220 6064 2635 2348 1446 801 3429 1942 1774 715
cat_boundaries=0 1 2 3
cat_threshold=23 6533 3736
is_linear=0
shrinkage=0.03


Tree=107
num_leaves=15
num_cat=3
split_feature=0 9 4 10 2 0 3 9 8 2 4 8 4 2
split_gain=4.46177 3.93205 4.73067 3.02556 2.79396 4.22169 2.16137 2.11033 5.8977 1.27451 1.62932 1.22381 2.68159 1.04073
threshold=569.50000000000011 0 0.1382756515312189 1 37050.000000000007 647.50000000000011 54.000000000000007 2 1.0103851166134905 68950.000000000015 0.16425429409300379 1.0280032948929161 0.0058997563522450404 17550.000000000004
decision_type=2 9 2 1 2 2 2 9 2 2 2 2 2 2
left_child=11 4 3 6 -2 -6 -3 -4 9 10 -9 -1 -13 -12
right_child=1 2 7 -5 5 -7 -8 8 -10 -11 13 12 -14 -15
leaf_value=0.0040887469470102201 0.0040887469470102201 0.0040887469470102201 0.0040887469470102201 -0.0076449846218488949 0.0040887469470102201 -0.010714581979603099 -0.0063688154820332942 0.0025675820483774068 0.0040887469470102201 0.00096800399504485093 5.0470636320456853e-05 0.019630598266593746 0.0040887469470102201 -0.019423063262786859
leaf_weight=119.95227036252618 36.148719594813883 27.253096238709986 21.452682858332992 161.86482262611389 10.821644209325312 24.581263506785035 16.294501632452011 3.1202663686126533 21.845406705513597 5.347419877536594 2.7808855567127493 10.243425488471987 13.460633553564547 15.395350362174211
leaf_count=1191 778 689 648 4817 166 874 357 81 484 149 64 94 120 439
internal_value=-0.000271969 -0.00211021 -0.0036676 -0.00605622 0.00372388 -0.00393211 0.00132927 0.00279416 -0.00211419 -0.0115309 -0.0142566 0.00408875 0.010514 -0.0170756
internal_weight=490.562 346.906 275.354 205.412 71.5516 35.4029 43.5476 69.942 48.4893 26.6439 21.2965 143.656 23.7041 18.1762
internal_count=10951 9546 7728 5863 1818 1040 1046 1865 1217 733 584 1405 214 503
cat_boundaries=0 1 2 3
cat_threshold=1664 6 2051
is_linear=0
shrinkage=0.03


Tree=108
num_leaves=15
num_cat=2
split_feature=9 2 2 2 7 7 4 6 4 4 8 2 6 9
split_gain=4.17004 3.63387 3.44047 3.30656 4.00011 2.97384 2.94605 2.46441 2.3857 9.29424 4.20201 3.80379 3.75635 3.24447
threshold=0 14650.000000000002 36250.000000000007 45450.000000000007 3.5000000000000004 2.5000000000000004 0.35488732368831361 6.5000000000000009 0.03793226555020042 0.0036875412086978397 1.0001747640685077 47550.000000000007 1.0000000180025095e-35 1
decision_type=9 2 2 2 2 2 2 2 2 2 2 2 2 9
left_child=1 -1 7 -4 -5 -2 8 -3 9 11 -10 12 -7 -13
right_child=5 2 3 4 -6 6 -8 -9 10 -11 -12 13 -14 -15
leaf_value=-0.0062150976010564097 -0.014095546525181458 0.023112112639449983 -0.0085779609087709395 -0.0063499731631310357 0.013713107104449958 0.015134549259999344 -0.011847765540860096 0.0040817988190857994 -0.0022856420480096163 -0.014095546525181458 0.0070839581905983899 0.00230100937632019 0.001686121851301757 -0.0082280600161843895
leaf_weight=12.20629442296922 8.9491546135395748 16.551792980171744 10.484597763977943 9.4152395790442807 24.157460520043969 20.547109052538872 13.041523039340971 12.128801215440033 71.155857056379318 31.234273832291365 97.183126238174736 45.644913137890399 75.555000121705234 38.117443258874118
leaf_count=198 244 285 211 227 464 504 293 187 1794 729 2089 1110 1431 1141
internal_value=0.000895535 0.00636917 0.0095642 0.00357697 0.00799278 -0.000471918 2.53363e-07 0.016865 0.000556273 -0.00155458 0.0031718 0.00121689 0.00516774 -0.00335175
internal_weight=486.373 84.9442 72.7379 44.0573 33.5727 401.428 392.479 28.6806 379.438 211.099 168.339 179.864 96.1021 83.7624
internal_count=10907 1572 1374 902 691 9335 9091 472 8798 4915 3883 4186 1935 2251
cat_boundaries=0 1 2
cat_threshold=1168 4644
is_linear=0
shrinkage=0.03


end of trees

feature_importances:
loan_amount=299
credit_score=282
balloon_pct=209
abn_age_months=176
lvr=155
industry=147
asset_age_at_end=69
asset_age_years=66
term_months=61
asset_category=56
condition=1

parameters:
[boosting: gbdt]
[objective: binary]
[metric: binary_logloss]
[tree_learner: serial]
[device_type: cpu]
[data_sample_strategy: bagging]
[data: ]
[valid: ]
[num_iterations: 2000]
[learning_rate: 0.03]
[num_leaves: 15]
[num_threads: 0]
[seed: 42]
[deterministic: 0]
[force_col_wise: 0]
[force_row_wise: 0]
[histogram_pool_size: -1]
[max_depth: -1]
[min_data_in_leaf: 80]
[min_sum_hessian_in_leaf: 0.001]
[bagging_fraction: 0.8]
[pos_bagging_fraction: 1]
[neg_bagging_fraction: 1]
[bagging_freq: 1]
[bagging_seed: 400]
[bagging_by_query: 0]
[feature_fraction: 0.8]
[feature_fraction_bynode: 1]
[feature_fraction_seed: 30056]
[extra_trees: 0]
[extra_seed: 12879]
[early_stopping_round: 0]
[early_stopping_min_delta: 0]
[first_metric_only: 0]
[max_delta_step: 0]
[lambda_l1: 0]
[lambda_l2: 5]
[linear_lambda: 0]
[min_gain_to_split: 0]
[drop_rate: 0.1]
[max_drop: 50]
[skip_drop: 0.5]
[xgboost_dart_mode: 0]
[uniform_drop: 0]
[drop_seed: 17869]
[top_rate: 0.2]
[other_rate: 0.1]
[min_data_per_group: 100]
[max_cat_threshold: 32]
[cat_l2: 10]
[cat_smooth: 10]
[max_cat_to_onehot: 4]
[top_k: 20]
[monotone_constraints: -1,-1,0,0,0,1,0,1,1,0,0,0]
[monotone_constraints_method: advanced]
[monotone_penalty: 0]
[feature_contri: ]
[forcedsplits_filename: ]
[refit_decay_rate: 0.9]
[cegb_tradeoff: 1]
[cegb_penalty_split: 0]
[cegb_penalty_feature_lazy: ]
[cegb_penalty_feature_coupled: ]
[path_smooth: 0]
[interaction_constraints: ]
[verbosity: -1]
[saved_feature_importance_type: 0]
[use_quantized_grad: 0]
[num_grad_quant_bins: 4]
[quant_train_renew_leaf: 0]
[stochastic_rounding: 1]
[linear_tree: 0]
[max_bin: 255]
[max_bin_by_feature: ]
[min_data_in_bin: 3]
[bin_construct_sample_cnt: 200000]
[data_random_seed: 175]
[is_enable_sparse: 1]
[enable_bundle: 1]
[use_missing: 1]
[zero_as_missing: 0]
[feature_pre_filter: 1]
[pre_partition: 0]
[two_round: 0]
[header: 0]
[label_column: ]
[weight_column: ]
[group_column: ]
[ignore_column: ]
[categorical_feature: 9,10,11]
[forcedbins_filename: ]
[precise_float_parser: 0]
[parser_config_file: ]
[objective_seed: 16083]
[num_class: 1]
[is_unbalance: 0]
[scale_pos_weight: 1]
[sigmoid: 1]
[boost_from_average: 1]
[reg_sqrt: 0]
[alpha: 0.9]
[fair_c: 1]
[poisson_max_delta_step: 0.7]
[tweedie_variance_power: 1.5]
[lambdarank_truncation_level: 30]
[lambdarank_norm: 1]
[label_gain: ]
[lambdarank_position_bias_regularization: 0]
[eval_at: ]
[multi_error_top_k: 1]
[auc_mu_weights: ]
[num_machines: 1]
[local_listen_port: 12400]
[time_out: 120]
[machine_list_filename: ]
[machines: ]
[gpu_platform_id: -1]
[gpu_device_id: -1]
[gpu_device_id_list: ]
[gpu_use_dp: 0]
[num_gpu: 1]

end of parameters

pandas_categorical:[["Admin & support services", "Agriculture", "Construction & trades", "Health care", "Hospitality", "Manufacturing", "Mining", "Other", "Other services", "Professional services", "Retail trade", "Transport & logistics", "Wholesale trade"], ["Agricultural machinery", "Car / SUV", "Earthmoving equipment", "Other equipment", "Trailer", "Truck", "Ute / van"], ["New", "Used"]]
